timestamp_ms,frames_decoded,frames_dropped,frames_received,framerate,jitter_buffer_delay_ms,video_width,video_height,total_decode_time_ms,total_bytes_received,bitrates,overall_avg_bitrates,decoder_implementation
209086232,0,0,0,0,0,0,0,0,0,0,0,unknown
209087234,8.16667,0,8.16667,28,39.2335,480,270,6.07533,259106,2.06871e+06,2.06871e+06,libvpx
209088236,37,0,37,27.2,142.807,480,270,32.2584,606656,2.77485e+06,2.42178e+06,libvpx
209089238,67,0,67,30,236.867,480,270,57.1568,916329,2.47244e+06,2.43867e+06,libvpx
209090239,95.6,0,95.6,28.6,334.083,480,270,80.1688,1232259,2.52492e+06,2.46021e+06,libvpx
209091240,121,0,121,25.4,405.742,480,270,99.6468,1557017,2.59547e+06,2.48725e+06,libvpx
209092242,151,0,151,30,468.185,480,270,121.989,1798752,1.93002e+06,2.39435e+06,libvpx
209093243,181,0,181,30,530.236,480,270,143.468,2018722,1.758e+06,2.30349e+06,libvpx
209094244,211,0,211,30,588.062,480,270,164.546,2249403,1.8436e+06,2.24603e+06,libvpx
209095247,241,0,241,30,663.674,480,270,189.517,2552027,2.41375e+06,2.26469e+06,libvpx
209096248,271,0,271,30,747.825,480,270,214.54,2835407,2.26478e+06,2.2647e+06,libvpx
209097250,301,0,301,30,835.33,480,270,239.892,3170183,2.67286e+06,2.30182e+06,libvpx
209098251,331,0,331,30,932.032,480,270,267.538,3515805,2.76221e+06,2.34016e+06,libvpx
209099253,361,0,361,30,1052.05,640,360,302.417,4002795,3.88814e+06,2.45929e+06,libvpx
209100254,391,0,391,30,1220.02,640,360,353.167,4732245,5.82977e+06,2.6999e+06,libvpx
209101256,421,0,421,30,1524.35,960,540,437.601,6236857,1.20129e+07,3.32101e+06,libvpx
209102258,451,0,451,30,1952.42,960,540,551.648,7546485,1.04561e+07,3.76712e+06,libvpx
209103259,480.8,0,480.8,29.8,2364.67,1280,720,677.221,9252496,1.36345e+07,4.34721e+06,libvpx
209104261,511,0,511,30,2845.65,1280,720,830.671,10778847,1.21864e+07,4.78289e+06,libvpx
209105262,540.4,0,540.4,29.4,3329.54,1920,1080,1019.78,12810265,1.62351e+07,5.38529e+06,libvpx
209106263,570,0,570,29.6,4188.95,1920,1080,1298.84,15893151,2.46384e+07,6.34742e+06,libvpx
209107263,600,0,600,30,5119.56,1920,1080,1613.24,19324335,2.74495e+07,7.3508e+06,libvpx
209108264,630,0,630,30,6081.98,1920,1080,1935.2,22941383,2.89075e+07,8.3302e+06,libvpx
209109265,658.8,0,658.8,28.8,7058.19,1920,1080,2242.53,26448580,2.80295e+07,9.18633e+06,libvpx
209110266,689.8,0,689.8,30.8,8040.98,1920,1080,2556.23,29626372,2.53969e+07,9.86149e+06,libvpx
209111268,720,0,720,30.2,9022.12,1920,1080,2853.01,32549422,2.33377e+07,1.04008e+07,libvpx
209112270,747.6,0,747.6,27.6,10011.5,1920,1080,3133.33,35546574,2.39294e+07,1.09214e+07,libvpx
209113271,780.2,0,780.2,32.6,10968.3,1920,1080,3447.42,38154321,2.08411e+07,1.12887e+07,libvpx
209114272,811,0,811,30.8,11745.5,1920,1080,3686.47,40479667,1.85842e+07,1.15491e+07,libvpx
209115273,840.8,0,840.8,29.8,12524.5,1920,1080,3927.62,42822699,1.87255e+07,1.17965e+07,libvpx
209116274,870.4,0,870.4,29.6,13342.2,1920,1080,4183.75,45437527,2.08977e+07,1.20997e+07,libvpx
209117276,900.8,0,900.8,30.2,14218.6,1920,1080,4451.51,48071000,2.10257e+07,1.23878e+07,libvpx
209118277,930.2,0,930.2,29.4,15088.6,1920,1080,4713.83,50538009,1.97164e+07,1.26168e+07,libvpx
209119280,960.8,0,960.8,30.6,16044.3,1920,1080,4983.77,53257203,2.16885e+07,1.28921e+07,libvpx
209120285,991,0,991,30,16925,1920,1080,5262.67,55920686,2.12019e+07,1.31373e+07,libvpx
209121286,1020.4,0,1020.4,29.4,17809.1,1920,1080,5586.64,58670714,2.19782e+07,1.33898e+07,libvpx
209122287,1051,0,1051,30.6,18682.3,1920,1080,5866.94,61198941,2.02056e+07,1.3579e+07,libvpx
209123288,1080.8,0,1080.8,29.8,19486.4,1920,1080,6121.09,63727514,2.02084e+07,1.37581e+07,libvpx
209124289,1111,0,1111,30.2,20324.5,1920,1080,6389.9,66283018,2.04236e+07,1.39334e+07,libvpx
209125290,1141,0,1141,30,21162.1,1920,1080,6646.85,68874162,2.07084e+07,1.41071e+07,libvpx
209126291,1170.8,0,1170.8,29.8,22019,1920,1080,6912.11,71497900,2.09689e+07,1.42785e+07,libvpx
209127294,1201.2,0,1201.2,30.4,22857.5,1920,1080,7176.39,74117667,2.08954e+07,1.44401e+07,libvpx
209128295,1230.8,0,1230.8,29.6,23725.4,1920,1080,7444.04,76884702,2.21142e+07,1.46228e+07,libvpx
209129296,1261.2,0,1261.2,30.2,24598.1,1920,1080,7720.97,79415298,2.02245e+07,1.4753e+07,libvpx
209130301,1291,0,1291,29.4,25420.1,1920,1080,8034.74,82078722,2.12014e+07,1.49e+07,libvpx
209131302,1321,0,1321,29.8,26288.6,1920,1080,8321.32,84880488,2.23917e+07,1.50664e+07,libvpx
209132305,1352,0,1352,30.6,27131.5,1920,1080,8598.87,87343950,1.96487e+07,1.51662e+07,libvpx
209133307,1381.6,0,1381.6,29.6,27964.1,1920,1080,8859.98,90053219,2.16309e+07,1.53038e+07,libvpx
209134308,1409.4,0,1409.4,27.8,28911,1920,1080,9120.76,92812648,2.20534e+07,1.54443e+07,libvpx
209135309,1441.6,0,1441.6,32.2,29872.6,1920,1080,9405.14,95106522,1.83327e+07,1.55032e+07,libvpx
209136310,1472,0,1472,30.2,30646.8,1920,1080,9642.34,97091523,1.58641e+07,1.55104e+07,libvpx
209137312,1502,0,1502,30,31401.3,1920,1080,9871.01,99091854,1.59707e+07,1.55195e+07,libvpx
209138313,1532,0,1532,30,32230.9,1920,1080,10108.2,101138846,1.63596e+07,1.55356e+07,libvpx
209139314,1561.8,0,1561.8,29.8,33119.3,1920,1080,10373,103378286,1.78976e+07,1.55802e+07,libvpx
209140315,1592,0,1592,30.2,33948.2,1920,1080,10623.9,105479872,1.67959e+07,1.56027e+07,libvpx
209141316,1622,0,1622,30,34782.4,1920,1080,10865.9,107640597,1.72685e+07,1.56329e+07,libvpx
209142317,1652.2,0,1652.2,30.2,35615.4,1920,1080,11099.8,109841174,1.7587e+07,1.56678e+07,libvpx
209143319,1682,0,1682,29.8,36435.8,1920,1080,11321.4,111981906,1.70917e+07,1.56928e+07,libvpx
209144320,1712.2,0,1712.2,30.2,37280.7,1920,1080,11553,114172357,1.75061e+07,1.57241e+07,libvpx
209145322,1742,0,1742,29.8,38115.2,1920,1080,11782,116358158,1.74515e+07,1.57533e+07,libvpx
209146323,1772,0,1772,30,38969,1920,1080,12022.3,118627983,1.81405e+07,1.57931e+07,libvpx
209147324,1802,0,1802,30,39767.2,1920,1080,12257.4,120670856,1.63267e+07,1.58019e+07,libvpx
209148325,1832,0,1832,30,40549.6,1920,1080,12499.8,122865853,1.75424e+07,1.58299e+07,libvpx
209149326,1860.8,0,1860.8,28.8,41486.9,1920,1080,12732.5,125051116,1.74646e+07,1.58558e+07,libvpx
209150327,1891.8,0,1891.8,31,42415.4,1920,1080,12973.7,126804598,1.40138e+07,1.58271e+07,libvpx
209151328,1923,0,1923,31,42962.6,1920,1080,13202.7,128394717,1.27082e+07,1.57791e+07,libvpx
209152330,1953,0,1953,30,43468.9,1920,1080,13425.4,129955628,1.24624e+07,1.57288e+07,libvpx
209153330,1982.2,0,1982.2,29.2,44052.6,1920,1080,13642.9,131661455,1.36466e+07,1.56978e+07,libvpx
209154331,2012.4,0,2012.4,30.2,44724.9,1920,1080,13872.6,133357661,1.35561e+07,1.56663e+07,libvpx
209155333,2043,0,2043,30.4,45348.1,1920,1080,14102.3,135095099,1.38718e+07,1.56403e+07,libvpx
209156333,2072.4,0,2072.4,29.4,45975.1,1920,1080,14312.4,136796614,1.36121e+07,1.56114e+07,libvpx
209157334,2102.6,0,2102.6,30,46574.9,1920,1080,14527.5,138506116,1.36624e+07,1.55839e+07,libvpx
209158335,2132.8,0,2132.8,30.2,47332.4,1920,1080,14742.8,140224528,1.37336e+07,1.55582e+07,libvpx
209159337,2163,0,2163,30,48029.9,1920,1080,14959.2,141986945,1.40712e+07,1.55379e+07,libvpx
209160339,2192.6,0,2192.6,29.6,48792.4,1920,1080,15174.2,143723645,1.38659e+07,1.55153e+07,libvpx
209161340,2222.8,0,2222.8,30,49535.9,1920,1080,15387.8,145468208,1.39426e+07,1.54943e+07,libvpx
209162341,2252.8,0,2252.8,29.8,50269.3,1920,1080,15595.2,147218151,1.39856e+07,1.54745e+07,libvpx
209163343,2283,0,2283,30,50884.7,1920,1080,15804.6,148914127,1.35407e+07,1.54493e+07,libvpx
209164344,2313,0,2313,30,51490.2,1920,1080,16024.1,150697314,1.42512e+07,1.5434e+07,libvpx
209165345,2343,0,2343,30,52164.3,1920,1080,16246.8,152444557,1.3964e+07,1.54154e+07,libvpx
209166346,2373,0,2373,30,52775.1,1920,1080,16461.4,154212925,1.41328e+07,1.53993e+07,libvpx
209167348,2402.8,0,2402.8,29.8,53520.6,1920,1080,16679.7,156052643,1.46884e+07,1.53906e+07,libvpx
209168349,2433,0,2433,30.2,54288.8,1920,1080,16904.6,157854063,1.4397e+07,1.53785e+07,libvpx
209169350,2463.2,0,2463.2,30,54969,1920,1080,17122.6,159532511,1.34142e+07,1.53548e+07,libvpx
209170352,2493.2,0,2493.2,29.6,55671.1,1920,1080,17348.8,161281809,1.39665e+07,1.53383e+07,libvpx
209171354,2523.2,0,2523.2,29.8,56316,1920,1080,17579.9,163018919,1.38691e+07,1.5321e+07,libvpx
209172355,2553.4,0,2553.4,30,57004.1,1920,1080,17793.6,164803763,1.42645e+07,1.53087e+07,libvpx
209173356,2583.4,0,2583.4,30,57672.7,1920,1080,18005.2,166652872,1.47781e+07,1.53026e+07,libvpx
209174357,2613,0,2613,29.6,58381.6,1920,1080,18217.4,168484762,1.46405e+07,1.52951e+07,libvpx
209175358,2644,0,2644,31,59150.4,1920,1080,18432.3,170260010,1.41878e+07,1.52826e+07,libvpx
209176360,2673.8,0,2673.8,29.8,59898.9,1920,1080,18646.1,172105803,1.47369e+07,1.52766e+07,libvpx
209177361,2703.2,0,2703.2,29.4,60684.6,1920,1080,18841.9,173939806,1.46574e+07,1.52698e+07,libvpx
209178362,2733.6,0,2733.6,30.4,61530.4,1920,1080,19058.1,175798948,1.48583e+07,1.52653e+07,libvpx
209179363,2764,0,2764,30.4,62281.8,1920,1080,19280.4,177654088,1.48263e+07,1.52606e+07,libvpx
209180364,2793.6,0,2793.6,29.6,63052,1920,1080,19501.4,179488768,1.46628e+07,1.52542e+07,libvpx
209181369,2823.6,0,2823.6,29.8,63840.2,1920,1080,19747.7,181297399,1.43971e+07,1.52452e+07,libvpx
209182370,2853.8,0,2853.8,30,64553.8,1920,1080,19982.9,183184702,1.50833e+07,1.52435e+07,libvpx
209183373,2883.4,0,2883.4,29.6,65367.1,1920,1080,20207.2,185121378,1.54471e+07,1.52456e+07,libvpx
209184375,2914,0,2914,30.6,66090.5,1920,1080,20433.5,186995702,1.49647e+07,1.52427e+07,libvpx
209185376,2944,0,2944,30,66834.9,1920,1080,20651,189000460,1.6022e+07,1.52506e+07,libvpx
209186377,2974,0,2974,30,67598.1,1920,1080,20874.6,191115631,1.69045e+07,1.52671e+07,libvpx
209187378,3004,0,3004,30,68411.1,1920,1080,21122,193530823,1.93022e+07,1.5307e+07,libvpx
209188381,3033.8,0,3033.8,29.8,69255.4,1920,1080,21378.1,196266531,2.18202e+07,1.5371e+07,libvpx
209189382,3063.6,0,3063.6,29.8,70110.6,1920,1080,21658.6,199149661,2.3042e+07,1.54454e+07,libvpx
209190384,3093.8,0,3093.8,30,70926.8,1920,1080,21927.9,201868750,2.17093e+07,1.55057e+07,libvpx
209191386,3117,0,3117,23.2,71886.7,1920,1080,22153.1,204003547,1.70443e+07,1.55204e+07,libvpx
209192387,3141.2,0,3141.2,24.2,72782.4,1920,1080,22355.4,205621459,1.29304e+07,1.54959e+07,libvpx
209193388,3173,0,3173,31.8,73180,1920,1080,22542.6,206366392,5.95351e+06,1.54068e+07,libvpx
209194390,3203,0,3203,30,73469.6,1920,1080,22726.4,207091329,5.78792e+06,1.53177e+07,libvpx
209195392,3233,0,3233,30,73819.8,1920,1080,22931.2,207935707,6.74154e+06,1.5239e+07,libvpx
209196393,3263,0,3263,30,74190.4,1920,1080,23121.7,208781499,6.75958e+06,1.51619e+07,libvpx
209197394,3293,0,3293,30,74443.9,1920,1080,23305.3,209668262,7.08702e+06,1.50892e+07,libvpx
209198395,3322.6,0,3322.6,29.6,74749.8,1920,1080,23499.3,210638812,7.75664e+06,1.50238e+07,libvpx
209199396,3353,0,3353,30.4,75112.9,1920,1080,23698.2,211480085,6.72346e+06,1.49503e+07,libvpx
209200398,3383,0,3383,30,75421.5,1920,1080,23905.7,212421273,7.51448e+06,1.48851e+07,libvpx
209201402,3412.8,0,3412.8,29.8,75849.3,1920,1080,24097.2,213406161,7.84771e+06,1.48237e+07,libvpx
209202403,3443,0,3443,30.2,76214.4,1920,1080,24284,214292852,7.08644e+06,1.47571e+07,libvpx
209203404,3473,0,3473,30,76468.4,1920,1080,24480.4,215187050,7.14644e+06,1.4692e+07,libvpx
209204405,3503,0,3503,30,76729.5,1920,1080,24683.1,216130741,7.54199e+06,1.46315e+07,libvpx
209205407,3532.8,0,3532.8,29.8,77043.9,1920,1080,24880.2,217086535,7.63109e+06,1.45726e+07,libvpx
209206409,3563.2,0,3563.2,30.4,77472.5,1920,1080,25084.7,218085298,7.97416e+06,1.45176e+07,libvpx
209207412,3593.4,0,3593.4,30,77889.8,1920,1080,25279.9,218988749,7.20599e+06,1.44571e+07,libvpx
209208413,3623.4,0,3623.4,29.6,78287.6,1920,1080,25474,219938946,7.59398e+06,1.44009e+07,libvpx
209209415,3653.6,0,3653.6,30.2,78635.8,1920,1080,25675.1,220914920,7.79221e+06,1.43471e+07,libvpx
209210417,3684,0,3684,30.4,79060.9,1920,1080,25863.4,221830376,7.30903e+06,1.42903e+07,libvpx
209211418,3714,0,3714,30,79393,1920,1080,26056.8,222804180,7.78265e+06,1.42383e+07,libvpx
209212420,3743.6,0,3743.6,29.6,79710.6,1920,1080,26254,223784116,7.82384e+06,1.41873e+07,libvpx
209213422,3773.8,0,3773.8,30.2,80157.9,1920,1080,26455.3,224824045,8.30283e+06,1.4141e+07,libvpx
209214423,3804,0,3804,30,80510.5,1920,1080,26643,225665656,6.72616e+06,1.40831e+07,libvpx
209215425,3833.8,0,3833.8,29.8,80906,1920,1080,26827.3,226691244,8.18833e+06,1.40374e+07,libvpx
209216427,3863.8,0,3863.8,29.8,81446.9,1920,1080,27013.7,227711127,8.14278e+06,1.3992e+07,libvpx
209217428,3894,0,3894,30.2,81798.9,1920,1080,27211.6,228727921,8.12623e+06,1.39472e+07,libvpx
209218430,3924,0,3924,30,82152.9,1920,1080,27411.7,229856165,9.00794e+06,1.39098e+07,libvpx
209219431,3954,0,3954,30,82511.2,1920,1080,27624.3,231048614,9.53006e+06,1.38769e+07,libvpx
209220432,3984,0,3984,30,82931.2,1920,1080,27836.1,232366417,1.05319e+07,1.38519e+07,libvpx
209221434,4013.8,0,4013.8,29.8,83454.1,1920,1080,28042.1,233817388,1.15846e+07,1.38351e+07,libvpx
209222435,4043.8,0,4043.8,30,84034.5,1920,1080,28271.8,235406029,1.26964e+07,1.38268e+07,libvpx
209223437,4073.8,0,4073.8,30,84612.1,1920,1080,28482.9,237026056,1.29343e+07,1.38203e+07,libvpx
209224438,4103.8,0,4103.8,30,85266.9,1920,1080,28702.1,238776415,1.39889e+07,1.38215e+07,libvpx
209225439,4134,0,4134,30.2,85935.5,1920,1080,28916,240501347,1.37857e+07,1.38212e+07,libvpx
209226440,4164,0,4164,30,86621.5,1920,1080,29129.3,242473646,1.57626e+07,1.38351e+07,libvpx
209227442,4194,0,4194,30,87428.9,1920,1080,29351.4,244713253,1.78811e+07,1.38638e+07,libvpx
209228443,4224,0,4224,30,88263.2,1920,1080,29577.3,247097159,1.90522e+07,1.39003e+07,libvpx
209229444,4253.6,0,4253.6,29.6,89147,1920,1080,29821.4,249691691,2.07355e+07,1.39481e+07,libvpx
209230445,4280.8,0,4280.8,27.2,90119.1,1920,1080,30094.4,252525920,2.26512e+07,1.40085e+07,libvpx
209231447,4313.8,0,4313.8,33,91072.2,1920,1080,30368.1,254651767,1.69728e+07,1.4029e+07,libvpx
209232448,4344,0,4344,30.2,91965.4,1920,1080,30604.7,256498722,1.47609e+07,1.4034e+07,libvpx
209233449,4374,0,4374,30,92701,1920,1080,30824.4,258248892,1.39874e+07,1.40336e+07,libvpx
209234450,4403.2,0,4403.2,29.2,93462.4,1920,1080,31042.3,260107037,1.48503e+07,1.40392e+07,libvpx
209235451,4434,0,4434,30.8,94354.3,1920,1080,31271.3,261913292,1.44356e+07,1.40418e+07,libvpx
209236452,4464.6,0,4464.6,30.6,94824.1,1920,1080,31499,263383365,1.17488e+07,1.40265e+07,libvpx
209237454,4494.8,0,4494.8,30.2,95343.5,1920,1080,31728.5,265028057,1.31313e+07,1.40206e+07,libvpx
209238456,4525,0,4525,30.2,95875.6,1920,1080,31958.5,266671581,1.31219e+07,1.40147e+07,libvpx
209239457,4554.8,0,4554.8,29.8,96302.1,1920,1080,32178,268282296,1.28728e+07,1.40072e+07,libvpx
209240458,4584.2,0,4584.2,29.4,96842.1,1920,1080,32388.9,270099180,1.45206e+07,1.40106e+07,libvpx
209241460,4614.4,0,4614.4,30.2,97611.3,1920,1080,32610.1,271944532,1.47333e+07,1.40152e+07,libvpx
209242461,4644.2,0,4644.2,29.8,98478.5,1920,1080,32818.5,273834812,1.51071e+07,1.40222e+07,libvpx
209243463,4674.4,0,4674.4,30.2,99220.7,1920,1080,33035,275642063,1.44291e+07,1.40248e+07,libvpx
209244464,4705,0,4705,30.2,99771.3,1920,1080,33248.4,277248525,1.28389e+07,1.40173e+07,libvpx
209245465,4734.2,0,4734.2,29.2,100394,1920,1080,33459.7,279095071,1.47576e+07,1.4022e+07,libvpx
209246467,4764.4,0,4764.4,30,101181,1920,1080,33690.2,280986600,1.5102e+07,1.40287e+07,libvpx
209247468,4794.8,0,4794.8,30.2,101890,1920,1080,33909.7,282810906,1.45799e+07,1.40321e+07,libvpx
209248469,4825,0,4825,30.2,102576,1920,1080,34130.7,284583019,1.41627e+07,1.4033e+07,libvpx
209249471,4855,0,4855,30,103089,1920,1080,34340.7,286203857,1.29408e+07,1.40262e+07,libvpx
209250472,4883.6,0,4883.6,28.6,103748,1920,1080,34557.5,288128956,1.53854e+07,1.40345e+07,libvpx
209251473,4914.6,0,4914.6,31,104652,1920,1080,34800.6,290079523,1.55889e+07,1.40439e+07,libvpx
209252475,4945,0,4945,30.4,105289,1920,1080,35020.1,291818099,1.38808e+07,1.4043e+07,libvpx
209253476,4975,0,4975,30,105945,1920,1080,35230.8,293546995,1.38174e+07,1.40416e+07,libvpx
209254477,5005,0,5005,30,106612,1920,1080,35454.5,295383244,1.46753e+07,1.40454e+07,libvpx
209255478,5034.8,0,5034.8,29.8,107343,1920,1080,35674.6,297309206,1.53923e+07,1.40534e+07,libvpx
209256479,5065,0,5065,30.2,108123,1920,1080,35910,299171890,1.48866e+07,1.40583e+07,libvpx
209257480,5095,0,5095,29.8,108765,1920,1080,36137.7,300986058,1.44988e+07,1.40608e+07,libvpx
209258481,5125,0,5125,29.8,109513,1920,1080,36371.1,303056758,1.65491e+07,1.40753e+07,libvpx
209259482,5155,0,5155,29.8,110291,1920,1080,36609.6,305347206,1.83053e+07,1.40997e+07,libvpx
209260483,5185,0,5185,30,111100,1920,1080,36863.1,307911587,2.04946e+07,1.41365e+07,libvpx
209261485,5215,0,5215,30,111939,1920,1080,37127.4,310596108,2.14333e+07,1.41782e+07,libvpx
209262486,5244.8,0,5244.8,29.8,112751,1920,1080,37394.1,313256020,2.1258e+07,1.42184e+07,libvpx
209263488,5274.8,0,5274.8,30,113627,1920,1080,37681.4,316600723,2.67042e+07,1.4289e+07,libvpx
209264489,5305,0,5305,30,114400,1920,1080,37955.7,319438963,2.26832e+07,1.43361e+07,libvpx
209265490,5334.8,0,5334.8,29.6,115209,1920,1080,38257,323041259,2.87896e+07,1.44168e+07,libvpx
209266492,5360.4,0,5360.4,25.4,116152,1920,1080,38548.2,325935563,2.31082e+07,1.44651e+07,libvpx
209267493,5390.2,0,5390.2,29.8,117073,1920,1080,38817.5,328188677,1.80069e+07,1.44847e+07,libvpx
209268495,5422,0,5422,31.8,117601,1920,1080,39044.1,329731693,1.23195e+07,1.44728e+07,libvpx
209269496,5451.8,0,5451.8,29.8,118086,1920,1080,39262.4,331116310,1.10659e+07,1.44542e+07,libvpx
209270497,5482,0,5482,30.2,118490,1920,1080,39476,332543051,1.14025e+07,1.44376e+07,libvpx
209271498,5511.8,0,5511.8,29.8,118900,1920,1080,39730,334012113,1.17408e+07,1.4423e+07,libvpx
209272499,5541.8,0,5541.8,30,119375,1920,1080,39977.4,335569726,1.24485e+07,1.44124e+07,libvpx
209273500,5571.8,0,5571.8,30,119876,1920,1080,40195.9,337144138,1.25827e+07,1.44026e+07,libvpx
209274501,5601.8,0,5601.8,30,120472,1920,1080,40414.7,338626476,1.18469e+07,1.4389e+07,libvpx
209275503,5632,0,5632,30.2,121041,1920,1080,40630.9,340171675,1.23369e+07,1.43782e+07,libvpx
209276504,5661.8,0,5661.8,29.8,121565,1920,1080,40848.1,341765220,1.27356e+07,1.43695e+07,libvpx
209277505,5692,0,5692,30,122053,1920,1080,41058.5,343232092,1.17233e+07,1.43557e+07,libvpx
209278507,5721.6,0,5721.6,29.6,122521,1920,1080,41263.1,344817923,1.26613e+07,1.43469e+07,libvpx
209279509,5752,0,5752,30.4,123034,1920,1080,41487.3,346344791,1.21906e+07,1.43357e+07,libvpx
209280511,5782,0,5782,30,123623,1920,1080,41722.4,347981224,1.30653e+07,1.43291e+07,libvpx
209281513,5812.2,0,5812.2,30.2,124189,1920,1080,41938.6,349387516,1.12279e+07,1.43132e+07,libvpx
209282514,5842.6,0,5842.6,30.2,124613,1920,1080,42158,350835734,1.15742e+07,1.42993e+07,libvpx
209283516,5871.6,0,5871.6,28.8,125271,1920,1080,42385.4,352576660,1.38996e+07,1.42972e+07,libvpx
209284517,5902.6,0,5902.6,30.8,125910,1920,1080,42617.7,354134117,1.24472e+07,1.42879e+07,libvpx
209285518,5932.8,0,5932.8,30.2,126390,1920,1080,42841.7,355694806,1.2473e+07,1.42788e+07,libvpx
209286520,5963,0,5963,30.2,126869,1920,1080,43070.8,357243326,1.23634e+07,1.42692e+07,libvpx
209287521,5992.2,0,5992.2,29.2,127490,1920,1080,43286.5,358850063,1.28411e+07,1.42621e+07,libvpx
209288522,6022.2,0,6022.2,29.8,128262,1920,1080,43521,360481025,1.30347e+07,1.4256e+07,libvpx
209289524,6053,0,6053,30.8,128940,1920,1080,43751.9,362101271,1.29361e+07,1.42495e+07,libvpx
209290526,6082.4,0,6082.4,29.4,129605,1920,1080,43962.7,363704901,1.28034e+07,1.42424e+07,libvpx
209291527,6112.6,0,6112.6,30.2,130364,1920,1080,44182.3,365321565,1.29204e+07,1.4236e+07,libvpx
209292527,6143,0,6143,30.4,130948,1920,1080,44396,366892111,1.25644e+07,1.42279e+07,libvpx
209293528,6173,0,6173,30,131467,1920,1080,44599.3,368393029,1.19953e+07,1.42171e+07,libvpx
209294529,6202.8,0,6202.8,29.8,132058,1920,1080,44792.2,369939416,1.23587e+07,1.42082e+07,libvpx
209295530,6232.8,0,6232.8,30,132805,1920,1080,44998.9,371645838,1.36377e+07,1.42054e+07,libvpx
209296531,6262.6,0,6262.6,29.8,133538,1920,1080,45208.1,373358385,1.36867e+07,1.4203e+07,libvpx
209297532,6293,0,6293,30.4,134257,1920,1080,45426.8,375066233,1.36491e+07,1.42003e+07,libvpx
209298533,6323,0,6323,30,134923,1920,1080,45639.7,376795060,1.38168e+07,1.41985e+07,libvpx
209299534,6352.8,0,6352.8,29.8,135561,1920,1080,45855.4,378425058,1.3027e+07,1.4193e+07,libvpx
209300535,6383,0,6383,30.2,136077,1920,1080,46075,380043428,1.2934e+07,1.41871e+07,libvpx
209301536,6412.8,0,6412.8,29.8,136671,1920,1080,46292.3,381782208,1.38963e+07,1.41858e+07,libvpx
209302538,6442.8,0,6442.8,30,137344,1920,1080,46517.5,383467163,1.34527e+07,1.41824e+07,libvpx
209303539,6473,0,6473,30.2,138046,1920,1080,46747.2,385094326,1.30043e+07,1.4177e+07,libvpx
209304540,6503,0,6503,30,138772,1920,1080,46971.2,387035253,1.55119e+07,1.41831e+07,libvpx
209305541,6533,0,6533,30,139512,1920,1080,47195.5,388838947,1.44151e+07,1.41841e+07,libvpx
209306543,6562.8,0,6562.8,29.8,140223,1920,1080,47413.3,390880680,1.63013e+07,1.41938e+07,libvpx
209307544,6592.8,0,6592.8,30,141069,1920,1080,47671.2,393305348,1.9378e+07,1.42172e+07,libvpx
209308546,6621.8,0,6621.8,29,141993,1920,1080,47928.3,395881249,2.05661e+07,1.42458e+07,libvpx
209309547,6651.6,0,6651.6,29.8,142981,1920,1080,48188.4,398645193,2.20895e+07,1.4281e+07,libvpx
209310548,6679,0,6679,27.4,143967,1920,1080,48441.7,401089697,1.95365e+07,1.43045e+07,libvpx
209311550,6711,0,6711,32,144917,1920,1080,48697.1,403319423,1.78022e+07,1.432e+07,libvpx
209312551,6743.4,0,6743.4,32.2,145577,1920,1080,48961.9,404921289,1.28021e+07,1.43133e+07,libvpx
209313552,6773,0,6773,29.6,146359,1920,1080,49190.8,406587546,1.33167e+07,1.43089e+07,libvpx
209314553,6803.4,0,6803.4,30.2,147212,1920,1080,49400.7,408163460,1.25947e+07,1.43014e+07,libvpx
209315554,6833.6,0,6833.6,30.2,147849,1920,1080,49593.6,409511859,1.07764e+07,1.4286e+07,libvpx
209316556,6864,0,6864,30.2,148320,1920,1080,49796.5,410846069,1.06524e+07,1.42702e+07,libvpx
209317558,6893.6,0,6893.6,29.6,148866,1920,1080,50006.6,412355821,1.20539e+07,1.42606e+07,libvpx
209318559,6924,0,6924,30.4,149560,1920,1080,50223.4,413800849,1.15487e+07,1.42489e+07,libvpx
209319561,6953.8,0,6953.8,29.8,150124,1920,1080,50420.6,415280253,1.18116e+07,1.42384e+07,libvpx
209320562,6984,0,6984,30.2,150731,1920,1080,50630,416746541,1.17186e+07,1.42277e+07,libvpx
209321563,7013.8,0,7013.8,29.8,151332,1920,1080,50843.3,418304355,1.24501e+07,1.42201e+07,libvpx
209322563,7043.6,0,7043.6,29.8,151948,1920,1080,51059.9,419901192,1.27747e+07,1.4214e+07,libvpx
209323564,7073.4,0,7073.4,29.8,152703,1920,1080,51276.1,421398579,1.19671e+07,1.42045e+07,libvpx
209324566,7103.8,0,7103.8,30.4,153383,1920,1080,51487.5,422817058,1.13252e+07,1.41924e+07,libvpx
209325567,7134,0,7134,30.2,153940,1920,1080,51690,424273447,1.16395e+07,1.41817e+07,libvpx
209326569,7164,0,7164,30,154446,1920,1080,51884.6,425738559,1.16975e+07,1.41714e+07,libvpx
209327570,7193.8,0,7193.8,29.8,155017,1920,1080,52086.5,427283888,1.23503e+07,1.41638e+07,libvpx
209328573,7223.8,0,7223.8,29.8,155609,1920,1080,52284.6,428809613,1.21693e+07,1.41556e+07,libvpx
209329575,7253.6,0,7253.6,29.8,156298,1920,1080,52503.6,430386755,1.2592e+07,1.41491e+07,libvpx
209330576,7283.8,0,7283.8,30.2,156982,1920,1080,52722.2,432005662,1.29383e+07,1.41442e+07,libvpx
209331577,7314,0,7314,30,157488,1920,1080,52934.3,433414070,1.1256e+07,1.41324e+07,libvpx
209332578,7344,0,7344,29.6,157960,1920,1080,53145.1,434973457,1.24626e+07,1.41256e+07,libvpx
209333581,7374.8,0,7374.8,30.4,158548,1920,1080,53366.4,436477065,1.19929e+07,1.4117e+07,libvpx
209334582,7404.4,0,7404.4,29.6,158999,1920,1080,53582.4,437971235,1.19414e+07,1.41082e+07,libvpx
209335584,7434.4,0,7434.4,29.6,159624,1920,1080,53823.6,439655553,1.34476e+07,1.41055e+07,libvpx
209336585,7465,0,7465,30.6,160253,1920,1080,54052.9,441143948,1.18953e+07,1.40967e+07,libvpx
209337587,7495,0,7495,30,160777,1920,1080,54273.9,442692421,1.23631e+07,1.40898e+07,libvpx
209338588,7524.8,0,7524.8,29.8,161196,1920,1080,54488.9,444205684,1.2094e+07,1.40819e+07,libvpx
209339589,7555,0,7555,30.2,161721,1920,1080,54710.5,445805180,1.27832e+07,1.40767e+07,libvpx
209340590,7584.6,0,7584.6,29.6,162276,1920,1080,54934.3,447425351,1.29484e+07,1.40723e+07,libvpx
209341592,7614.8,0,7614.8,30.2,162877,1920,1080,55165.5,448947023,1.21491e+07,1.40648e+07,libvpx
209342594,7644.6,0,7644.6,29.8,163346,1920,1080,55392.9,450538263,1.27045e+07,1.40594e+07,libvpx
209343595,7674.6,0,7674.6,30,163855,1920,1080,55615,452151399,1.28922e+07,1.40549e+07,libvpx
209344597,7705,0,7705,30.4,164408,1920,1080,55816.9,453690677,1.22896e+07,1.40481e+07,libvpx
209345598,7734.8,0,7734.8,29.8,164837,1920,1080,56028.4,455353137,1.32864e+07,1.40451e+07,libvpx
209346599,7764.6,0,7764.6,29.8,165382,1920,1080,56254.4,456913725,1.24722e+07,1.40391e+07,libvpx
209347601,7794.8,0,7794.8,30,165981,1920,1080,56479.7,458596520,1.34355e+07,1.40368e+07,libvpx
209348603,7824.8,0,7824.8,30,166573,1920,1080,56707.9,460130597,1.22481e+07,1.40299e+07,libvpx
209349604,7855,0,7855,30.2,166989,1920,1080,56920.7,461574514,1.15398e+07,1.40205e+07,libvpx
209350606,7884.4,0,7884.4,29.4,167595,1920,1080,57137.4,463375629,1.43802e+07,1.40218e+07,libvpx
209351607,7915,0,7915,30.6,168350,1920,1080,57360.6,465034737,1.32596e+07,1.40189e+07,libvpx
209352608,7945,0,7945,30,168948,1920,1080,57577.4,466829656,1.4345e+07,1.40202e+07,libvpx
209353609,7975,0,7975,30,169554,1920,1080,57802.2,468709282,1.5022e+07,1.40239e+07,libvpx
209354610,8005,0,8005,30,170246,1920,1080,58030.2,470696399,1.58811e+07,1.40308e+07,libvpx
209355611,8035,0,8035,30,171010,1920,1080,58275.2,473062236,1.89078e+07,1.4049e+07,libvpx
209356613,8065,0,8065,30,171797,1920,1080,58518.2,475324448,1.80616e+07,1.40638e+07,libvpx
209357614,8094.8,0,8094.8,29.8,172569,1920,1080,58771.3,477852194,2.02018e+07,1.40865e+07,libvpx
209358615,8125,0,8125,30,173409,1920,1080,59055.7,480735831,2.3046e+07,1.41194e+07,libvpx
209359616,8154.6,0,8154.6,29.6,174272,1920,1080,59336.6,483814193,2.46023e+07,1.41578e+07,libvpx
209360617,8185.2,0,8185.2,30.6,175117,1920,1080,59625.7,486523471,2.16526e+07,1.41851e+07,libvpx
209361619,8215.2,0,8215.2,30,175735,1920,1080,59860.7,488857572,1.86355e+07,1.42013e+07,libvpx
209362620,8244.8,0,8244.8,29.6,176548,1920,1080,60097.5,491386033,2.02075e+07,1.42231e+07,libvpx
209363622,8275.4,0,8275.4,30.4,177239,1920,1080,60336.7,494004407,2.09052e+07,1.42472e+07,libvpx
209364623,8305.2,0,8305.2,29.6,177911,1920,1080,60590.7,497046835,2.43151e+07,1.42834e+07,libvpx
209365624,8335,0,8335,29.8,178663,1920,1080,60863.7,500216209,2.53297e+07,1.4323e+07,libvpx
209366625,8361.4,0,8361.4,26.4,179587,1920,1080,61150,503588359,2.69502e+07,1.43681e+07,libvpx
209367627,8395,0,8395,33.4,180550,1920,1080,61468.7,506395000,2.24083e+07,1.43967e+07,libvpx
209368628,8424.8,0,8424.8,29.4,181442,1920,1080,61717.8,508935968,2.03074e+07,1.44177e+07,libvpx
209369630,8454.8,0,8454.8,30,182367,1920,1080,61991.1,511560440,2.09539e+07,1.44408e+07,libvpx
209370631,8484.6,0,8484.6,29.8,183294,1920,1080,62257.3,513882110,1.85548e+07,1.44552e+07,libvpx
209371633,8516,0,8516,31.4,184001,1920,1080,62502,516052704,1.73301e+07,1.44653e+07,libvpx
209372634,8546,0,8546,30,184673,1920,1080,62736.7,517890971,1.46914e+07,1.44661e+07,libvpx
209373635,8575.6,0,8575.6,29.6,185317,1920,1080,62958.5,519979249,1.66895e+07,1.44739e+07,libvpx
209374637,8605.4,0,8605.4,29.8,186140,1920,1080,63209.2,522393258,1.92735e+07,1.44905e+07,libvpx
209375638,8635.6,0,8635.6,30,186982,1920,1080,63455.7,524810625,1.93196e+07,1.45072e+07,libvpx
209376639,8666,0,8666,30.4,187852,1920,1080,63698.1,527176729,1.89099e+07,1.45224e+07,libvpx
209377641,8695.8,0,8695.8,29.8,188681,1920,1080,63929.2,529520004,1.87088e+07,1.45368e+07,libvpx
209378642,8725.8,0,8725.8,30,189518,1920,1080,64169,531869963,1.87809e+07,1.45513e+07,libvpx
209379643,8756,0,8756,30,190341,1920,1080,64412.7,534286303,1.93114e+07,1.45676e+07,libvpx
209380645,8785.8,0,8785.8,29.8,191224,1920,1080,64669.7,536854281,2.05028e+07,1.45878e+07,libvpx
209381646,8816,0,8816,30.2,192094,1920,1080,64926.6,539263678,1.92559e+07,1.46036e+07,libvpx
209382648,8846,0,8846,30,192901,1920,1080,65166.3,541534891,1.81334e+07,1.46155e+07,libvpx
209383649,8876,0,8876,30,193659,1920,1080,65396.4,543591426,1.64358e+07,1.46217e+07,libvpx
209384650,8905.6,0,8905.6,29.6,194485,1920,1080,65646.3,546158181,2.05135e+07,1.46414e+07,libvpx
209385651,8935.6,0,8935.6,30,195415,1920,1080,65912.5,548789017,2.10257e+07,1.46628e+07,libvpx
209386652,8966,0,8966,30.4,196292,1920,1080,66164.1,551216164,1.93978e+07,1.46785e+07,libvpx
209387653,8996,0,8996,30,197132,1920,1080,66411.7,553443270,1.7799e+07,1.46889e+07,libvpx
209388654,9026,0,9026,30,197947,1920,1080,66661.2,555934217,1.99077e+07,1.47062e+07,libvpx
209389655,9055.6,0,9055.6,29.6,198803,1920,1080,66916.3,558426609,1.99192e+07,1.47234e+07,libvpx
209390656,9086.2,0,9086.2,30.6,199715,1920,1080,67181.1,561007433,2.0626e+07,1.47428e+07,libvpx
209391657,9116.2,0,9116.2,30,200509,1920,1080,67441.2,563245956,1.78903e+07,1.47531e+07,libvpx
209392659,9146,0,9146,29.8,201342,1920,1080,67693.4,565621586,1.89671e+07,1.47669e+07,libvpx
209393660,9176,0,9176,30,202158,1920,1080,67931.8,568011215,1.90979e+07,1.4781e+07,libvpx
209394661,9206,0,9206,30,202986,1920,1080,68175.9,570427565,1.93115e+07,1.47957e+07,libvpx
209395662,9236,0,9236,30,203820,1920,1080,68425.9,572837536,1.92605e+07,1.48101e+07,libvpx
209396663,9266.6,0,9266.6,30.2,204644,1920,1080,68686.8,575220760,1.90467e+07,1.48238e+07,libvpx
209397664,9296.2,0,9296.2,29.6,205516,1920,1080,68943.7,577888052,2.1317e+07,1.48447e+07,libvpx
209398665,9326.8,0,9326.8,30.6,206322,1920,1080,69212.7,580025357,1.70814e+07,1.48518e+07,libvpx
209399666,9356.6,0,9356.6,29.8,207113,1920,1080,69530.3,582557961,2.02406e+07,1.4869e+07,libvpx
209400668,9386.4,0,9386.4,29.8,208005,1920,1080,69810.7,585153776,2.07251e+07,1.48877e+07,libvpx
209401669,9417,0,9417,30.6,208782,1920,1080,70064.1,587401748,1.79658e+07,1.48975e+07,libvpx
209402671,9446.6,0,9446.6,29.6,209549,1920,1080,70325.8,590305141,2.31808e+07,1.49237e+07,libvpx
209403672,9476.6,0,9476.6,30,210394,1920,1080,70621.1,593047527,2.19172e+07,1.49458e+07,libvpx
209404677,9507,0,9507,30,211162,1920,1080,70901.9,596181351,2.49459e+07,1.49773e+07,libvpx
209405678,9536.8,0,9536.8,29.8,211933,1920,1080,71183.6,599235442,2.44083e+07,1.50069e+07,libvpx
209406679,9566.6,0,9566.6,29.8,212800,1920,1080,71502.1,602801224,2.84978e+07,1.5049e+07,libvpx
209407680,9596.4,0,9596.4,29.8,213747,1920,1080,71842,606722703,3.13405e+07,1.50997e+07,libvpx
209408681,9623,0,9623,26.6,214735,1920,1080,72148.9,610332607,2.88504e+07,1.51424e+07,libvpx
209409682,9656,0,9656,33,215712,1920,1080,72467.8,613185304,2.27988e+07,1.51661e+07,libvpx
209410684,9687,0,9687,30.8,216569,1920,1080,72715.9,615353543,1.73113e+07,1.51727e+07,libvpx
209411685,9716.8,0,9716.8,29.8,217466,1920,1080,72952.1,617528907,1.73855e+07,1.51796e+07,libvpx
209412686,9747.2,0,9747.2,30.4,218322,1920,1080,73181.6,619690240,1.72734e+07,1.5186e+07,libvpx
209413687,9777,0,9777,29.8,219169,1920,1080,73418.4,621778626,1.66904e+07,1.51906e+07,libvpx
209414689,9807,0,9807,30,219994,1920,1080,73647.7,623884553,1.68138e+07,1.51955e+07,libvpx
209415690,9837.2,0,9837.2,30.2,220821,1920,1080,73886,625876816,1.59222e+07,1.51977e+07,libvpx
209416691,9867.8,0,9867.8,30.6,221386,1920,1080,74106.7,627552504,1.33921e+07,1.51923e+07,libvpx
209417693,9896.8,0,9896.8,28.8,222082,1920,1080,74331.6,629814332,1.80585e+07,1.52009e+07,libvpx
209418694,9927,0,9927,30.2,223015,1920,1080,74591.9,632048937,1.7859e+07,1.52089e+07,libvpx
209419695,9957.4,0,9957.4,30.4,223877,1920,1080,74849.4,634172402,1.69707e+07,1.52142e+07,libvpx
209420697,9988,0,9988,30.2,224695,1920,1080,75090.4,636281646,1.68403e+07,1.52191e+07,libvpx
209421698,10018,0,10018,30,225459,1920,1080,75314.2,638276571,1.59435e+07,1.52213e+07,libvpx
209422699,10047.2,0,10047.2,29.2,226227,1920,1080,75544.4,640457114,1.74269e+07,1.52278e+07,libvpx
209423702,10078,0,10078,30.8,227051,1920,1080,75791,642495072,1.62549e+07,1.52309e+07,libvpx
209424703,10108,0,10108,30,227874,1920,1080,76021.5,644643786,1.71725e+07,1.52366e+07,libvpx
209425704,10138,0,10138,30,228698,1920,1080,76254.4,646756956,1.68885e+07,1.52415e+07,libvpx
209426705,10168,0,10168,30,229504,1920,1080,76485.7,648816640,1.6461e+07,1.52451e+07,libvpx
209427708,10198,0,10198,30,230258,1920,1080,76719.9,650926157,1.68257e+07,1.52497e+07,libvpx
209428709,10228,0,10228,30,231083,1920,1080,76949.5,653100812,1.73799e+07,1.52559e+07,libvpx
209429711,10258,0,10258,30,231934,1920,1080,77177.8,655301206,1.7568e+07,1.52627e+07,libvpx
209430713,10288.2,0,10288.2,30.2,232772,1920,1080,77403.4,657468295,1.73021e+07,1.52686e+07,libvpx
209431714,10318.2,0,10318.2,30,233613,1920,1080,77643.6,659645975,1.7404e+07,1.52748e+07,libvpx
209432716,10348,0,10348,29.8,234412,1920,1080,77886,661809629,1.72747e+07,1.52806e+07,libvpx
209433717,10378,0,10378,30,235271,1920,1080,78136.6,664117288,1.84428e+07,1.52897e+07,libvpx
209434718,10408,0,10408,30,236129,1920,1080,78381.5,666288637,1.73534e+07,1.52956e+07,libvpx
209435720,10437.8,0,10437.8,29.8,236984,1920,1080,78617.3,668581752,1.83083e+07,1.53043e+07,libvpx
209436721,10468,0,10468,30.2,237868,1920,1080,78862.2,670845042,1.80882e+07,1.53122e+07,libvpx
209437722,10498.6,0,10498.6,30.6,238654,1920,1080,79109.6,672833552,1.58922e+07,1.53139e+07,libvpx
209438723,10528.2,0,10528.2,29.6,239364,1920,1080,79338.6,674975154,1.71157e+07,1.5319e+07,libvpx
209439725,10558,0,10558,29.8,240179,1920,1080,79589.7,677101714,1.69785e+07,1.53237e+07,libvpx
209440727,10588.4,0,10588.4,30.2,240967,1920,1080,79823.5,679171837,1.65279e+07,1.53271e+07,libvpx
209441728,10618.6,0,10618.6,30,241814,1920,1080,80070.4,681422339,1.7986e+07,1.53346e+07,libvpx
209442730,10648.8,0,10648.8,30.2,242657,1920,1080,80311.2,683682563,1.80457e+07,1.53422e+07,libvpx
209443731,10679,0,10679,30,243496,1920,1080,80546.2,685972101,1.8298e+07,1.53505e+07,libvpx
209444732,10709,0,10709,30,244336,1920,1080,80776.5,688218880,1.79563e+07,1.53577e+07,libvpx
209445733,10739,0,10739,30,245151,1920,1080,81005.1,690351540,1.70442e+07,1.53624e+07,libvpx
209446738,10768.2,0,10768.2,29.2,245975,1920,1080,81235.1,692670536,1.84597e+07,1.53711e+07,libvpx
209447740,10799,0,10799,30.6,246858,1920,1080,81490.7,695019653,1.87554e+07,1.53805e+07,libvpx
209448741,10829,0,10829,30,247713,1920,1080,81730.3,697358734,1.8694e+07,1.53896e+07,libvpx
209449742,10859,0,10859,30,248549,1920,1080,81964.2,699591536,1.78446e+07,1.53964e+07,libvpx
209450743,10889,0,10889,30,249350,1920,1080,82188.3,701560966,1.57397e+07,1.53973e+07,libvpx
209451745,10918.8,0,10918.8,29.8,250104,1920,1080,82431.7,703907630,1.87358e+07,1.54065e+07,libvpx
209452746,10948.6,0,10948.6,29.8,251033,1920,1080,82727.4,706409433,1.99944e+07,1.5419e+07,libvpx
209453747,10979,0,10979,30.4,251870,1920,1080,82972.6,708804890,1.91445e+07,1.54291e+07,libvpx
209454748,11009,0,11009,30,252655,1920,1080,83219,711259345,1.9616e+07,1.54405e+07,libvpx
209455750,11039,0,11039,30,253510,1920,1080,83489.1,714123762,2.28696e+07,1.54607e+07,libvpx
209456751,11068.6,0,11068.6,29.6,254328,1920,1080,83758,717005610,2.30318e+07,1.54811e+07,libvpx
209457752,11094.4,0,11094.4,25.8,255278,1920,1080,84032.3,720263414,2.60364e+07,1.55095e+07,libvpx
209458753,11123.2,0,11123.2,28.8,256264,1920,1080,84337.2,723194860,2.34281e+07,1.55308e+07,libvpx
209459754,11157.2,0,11157.2,34,257241,1920,1080,84620.1,725353164,1.72492e+07,1.55354e+07,libvpx
209460756,11190,0,11190,32.8,257899,1920,1080,84864.7,727137353,1.4245e+07,1.5532e+07,libvpx
209461757,11219.4,0,11219.4,29.4,258506,1920,1080,85097,728997972,1.48701e+07,1.55302e+07,libvpx
209462758,11249.4,0,11249.4,30,259284,1920,1080,85322.6,730985604,1.58852e+07,1.55312e+07,libvpx
209463759,11279.2,0,11279.2,29.4,260058,1920,1080,85549.6,733010851,1.61858e+07,1.55329e+07,libvpx
209464760,11309,0,11309,29.8,260925,1920,1080,85793.7,735228218,1.77212e+07,1.55387e+07,libvpx
209465761,11339.2,0,11339.2,30.2,261711,1920,1080,86034.7,737169312,1.55132e+07,1.55386e+07,libvpx
209466763,11369.2,0,11369.2,29.8,262505,1920,1080,86278.9,739284113,1.68846e+07,1.55422e+07,libvpx
209467764,11399.4,0,11399.4,30.2,263383,1920,1080,86531,741375780,1.67166e+07,1.55452e+07,libvpx
209468765,11429.6,0,11429.6,30,264124,1920,1080,86768.1,743366228,1.59077e+07,1.55462e+07,libvpx
209469766,11459.8,0,11459.8,30.2,264952,1920,1080,87013.2,745562342,1.75514e+07,1.55514e+07,libvpx
209470767,11489.4,0,11489.4,29.6,265761,1920,1080,87261.3,747505837,1.55324e+07,1.55514e+07,libvpx
209471769,11519.8,0,11519.8,30,266572,1920,1080,87499.4,749628740,1.69493e+07,1.5555e+07,libvpx
209472770,11550,0,11550,30.2,267370,1920,1080,87733,751616057,1.58827e+07,1.55559e+07,libvpx
209473771,11580,0,11580,30,268200,1920,1080,87961.2,753759679,1.71318e+07,1.55599e+07,libvpx
209474772,11609.6,0,11609.6,29.6,269031,1920,1080,88194.3,755939676,1.74226e+07,1.55647e+07,libvpx
209475774,11639.8,0,11639.8,30.2,269894,1920,1080,88451.6,758031345,1.67e+07,1.55676e+07,libvpx
209476776,11670,0,11670,30,270715,1920,1080,88690.8,760169839,1.70738e+07,1.55715e+07,libvpx
209477777,11700,0,11700,30,271553,1920,1080,88934.5,762302750,1.70462e+07,1.55753e+07,libvpx
209478780,11730,0,11730,30,272390,1920,1080,89162.4,764394900,1.66871e+07,1.55781e+07,libvpx
209479781,11760,0,11760,30,273217,1920,1080,89380.6,766555214,1.72652e+07,1.55824e+07,libvpx
209480783,11790,0,11790,30,274073,1920,1080,89610.2,768701684,1.71375e+07,1.55864e+07,libvpx
209481784,11820,0,11820,30,274927,1920,1080,89848.2,770877090,1.73859e+07,1.55909e+07,libvpx
209482785,11850.4,0,11850.4,30.4,275775,1920,1080,90089.2,772985078,1.68471e+07,1.55941e+07,libvpx
209483786,11880.4,0,11880.4,30,276506,1920,1080,90312.1,774817308,1.46432e+07,1.55917e+07,libvpx
209484788,11909.8,0,11909.8,29.4,277262,1920,1080,90539.8,777155163,1.86655e+07,1.55994e+07,libvpx
209485789,11940,0,11940,30,278176,1920,1080,90780.9,779364369,1.7656e+07,1.56046e+07,libvpx
209486790,11970,0,11970,30,279053,1920,1080,91021.1,781547795,1.745e+07,1.56092e+07,libvpx
209487793,12000.2,0,12000.2,30,279907,1920,1080,91265.6,783685913,1.70538e+07,1.56128e+07,libvpx
209488795,12030,0,12030,29.8,280797,1920,1080,91505.5,785883600,1.75464e+07,1.56176e+07,libvpx
209489797,12060.6,0,12060.6,30,281680,1920,1080,91755.6,788102359,1.77146e+07,1.56228e+07,libvpx
209490798,12090.4,0,12090.4,29.6,282523,1920,1080,91994.1,790264856,1.72827e+07,1.56269e+07,libvpx
209491800,12120.6,0,12120.6,30,283390,1920,1080,92237.2,792481198,1.76953e+07,1.5632e+07,libvpx
209492801,12151,0,12151,30.4,284234,1920,1080,92475.9,794680469,1.75766e+07,1.56368e+07,libvpx
209493808,12181,0,12181,30,285071,1920,1080,92713,796779096,1.66723e+07,1.56394e+07,libvpx
209495007,12214,0,12214,30,285928,1920,1080,92961.3,799268809,1.66119e+07,1.56422e+07,libvpx
209496009,12247,0,12247,30,286872,1920,1080,93215.2,801554406,1.82483e+07,1.56486e+07,libvpx
209497010,12277,0,12277,30,287717,1920,1080,93443.2,803828236,1.81725e+07,1.56547e+07,libvpx
209498011,12307.2,0,12307.2,30.2,288571,1920,1080,93679,806035002,1.76365e+07,1.56596e+07,libvpx
209499012,12336.8,0,12336.8,29.6,289460,1920,1080,93922.4,808300763,1.8108e+07,1.56655e+07,libvpx
209500014,12367,0,12367,30.2,290316,1920,1080,94164.8,810531916,1.78136e+07,1.56707e+07,libvpx
209501015,12397,0,12397,30,291205,1920,1080,94426.7,812870258,1.8688e+07,1.5678e+07,libvpx
209502017,12427,0,12427,30,292036,1920,1080,94663.1,815068754,1.75529e+07,1.56825e+07,libvpx
209503018,12457,0,12457,30,292882,1920,1080,94902.6,817425094,1.88319e+07,1.56901e+07,libvpx
209504019,12487,0,12487,30,293735,1920,1080,95148.6,819695197,1.81427e+07,1.56959e+07,libvpx
209505020,12517.2,0,12517.2,30.2,294565,1920,1080,95395.6,821889322,1.75355e+07,1.57003e+07,libvpx
209506022,12547,0,12547,29.8,295408,1920,1080,95643.2,824448911,2.04358e+07,1.57116e+07,libvpx
209507023,12577.4,0,12577.4,30.4,296171,1920,1080,95902.5,826826575,1.90023e+07,1.57195e+07,libvpx
209508025,12607,0,12607,29.6,296941,1920,1080,96161.7,829772998,2.35243e+07,1.5738e+07,libvpx
209509026,12637.6,0,12637.6,30.6,297729,1920,1080,96430,832408339,2.10617e+07,1.57506e+07,libvpx
209510028,12667.4,0,12667.4,29.6,298456,1920,1080,96679.3,835428108,2.41099e+07,1.57704e+07,libvpx
209511029,12697.4,0,12697.4,29.8,299250,1920,1080,96971.4,838782355,2.68072e+07,1.57964e+07,libvpx
209512030,12727,0,12727,29.6,300142,1920,1080,97268.2,842217723,2.74555e+07,1.58238e+07,libvpx
209513033,12757.8,0,12757.8,30.8,300991,1920,1080,97557.3,845424944,2.5581e+07,1.58467e+07,libvpx
209514036,12787.6,0,12787.6,29.6,301808,1920,1080,97829.7,848660778,2.58092e+07,1.58701e+07,libvpx
209515039,12815.8,0,12815.8,28,302732,1920,1080,98122.3,851992446,2.65736e+07,1.58951e+07,libvpx
209516040,12841.4,0,12841.4,25.6,303711,1920,1080,98414.6,855815548,3.05543e+07,1.59293e+07,libvpx
209517042,12872.6,0,12872.6,31.2,304716,1920,1080,98710,859019416,2.55798e+07,1.59517e+07,libvpx
209518043,12907,0,12907,34.4,305693,1920,1080,99004.9,861984037,2.36933e+07,1.59697e+07,libvpx
209519045,12937.8,0,12937.8,30.8,306605,1920,1080,99284.9,864667487,2.14248e+07,1.59823e+07,libvpx
209520046,12967.6,0,12967.6,29.8,307479,1920,1080,99549.2,867236892,2.05347e+07,1.59928e+07,libvpx
209521047,12998,0,12998,30.4,308330,1920,1080,99805.1,869732851,1.99477e+07,1.60019e+07,libvpx
209522050,13027.6,0,13027.6,29.6,309254,1920,1080,100059,872251901,2.00921e+07,1.60113e+07,libvpx
209523051,13058,0,13058,30.4,310098,1920,1080,100317,874753883,1.99959e+07,1.60204e+07,libvpx
209524052,13087.8,0,13087.8,29.8,310989,1920,1080,100580,877401256,2.11578e+07,1.60322e+07,libvpx
209525053,13118,0,13118,30.2,311863,1920,1080,100845,879975476,2.05732e+07,1.60425e+07,libvpx
209526055,13148.2,0,13148.2,30,312613,1920,1080,101098,882248477,1.81477e+07,1.60473e+07,libvpx
209527056,13178,0,13178,29.8,313396,1920,1080,101339,884754204,2.00258e+07,1.60564e+07,libvpx
209528057,13208,0,13208,30,314183,1920,1080,101588,887209230,1.96206e+07,1.60644e+07,libvpx
209529058,13238,0,13238,30,315041,1920,1080,101852,889761279,2.0396e+07,1.60742e+07,libvpx
209530059,13268.2,0,13268.2,30.2,315933,1920,1080,102110,892319526,2.04455e+07,1.60841e+07,libvpx
209531061,13296.8,0,13296.8,28.4,316770,1920,1080,102366,894430158,1.68514e+07,1.60858e+07,libvpx
209532062,13325.8,0,13325.8,28.8,317748,1920,1080,102636,897322454,2.31153e+07,1.61016e+07,libvpx
209533064,13358.2,0,13358.2,32.4,318678,1920,1080,102921,899470981,1.71539e+07,1.6104e+07,libvpx
209534065,13389,0,13389,30.8,319462,1920,1080,103151,901493861,1.61669e+07,1.61041e+07,libvpx
209535066,13418.8,0,13418.8,29.8,320246,1920,1080,103373,903449974,1.56333e+07,1.61031e+07,libvpx
209536068,13449,0,13449,30.2,320895,1920,1080,103597,905463185,1.60735e+07,1.6103e+07,libvpx
209537070,13478.6,0,13478.6,29.6,321716,1920,1080,103835,907608196,1.71258e+07,1.61053e+07,libvpx
209538071,13509,0,13509,30.4,322517,1920,1080,104082,909617026,1.60546e+07,1.61052e+07,libvpx
209539073,13539,0,13539,30,323317,1920,1080,104319,911749882,1.70288e+07,1.61072e+07,libvpx
209540074,13569,0,13569,30,324147,1920,1080,104552,913785504,1.62687e+07,1.61076e+07,libvpx
209541076,13599,0,13599,30,325006,1920,1080,104785,915934256,1.71557e+07,1.61099e+07,libvpx
209542077,13628.8,0,13628.8,29.8,325875,1920,1080,105030,918169437,1.78636e+07,1.61137e+07,libvpx
209543080,13659.2,0,13659.2,30.4,326744,1920,1080,105286,920247527,1.6575e+07,1.61147e+07,libvpx
209544081,13689,0,13689,29.8,327542,1920,1080,105557,922398555,1.7191e+07,1.61171e+07,libvpx
209545082,13719,0,13719,30,328342,1920,1080,105795,924497112,1.67717e+07,1.61185e+07,libvpx
209546084,13749,0,13749,30,329183,1920,1080,106018,926618752,1.69392e+07,1.61203e+07,libvpx
209547085,13779.2,0,13779.2,30.2,329972,1920,1080,106243,928805737,1.74784e+07,1.61232e+07,libvpx
209548087,13809,0,13809,29.8,330803,1920,1080,106476,930928758,1.69503e+07,1.6125e+07,libvpx
209549089,13839.2,0,13839.2,30.2,331642,1920,1080,106717,933169977,1.7894e+07,1.61289e+07,libvpx
209550090,13869.4,0,13869.4,30.2,332498,1920,1080,106963,935243350,1.65704e+07,1.61298e+07,libvpx
209551092,13899.6,0,13899.6,30.2,333178,1920,1080,107185,937111628,1.49164e+07,1.61272e+07,libvpx
209552093,13928.8,0,13928.8,29.2,333983,1920,1080,107414,939496784,1.90622e+07,1.61335e+07,libvpx
209553094,13959.2,0,13959.2,30.4,334907,1920,1080,107664,941707294,1.76664e+07,1.61368e+07,libvpx
209554096,13989.8,0,13989.8,30.6,335763,1920,1080,107907,943863443,1.72148e+07,1.61391e+07,libvpx
209555097,14020,0,14020,30,336620,1920,1080,108163,946041001,1.74031e+07,1.61418e+07,libvpx
209556099,14050,0,14050,30,337479,1920,1080,108408,948257217,1.76943e+07,1.61451e+07,libvpx
209557100,14079.6,0,14079.6,29.6,338341,1920,1080,108651,950472278,1.77028e+07,1.61484e+07,libvpx
209558102,14109.6,0,14109.6,30,339281,1920,1080,108894,952693928,1.77377e+07,1.61518e+07,libvpx
209559103,14140,0,14140,30.4,340148,1920,1080,109142,954947534,1.80108e+07,1.61557e+07,libvpx
209560105,14170,0,14170,30,340973,1920,1080,109385,957120580,1.73497e+07,1.61583e+07,libvpx
209561106,14200,0,14200,30,341808,1920,1080,109635,959214137,1.67317e+07,1.61595e+07,libvpx
209562107,14230,0,14230,30,342544,1920,1080,109870,961321057,1.68385e+07,1.61609e+07,libvpx
209563109,14260,0,14260,30,343371,1920,1080,110103,963577777,1.80177e+07,1.61648e+07,libvpx
209564110,14290,0,14290,30,344193,1920,1080,110325,965849024,1.81518e+07,1.6169e+07,libvpx
209565112,14319,0,14319,29,345048,1920,1080,110546,967994496,1.71295e+07,1.6171e+07,libvpx
209566113,14350,0,14350,31,345989,1920,1080,110783,970158707,1.72964e+07,1.61733e+07,libvpx
209567114,14380,0,14380,29.8,346848,1920,1080,111011,972238830,1.66244e+07,1.61743e+07,libvpx
209568118,14410,0,14410,30,347726,1920,1080,111266,974452752,1.76408e+07,1.61773e+07,libvpx
209569120,14440,0,14440,30,348523,1920,1080,111526,976519375,1.65e+07,1.6178e+07,libvpx
209570121,14470,0,14470,30,349296,1920,1080,111768,978892364,1.89649e+07,1.61838e+07,libvpx
209571123,14500,0,14500,29.8,350116,1920,1080,112034,981513916,2.09306e+07,1.61936e+07,libvpx
209572125,14530.8,0,14530.8,30.4,350934,1920,1080,112313,984172115,2.12231e+07,1.62039e+07,libvpx
209573126,14560.8,0,14560.8,30,351667,1920,1080,112570,986880490,2.16454e+07,1.62151e+07,libvpx
209574127,14590.2,0,14590.2,29.4,352509,1920,1080,112867,990017265,2.50691e+07,1.62333e+07,libvpx
209575128,14620.6,0,14620.6,30.4,353353,1920,1080,113176,993151395,2.5048e+07,1.62513e+07,libvpx
209576129,14650.6,0,14650.6,29.8,354068,1920,1080,113432,995704290,2.04028e+07,1.62598e+07,libvpx
209577130,14680.2,0,14680.2,29.4,354871,1920,1080,113702,998822018,2.49169e+07,1.62775e+07,libvpx
209578131,14710.2,0,14710.2,30,355716,1920,1080,114005,1002250663,2.74018e+07,1.63001e+07,libvpx
209579132,14740.2,0,14740.2,29.8,356626,1920,1080,114327,1005699532,2.75634e+07,1.6323e+07,libvpx
209580133,14770.4,0,14770.4,30.2,357565,1920,1080,114628,1009037853,2.66799e+07,1.6344e+07,libvpx
209581135,14800.6,0,14800.6,30,358399,1920,1080,114930,1012332702,2.63062e+07,1.63641e+07,libvpx
209582136,14829.8,0,14829.8,29.2,359321,1920,1080,115242,1016080485,2.99523e+07,1.63916e+07,libvpx
209583137,14853.8,0,14853.8,24,360287,1920,1080,115514,1018815965,2.1862e+07,1.64026e+07,libvpx
209584138,14876.4,0,14876.4,22.6,361222,1920,1080,115709,1020416374,1.27905e+07,1.63953e+07,libvpx
209585141,14907,0,14907,30.6,361579,1920,1080,115883,1020993041,4.59954e+06,1.63716e+07,libvpx
209586142,14936.8,0,14936.8,29.8,361819,1920,1080,116062,1021711499,5.74192e+06,1.63503e+07,libvpx
209587144,14966.8,0,14966.8,30,362132,1920,1080,116241,1022365431,5.22101e+06,1.63281e+07,libvpx
209588145,14997,0,14997,30.2,362361,1920,1080,116469,1023073015,5.65502e+06,1.63068e+07,libvpx
209589146,15027,0,15027,30,362566,1920,1080,116689,1023779848,5.64901e+06,1.62856e+07,libvpx
209590148,15056.8,0,15056.8,29.8,362805,1920,1080,116879,1024563225,6.25451e+06,1.62656e+07,libvpx
209591149,15086.6,0,15086.6,29.8,363095,1920,1080,117083,1025383614,6.55656e+06,1.62464e+07,libvpx
209592150,15116.6,0,15116.6,30,363669,1920,1080,117265,1026176709,6.33842e+06,1.62268e+07,libvpx
209593152,15146.8,0,15146.8,30.2,364114,1920,1080,117443,1026846234,5.34551e+06,1.62053e+07,libvpx
209594153,15177,0,15177,30.2,364418,1920,1080,117626,1027614568,6.14053e+06,1.61854e+07,libvpx
209595156,15207,0,15207,30,364645,1920,1080,117817,1028358674,5.93504e+06,1.61652e+07,libvpx
209596158,15237,0,15237,30,364871,1920,1080,118016,1029125281,6.12061e+06,1.61455e+07,libvpx
209597159,15267,0,15267,30,365162,1920,1080,118214,1029884312,6.06618e+06,1.61257e+07,libvpx
209598160,15296.6,0,15296.6,29.6,365519,1920,1080,118421,1030703170,6.54432e+06,1.6107e+07,libvpx
209599162,15326.6,0,15326.6,30,366026,1920,1080,118626,1031515226,6.48348e+06,1.60882e+07,libvpx
209600163,15357,0,15357,30.4,366346,1920,1080,118822,1032278200,6.09769e+06,1.60687e+07,libvpx
209601164,15386.8,0,15386.8,29.8,366606,1920,1080,119032,1033041857,6.10315e+06,1.60494e+07,libvpx
209602165,15417,0,15417,30.2,366897,1920,1080,119264,1033850932,6.46613e+06,1.60308e+07,libvpx
209603167,15447,0,15447,30,367123,1920,1080,119469,1034643298,6.32628e+06,1.6012e+07,libvpx
209604172,15477.8,0,15477.8,30.4,367390,1920,1080,119675,1035506478,6.87108e+06,1.59942e+07,libvpx
209605174,15507.4,0,15507.4,29.4,367802,1920,1080,119859,1036300173,6.33689e+06,1.59756e+07,libvpx
209606175,15537.8,0,15537.8,30.2,368248,1920,1080,120043,1037191386,7.12258e+06,1.59585e+07,libvpx
209607177,15568,0,15568,30.2,368497,1920,1080,120252,1038094227,7.20831e+06,1.59417e+07,libvpx
209608179,15597.6,0,15597.6,29.6,368763,1920,1080,120467,1039116792,8.16419e+06,1.59268e+07,libvpx
209609179,15627.2,0,15627.2,29.4,369165,1920,1080,120685,1040282970,9.32942e+06,1.59142e+07,libvpx
209610181,15657.8,0,15657.8,30.4,369626,1920,1080,120905,1041515306,9.83901e+06,1.59025e+07,libvpx
209611183,15687.8,0,15687.8,29.8,370029,1920,1080,121123,1042863822,1.07666e+07,1.58927e+07,libvpx
209612185,15718,0,15718,30.2,370470,1920,1080,121343,1044246334,1.1038e+07,1.58835e+07,libvpx
209613186,15747.8,0,15747.8,29.8,371013,1920,1080,121548,1045765588,1.21419e+07,1.58764e+07,libvpx
209614187,15777.8,0,15777.8,30,371500,1920,1080,121757,1047432112,1.33189e+07,1.58715e+07,libvpx
209615188,15807.4,0,15807.4,29.6,372137,1920,1080,121995,1049265653,1.46537e+07,1.58692e+07,libvpx
209616189,15837.2,0,15837.2,29.8,372800,1920,1080,122223,1051243218,1.58047e+07,1.58691e+07,libvpx
209617191,15867.2,0,15867.2,30,373614,1920,1080,122458,1053360532,1.69047e+07,1.58711e+07,libvpx
209618192,15897.8,0,15897.8,30.4,374285,1920,1080,122678,1055151160,1.43107e+07,1.58681e+07,libvpx
209619193,15927,0,15927,29.2,375007,1920,1080,122901,1057741778,2.07042e+07,1.58772e+07,libvpx
209620194,15957.2,0,15957.2,30.2,375912,1920,1080,123201,1060415720,2.13702e+07,1.58875e+07,libvpx
209621195,15987.4,0,15987.4,30.2,376741,1920,1080,123471,1063149156,2.18456e+07,1.58987e+07,libvpx
209622196,16017.8,0,16017.8,30,377566,1920,1080,123753,1065927244,2.22025e+07,1.59104e+07,libvpx
209623197,16047.2,0,16047.2,29.4,378370,1920,1080,124031,1069207196,2.62134e+07,1.59296e+07,libvpx
209624203,16077.2,0,16077.2,30,379319,1920,1080,124352,1072760876,2.82599e+07,1.59527e+07,libvpx
209625205,16106.6,0,16106.6,29.4,380317,1920,1080,124670,1076597744,3.06337e+07,1.598e+07,libvpx
209626206,16136.4,0,16136.4,29.8,381296,1920,1080,125008,1080018135,2.73358e+07,1.6001e+07,libvpx
209627208,16167.4,0,16167.4,30.8,382268,1920,1080,125323,1083624341,2.87921e+07,1.60247e+07,libvpx
209628209,16198,0,16198,30.4,383166,1920,1080,125652,1087096348,2.77483e+07,1.60464e+07,libvpx
209629210,16228,0,16228,30,383982,1920,1080,125956,1090174537,2.46009e+07,1.60622e+07,libvpx
209630211,16258,0,16258,30,384649,1920,1080,126213,1092688014,2.00877e+07,1.60696e+07,libvpx
209631212,16288,0,16288,30,385310,1920,1080,126456,1095192954,2.00195e+07,1.60768e+07,libvpx
209632213,16318.2,0,16318.2,30.2,386043,1920,1080,126692,1097812682,2.09369e+07,1.60857e+07,libvpx
209633215,16347.8,0,16347.8,29.6,386739,1920,1080,126947,1100881859,2.45044e+07,1.61011e+07,libvpx
209634216,16377.4,0,16377.4,29.6,387639,1920,1080,127240,1104097385,2.56985e+07,1.61187e+07,libvpx
209635217,16404.4,0,16404.4,27,388589,1920,1080,127538,1107781602,2.94443e+07,1.6143e+07,libvpx
209636218,16435,0,16435,30.6,389587,1920,1080,127894,1111584611,3.03937e+07,1.61689e+07,libvpx
209637219,16467.8,0,16467.8,32.8,390558,1920,1080,128233,1114827696,2.59188e+07,1.61866e+07,libvpx
209638219,16497.8,0,16497.8,30,391478,1920,1080,128535,1117958690,2.5048e+07,1.62027e+07,libvpx
209639221,16527.8,0,16527.8,30,392396,1920,1080,128835,1120942661,2.38241e+07,1.62165e+07,libvpx
209640222,16558.2,0,16558.2,30.4,393210,1920,1080,129099,1123470628,2.02035e+07,1.62237e+07,libvpx
209641223,16587.8,0,16587.8,29.6,394070,1920,1080,129414,1125965673,1.99404e+07,1.62304e+07,libvpx
209642224,16616.6,0,16616.6,28.8,395014,1920,1080,129674,1128502841,2.02771e+07,1.62377e+07,libvpx
209643225,16648.4,0,16648.4,31.8,395910,1920,1080,129938,1130634377,1.70353e+07,1.62391e+07,libvpx
209644226,16678.6,0,16678.6,30.2,396639,1920,1080,130165,1132428081,1.43353e+07,1.62357e+07,libvpx
209645227,16708.8,0,16708.8,30.2,397414,1920,1080,130380,1134206464,1.42129e+07,1.62321e+07,libvpx
209646228,16738.8,0,16738.8,29.8,397990,1920,1080,130584,1135915639,1.36597e+07,1.62275e+07,libvpx
209647230,16769,0,16769,30.2,398534,1920,1080,130791,1137564554,1.3165e+07,1.6222e+07,libvpx
209648232,16798.6,0,16798.6,29.6,399172,1920,1080,130999,1139313556,1.39641e+07,1.6218e+07,libvpx
209649235,16828.8,0,16828.8,30,399812,1920,1080,131212,1140988877,1.33625e+07,1.62129e+07,libvpx
209650236,16859,0,16859,30,400319,1920,1080,131420,1142622057,1.30524e+07,1.62073e+07,libvpx
209651238,16889,0,16889,30,400850,1920,1080,131623,1144294629,1.33539e+07,1.62022e+07,libvpx
209652240,16919,0,16919,30,401378,1920,1080,131840,1145935679,1.31022e+07,1.61967e+07,libvpx
209653241,16948.6,0,16948.6,29.6,402001,1920,1080,132050,1147705074,1.4141e+07,1.61931e+07,libvpx
209654250,16979.4,0,16979.4,30.2,402794,1920,1080,132290,1149454600,1.38714e+07,1.6189e+07,libvpx
209655251,17009.6,0,17009.6,30.2,403357,1920,1080,132502,1151131586,1.34025e+07,1.61841e+07,libvpx
209656252,17039.8,0,17039.8,30.2,403911,1920,1080,132712,1152778712,1.31638e+07,1.61788e+07,libvpx
209657254,17069.4,0,17069.4,29.6,404548,1920,1080,132939,1154540639,1.40673e+07,1.61751e+07,libvpx
209658255,17099,0,17099,29.6,405185,1920,1080,133167,1156280014,1.39011e+07,1.61711e+07,libvpx
209659257,17129.4,0,17129.4,30.4,406010,1920,1080,133406,1158046897,1.41069e+07,1.61675e+07,libvpx
209660258,17159.6,0,17159.6,30.2,406733,1920,1080,133630,1159630745,1.26581e+07,1.61614e+07,libvpx
209661259,17189.6,0,17189.6,30,407336,1920,1080,133855,1161340892,1.36675e+07,1.6157e+07,libvpx
209662260,17219.8,0,17219.8,30.2,407832,1920,1080,134063,1163013289,1.33658e+07,1.61522e+07,libvpx
209663261,17249.4,0,17249.4,29.6,408373,1920,1080,134275,1164725742,1.36859e+07,1.61479e+07,libvpx
209664262,17279.8,0,17279.8,30.4,409013,1920,1080,134489,1166434001,1.36524e+07,1.61436e+07,libvpx
209665263,17309.6,0,17309.6,29.8,409683,1920,1080,134710,1168159554,1.37906e+07,1.61395e+07,libvpx
209666265,17339.2,0,17339.2,29.6,410466,1920,1080,134940,1170002000,1.47101e+07,1.6137e+07,libvpx
209667271,17370,0,17370,30.6,411182,1920,1080,135169,1171676201,1.33137e+07,1.61322e+07,libvpx
209668273,17400,0,17400,30,411838,1920,1080,135378,1173421840,1.39372e+07,1.61284e+07,libvpx
209669274,17430,0,17430,30,412555,1920,1080,135608,1175219624,1.43679e+07,1.61254e+07,libvpx
209670276,17460,0,17460,30,413105,1920,1080,135832,1176871432,1.31881e+07,1.61203e+07,libvpx
209671277,17490,0,17490,30,413780,1920,1080,136062,1178737251,1.49116e+07,1.61182e+07,libvpx
209672280,17520.6,0,17520.6,30.4,414486,1920,1080,136294,1180358973,1.2935e+07,1.61128e+07,libvpx
209673282,17550.2,0,17550.2,29.6,415191,1920,1080,136517,1182161021,1.43876e+07,1.61099e+07,libvpx
209674283,17580.6,0,17580.6,30.4,415819,1920,1080,136739,1183858422,1.35656e+07,1.61055e+07,libvpx
209675285,17610.8,0,17610.8,30.2,416482,1920,1080,136970,1185660189,1.43854e+07,1.61026e+07,libvpx
209676294,17640.2,0,17640.2,29.4,417172,1920,1080,137205,1187499494,1.45832e+07,1.61e+07,libvpx
209677295,17670,0,17670,29.4,417963,1920,1080,137482,1189293966,1.43414e+07,1.6097e+07,libvpx
209678297,17701,0,17701,30.8,418562,1920,1080,137712,1191057564,1.40806e+07,1.60936e+07,libvpx
209679298,17731,0,17731,30,419220,1920,1080,137934,1192846179,1.42946e+07,1.60906e+07,libvpx
209680300,17761,0,17761,30,419933,1920,1080,138147,1194680246,1.46432e+07,1.60881e+07,libvpx
209681302,17791,0,17791,30,420615,1920,1080,138353,1196491568,1.44617e+07,1.60854e+07,libvpx
209682306,17820.8,0,17820.8,29.8,421283,1920,1080,138577,1198340922,1.47359e+07,1.60831e+07,libvpx
209683307,17850.8,0,17850.8,30,421972,1920,1080,138811,1200157851,1.45209e+07,1.60805e+07,libvpx
209684309,17881,0,17881,30,422712,1920,1080,139037,1201969219,1.4462e+07,1.60778e+07,libvpx
209685311,17911.6,0,17911.6,30.6,423188,1920,1080,139265,1203566817,1.27553e+07,1.60722e+07,libvpx
209686312,17941,0,17941,29.2,423683,1920,1080,139483,1205387142,1.45481e+07,1.60697e+07,libvpx
209687314,17970.8,0,17970.8,29.8,424565,1920,1080,139722,1207427906,1.62935e+07,1.60701e+07,libvpx
209688315,18001,0,18001,30.2,425372,1920,1080,139951,1209437278,1.60589e+07,1.607e+07,libvpx
209689317,18031,0,18031,29.8,426117,1920,1080,140185,1211491944,1.64045e+07,1.60706e+07,libvpx
209690318,18061.4,0,18061.4,30.4,426839,1920,1080,140415,1213557279,1.65062e+07,1.60713e+07,libvpx
209691319,18091,0,18091,29.6,427575,1920,1080,140663,1216110757,2.04074e+07,1.60785e+07,libvpx
209692320,18121,0,18121,29.8,428396,1920,1080,140925,1218624553,2.00903e+07,1.60851e+07,libvpx
209693321,18151.2,0,18151.2,29.8,429157,1920,1080,141194,1221562249,2.34781e+07,1.60973e+07,libvpx
209694322,18181,0,18181,29.8,429992,1920,1080,141496,1224688194,2.49826e+07,1.61119e+07,libvpx
209695323,18211,0,18211,30,430842,1920,1080,141820,1227976898,2.62833e+07,1.61286e+07,libvpx
209696324,18241.2,0,18241.2,30.2,431794,1920,1080,142113,1230900757,2.33675e+07,1.61405e+07,libvpx
209697326,18272,0,18272,30.8,432458,1920,1080,142362,1233431521,2.02057e+07,1.61472e+07,libvpx
209698327,18302,0,18302,30,433044,1920,1080,142621,1235929489,1.99638e+07,1.61534e+07,libvpx
209699328,18331.4,0,18331.4,29.4,433637,1920,1080,142857,1238404618,1.97813e+07,1.61594e+07,libvpx
209700330,18360.2,0,18360.2,28.8,434538,1920,1080,143101,1241039586,2.10377e+07,1.61673e+07,libvpx
209701334,18391.8,0,18391.8,31.6,435446,1920,1080,143349,1243017787,1.57626e+07,1.61667e+07,libvpx
209702336,18421.8,0,18421.8,29.8,436205,1920,1080,143601,1245901965,2.30274e+07,1.61778e+07,libvpx
209703338,18451.6,0,18451.6,29.8,437043,1920,1080,143887,1249174967,2.61318e+07,1.6194e+07,libvpx
209704341,18481.6,0,18481.6,29.8,437899,1920,1080,144208,1252611521,2.74102e+07,1.62122e+07,libvpx
209705342,18510.6,0,18510.6,28.8,438875,1920,1080,144527,1256585310,3.17586e+07,1.62373e+07,libvpx
209706344,18538.4,0,18538.4,27.8,439857,1920,1080,144853,1260438740,3.07659e+07,1.62608e+07,libvpx
209707345,18571.4,0,18571.4,33,440807,1920,1080,145177,1263063948,2.09807e+07,1.62684e+07,libvpx
209708346,18602,0,18602,30.4,441695,1920,1080,145439,1265097136,1.62493e+07,1.62684e+07,libvpx
209709347,18632,0,18632,29.8,442500,1920,1080,145661,1267049008,1.55994e+07,1.62673e+07,libvpx
209710349,18662.2,0,18662.2,30.2,443310,1920,1080,145884,1269062019,1.60719e+07,1.6267e+07,libvpx
209711350,18692,0,18692,29.8,444113,1920,1080,146113,1271037200,1.57857e+07,1.62662e+07,libvpx
209712351,18722,0,18722,30,444942,1920,1080,146333,1272995416,1.56501e+07,1.62652e+07,libvpx
209713353,18752.4,0,18752.4,30.4,445757,1920,1080,146560,1274885057,1.5087e+07,1.62633e+07,libvpx
209714354,18782.2,0,18782.2,29.8,446515,1920,1080,146777,1276780959,1.51521e+07,1.62616e+07,libvpx
209715355,18812,0,18812,29.8,447347,1920,1080,147009,1278708996,1.54089e+07,1.62602e+07,libvpx
209716356,18842.2,0,18842.2,30.2,448225,1920,1080,147236,1280810957,1.67989e+07,1.62611e+07,libvpx
209717357,18872,0,18872,29.8,449108,1920,1080,147465,1282814192,1.60099e+07,1.62607e+07,libvpx
209718360,18902.4,0,18902.4,29.8,449970,1920,1080,147689,1284807937,1.59023e+07,1.62601e+07,libvpx
209719361,18933,0,18933,30,450743,1920,1080,147911,1286697086,1.50981e+07,1.62583e+07,libvpx
209720361,18962.6,0,18962.6,29.6,451332,1920,1080,148134,1288578522,1.50515e+07,1.62564e+07,libvpx
209721363,18991.8,0,18991.8,29.2,452193,1920,1080,148381,1290824625,1.7933e+07,1.6259e+07,libvpx
209722364,19023,0,19023,31,453027,1920,1080,148624,1292772440,1.5567e+07,1.62579e+07,libvpx
209723366,19053,0,19053,30,453759,1920,1080,148852,1294622225,1.47687e+07,1.62556e+07,libvpx
209724368,19083,0,19083,30,454451,1920,1080,149078,1296669172,1.63429e+07,1.62557e+07,libvpx
209725370,19112.8,0,19112.8,29.8,455197,1920,1080,149317,1298636825,1.57098e+07,1.62549e+07,libvpx
209726371,19142.4,0,19142.4,29.6,456085,1920,1080,149558,1300761953,1.6984e+07,1.6256e+07,libvpx
209727373,19172.6,0,19172.6,30,456838,1920,1080,149797,1302573582,1.44641e+07,1.62532e+07,libvpx
209728374,19202.8,0,19202.8,30,457619,1920,1080,150025,1304559395,1.58706e+07,1.62526e+07,libvpx
209729375,19233,0,19233,30,458423,1920,1080,150240,1306510461,1.55929e+07,1.62516e+07,libvpx
209730376,19263,0,19263,30,459225,1920,1080,150461,1308513841,1.6011e+07,1.62512e+07,libvpx
209731377,19293,0,19293,30,459999,1920,1080,150689,1310492320,1.5812e+07,1.62505e+07,libvpx
209732378,19323,0,19323,30,460784,1920,1080,150917,1312480417,1.58889e+07,1.625e+07,libvpx
209733379,19353,0,19353,30,461611,1920,1080,151159,1314627606,1.71604e+07,1.62514e+07,libvpx
209734381,19383.2,0,19383.2,30.2,462390,1920,1080,151405,1316564393,1.54634e+07,1.62501e+07,libvpx
209735382,19413.2,0,19413.2,30,463171,1920,1080,151641,1318619622,1.64254e+07,1.62504e+07,libvpx
209736383,19443.2,0,19443.2,30,464019,1920,1080,151875,1320733442,1.68937e+07,1.62514e+07,libvpx
209737384,19473.6,0,19473.6,30.4,464716,1920,1080,152112,1322642007,1.52533e+07,1.62499e+07,libvpx
209738385,19503.2,0,19503.2,29.6,465476,1920,1080,152348,1324780045,1.70872e+07,1.62512e+07,libvpx
209739386,19533.2,0,19533.2,30,466330,1920,1080,152608,1326731169,1.55934e+07,1.62501e+07,libvpx
209740387,19563,0,19563,29.8,467121,1920,1080,152847,1328848878,1.69247e+07,1.62512e+07,libvpx
209741388,19593.2,0,19593.2,30.2,467939,1920,1080,153090,1330790362,1.55164e+07,1.62501e+07,libvpx
209742389,19623,0,19623,29.8,468764,1920,1080,153324,1332866876,1.65955e+07,1.62506e+07,libvpx
209743390,19653,0,19653,29.8,469637,1920,1080,153565,1335000302,1.70504e+07,1.62518e+07,libvpx
209744391,19683.2,0,19683.2,30,470494,1920,1080,153813,1337030082,1.6222e+07,1.62518e+07,libvpx
209745395,19713.4,0,19713.4,30,471378,1920,1080,154053,1339138723,1.68019e+07,1.62526e+07,libvpx
209746396,19743.8,0,19743.8,30.2,472219,1920,1080,154292,1341249615,1.68703e+07,1.62535e+07,libvpx
209747398,19773.8,0,19773.8,30,473060,1920,1080,154530,1343374232,1.6963e+07,1.62546e+07,libvpx
209748399,19804,0,19804,30.2,473884,1920,1080,154755,1345442851,1.65324e+07,1.6255e+07,libvpx
209749401,19833.8,0,19833.8,29.8,474705,1920,1080,154982,1347546267,1.67937e+07,1.62558e+07,libvpx
209750403,19864,0,19864,30,475527,1920,1080,155217,1349718319,1.73417e+07,1.62575e+07,libvpx
209751407,19894,0,19894,30,476371,1920,1080,155454,1351867849,1.71277e+07,1.62588e+07,libvpx
209752408,19924,0,19924,29.8,477084,1920,1080,155674,1353804863,1.54806e+07,1.62576e+07,libvpx
209753410,19953.8,0,19953.8,29.6,477739,1920,1080,155899,1356227974,1.93462e+07,1.62623e+07,libvpx
209754411,19984,0,19984,30.2,478639,1920,1080,156176,1359158375,2.34198e+07,1.6273e+07,libvpx
209755413,20014,0,20014,30,479448,1920,1080,156447,1361920219,2.20507e+07,1.62816e+07,libvpx
209756413,20044,0,20044,30,480233,1920,1080,156723,1364689585,2.21549e+07,1.62904e+07,libvpx
209757414,20073.8,0,20073.8,29.8,481013,1920,1080,157009,1367987317,2.63555e+07,1.63054e+07,libvpx
209758416,20104,0,20104,30,481867,1920,1080,157341,1371657019,2.9299e+07,1.63248e+07,libvpx
209759417,20134,0,20134,30,482764,1920,1080,157661,1375446345,3.02843e+07,1.63455e+07,libvpx
209760418,20164,0,20164,30,483672,1920,1080,158011,1379012578,2.85014e+07,1.63636e+07,libvpx
209761419,20194,0,20194,30,484469,1920,1080,158313,1382313548,2.63814e+07,1.63784e+07,libvpx
209762420,20224,0,20224,30,485333,1920,1080,158643,1385924800,2.88612e+07,1.63969e+07,libvpx
209763421,20254,0,20254,30,486238,1920,1080,158947,1389032970,2.48405e+07,1.64094e+07,libvpx
209764422,20284.8,0,20284.8,30.6,487002,1920,1080,159219,1391612777,2.06178e+07,1.64156e+07,libvpx
209765423,20314.6,0,20314.6,29.8,487710,1920,1080,159456,1394135429,2.01611e+07,1.64211e+07,libvpx
209766424,20344.8,0,20344.8,30,488367,1920,1080,159694,1396712329,2.05946e+07,1.64273e+07,libvpx
209767425,20374.4,0,20374.4,29.6,489093,1920,1080,159947,1399785412,2.45601e+07,1.64392e+07,libvpx
209768426,20403.8,0,20403.8,29.2,489987,1920,1080,160240,1402900874,2.48988e+07,1.64516e+07,libvpx
209769427,20432.4,0,20432.4,28.4,490957,1920,1080,160546,1406634913,2.98425e+07,1.64713e+07,libvpx
209770428,20463.6,0,20463.6,31.2,491944,1920,1080,160889,1409992845,2.68366e+07,1.64864e+07,libvpx
209771429,20494,0,20494,30.4,492819,1920,1080,161193,1412965046,2.37539e+07,1.6497e+07,libvpx
209772431,20521.6,0,20521.6,27.6,493755,1920,1080,161513,1416277311,2.64452e+07,1.65116e+07,libvpx
209773432,20548.6,0,20548.6,27,494753,1920,1080,161795,1419177551,2.31787e+07,1.65213e+07,libvpx
209774434,20576.4,0,20576.4,27.8,495753,1920,1080,162067,1421610668,1.94261e+07,1.65255e+07,libvpx
209775435,20614.6,0,20614.6,38.2,496591,1920,1080,162385,1423588555,1.58073e+07,1.65245e+07,libvpx
209776437,20645,0,20645,30.2,497136,1920,1080,162609,1425348943,1.4055e+07,1.65209e+07,libvpx
209777438,20675,0,20675,30,497732,1920,1080,162830,1427480871,1.70384e+07,1.65216e+07,libvpx
209778439,20705,0,20705,30,498524,1920,1080,163086,1430174643,2.15286e+07,1.65289e+07,libvpx
209779440,20734.4,0,20734.4,29.4,499380,1920,1080,163365,1432914893,2.19001e+07,1.65366e+07,libvpx
209780442,20761,0,20761,26.6,500341,1920,1080,163624,1435865896,2.35609e+07,1.65468e+07,libvpx
209781444,20794.8,0,20794.8,33.8,501284,1920,1080,163930,1438379335,2.00674e+07,1.65518e+07,libvpx
209782446,20825,0,20825,30,502179,1920,1080,164187,1440740726,1.88534e+07,1.65551e+07,libvpx
209783447,20855,0,20855,30,503037,1920,1080,164426,1443027460,1.82756e+07,1.65576e+07,libvpx
209784450,20885,0,20885,30,503900,1920,1080,164744,1445332091,1.83819e+07,1.65602e+07,libvpx
209785451,20915,0,20915,30,504745,1920,1080,165018,1447573914,1.79167e+07,1.65622e+07,libvpx
209786452,20945.2,0,20945.2,30.2,505553,1920,1080,165262,1449613481,1.63002e+07,1.65618e+07,libvpx
209787453,20974.8,0,20974.8,29.4,506235,1920,1080,165488,1451686156,1.65648e+07,1.65618e+07,libvpx
209788455,21005,0,21005,30.2,507132,1920,1080,165753,1454208830,2.01411e+07,1.65669e+07,libvpx
209789456,21035,0,21035,30,508035,1920,1080,166014,1456448129,1.78965e+07,1.65688e+07,libvpx
209790457,21065.2,0,21065.2,30.2,508910,1920,1080,166256,1458610864,1.72846e+07,1.65698e+07,libvpx
209791458,21095,0,21095,29.8,509763,1920,1080,166503,1460925558,1.84991e+07,1.65726e+07,libvpx
209792459,21125.2,0,21125.2,30,510644,1920,1080,166767,1463142630,1.77189e+07,1.65742e+07,libvpx
209793462,21154.8,0,21154.8,29.4,511511,1920,1080,167094,1465615312,1.97223e+07,1.65787e+07,libvpx
209794468,21185.6,0,21185.6,30.8,512343,1920,1080,167432,1467648462,1.61682e+07,1.65781e+07,libvpx
209795481,21215.6,0,21215.6,29.8,513131,1920,1080,167816,1469936949,1.80729e+07,1.65802e+07,libvpx
209796483,21246,0,21246,30.4,513946,1920,1080,168211,1472119996,1.74295e+07,1.65814e+07,libvpx
209797484,21276,0,21276,30,514761,1920,1080,168559,1474359730,1.79e+07,1.65833e+07,libvpx
209798486,21306,0,21306,29.8,515576,1920,1080,168921,1476581136,1.77358e+07,1.65849e+07,libvpx
209799488,21336,0,21336,30,516380,1920,1080,169253,1478792177,1.7653e+07,1.65864e+07,libvpx
209800489,21365.8,0,21365.8,29.8,517227,1920,1080,169585,1481184798,1.91218e+07,1.65899e+07,libvpx
209801490,21396.2,0,21396.2,30.4,518073,1920,1080,169916,1483398384,1.7691e+07,1.65915e+07,libvpx
209802492,21426,0,21426,29.6,518859,1920,1080,170255,1485666551,1.81091e+07,1.65936e+07,libvpx
209803499,21456,0,21456,30,519739,1920,1080,170620,1488082636,1.91943e+07,1.65973e+07,libvpx
209804505,21487,0,21487,30.8,520552,1920,1080,171001,1490176609,1.66519e+07,1.65973e+07,libvpx
209805510,21516,0,21516,29,521436,1920,1080,171376,1492621855,1.94646e+07,1.66013e+07,libvpx
209806512,21547,0,21547,30.8,522310,1920,1080,171756,1494823316,1.75765e+07,1.66027e+07,libvpx
209807515,21577,0,21577,30,523093,1920,1080,172091,1497158100,1.86224e+07,1.66055e+07,libvpx
209808517,21607,0,21607,30,523926,1920,1080,172446,1499362644,1.76011e+07,1.66069e+07,libvpx
209809518,21637,0,21637,30,524769,1920,1080,172811,1501742735,1.90217e+07,1.66102e+07,libvpx
209810519,21667,0,21667,30,525607,1920,1080,173107,1504087718,1.87411e+07,1.66132e+07,libvpx
209811522,21697,0,21697,30,526468,1920,1080,173417,1506440604,1.87668e+07,1.66161e+07,libvpx
209812524,21727,0,21727,30,527321,1920,1080,173739,1508751194,1.84478e+07,1.66187e+07,libvpx
209813527,21757.2,0,21757.2,29.8,528164,1920,1080,174060,1510987394,1.78361e+07,1.66204e+07,libvpx
209814530,21787.2,0,21787.2,30,529002,1920,1080,174361,1513421125,1.94116e+07,1.66242e+07,libvpx
209815532,21817.6,0,21817.6,30.4,529851,1920,1080,174666,1515723475,1.8382e+07,1.66266e+07,libvpx
209816534,21847.4,0,21847.4,29.6,530689,1920,1080,174987,1518143599,1.93223e+07,1.66303e+07,libvpx
209817543,21877.8,0,21877.8,30.2,531547,1920,1080,175353,1520592329,1.94151e+07,1.66342e+07,libvpx
209818547,21908,0,21908,30.2,532398,1920,1080,175745,1523040502,1.95074e+07,1.66381e+07,libvpx
209819550,21938,0,21938,30,533180,1920,1080,176091,1525027499,1.58484e+07,1.6637e+07,libvpx
209820552,21968,0,21968,30,533950,1920,1080,176439,1527468376,1.9488e+07,1.66409e+07,libvpx
209821554,21998,0,21998,30,534849,1920,1080,176827,1529965063,1.99336e+07,1.66454e+07,libvpx
209822558,22028,0,22028,30,535734,1920,1080,177235,1532521663,2.03713e+07,1.66505e+07,libvpx
209823559,22058,0,22058,30,536587,1920,1080,177589,1535129110,2.08387e+07,1.66562e+07,libvpx
209824561,22087.8,0,22087.8,29.6,537477,1920,1080,177936,1537627343,1.9946e+07,1.66606e+07,libvpx
209825564,22118.6,0,22118.6,30.8,538368,1920,1080,178330,1540861678,2.57973e+07,1.6673e+07,libvpx
209826568,22147.8,0,22147.8,29.2,539291,1920,1080,178741,1544266743,2.7132e+07,1.66872e+07,libvpx
209827582,22178,0,22178,30.2,540265,1920,1080,179155,1547775194,2.76801e+07,1.67022e+07,libvpx
209828582,22207.2,0,22207.2,29,541284,1920,1080,179569,1551431759,2.92525e+07,1.67191e+07,libvpx
209829584,22238.8,0,22238.8,31.6,542245,1920,1080,179994,1554473658,2.42866e+07,1.67293e+07,libvpx
209830587,22269,0,22269,30.2,543163,1920,1080,180370,1557328370,2.27694e+07,1.67375e+07,libvpx
209831591,22299,0,22299,30,544025,1920,1080,180748,1559757154,1.93529e+07,1.6741e+07,libvpx
209832596,22329.2,0,22329.2,29.8,544699,1920,1080,181057,1561951082,1.74641e+07,1.6742e+07,libvpx
209833609,22359.8,0,22359.8,29.8,545436,1920,1080,181377,1564349323,1.89397e+07,1.6745e+07,libvpx
209834611,22389.8,0,22389.8,29.8,546218,1920,1080,181698,1566925702,2.05699e+07,1.67501e+07,libvpx
209835613,22419.8,0,22419.8,30,547073,1920,1080,182077,1569596159,2.1321e+07,1.67562e+07,libvpx
209836614,22449.6,0,22449.6,29.6,547955,1920,1080,182443,1572505178,2.32489e+07,1.67648e+07,libvpx
209837617,22480,0,22480,30.4,548857,1920,1080,182835,1575222541,2.16739e+07,1.67714e+07,libvpx
209838618,22510,0,22510,30,549755,1920,1080,183201,1578003654,2.22267e+07,1.67787e+07,libvpx
209839619,22539.8,0,22539.8,29.8,550637,1920,1080,183488,1580760897,2.20359e+07,1.67856e+07,libvpx
209840620,22570.2,0,22570.2,30.4,551533,1920,1080,183790,1583421563,2.12641e+07,1.67916e+07,libvpx
209841622,22600.2,0,22600.2,30,552350,1920,1080,184046,1585753393,1.86174e+07,1.6794e+07,libvpx
209842623,22630.4,0,22630.4,30,553169,1920,1080,184328,1588191021,1.94815e+07,1.67976e+07,libvpx
209843624,22660.4,0,22660.4,30,553904,1920,1080,184597,1590555614,1.88978e+07,1.68003e+07,libvpx
209844625,22690.4,0,22690.4,30,554753,1920,1080,184900,1593245785,2.14999e+07,1.68065e+07,libvpx
209845626,22719.8,0,22719.8,29.4,555630,1920,1080,185166,1595835495,2.0697e+07,1.68117e+07,libvpx
209846627,22750.2,0,22750.2,30.4,556593,1920,1080,185447,1598678371,2.27203e+07,1.68195e+07,libvpx
209847628,22780.6,0,22780.6,30.2,557491,1920,1080,185728,1601382031,2.16077e+07,1.68257e+07,libvpx
209848629,22809.6,0,22809.6,29,558375,1920,1080,185985,1603860086,1.98046e+07,1.68297e+07,libvpx
209849630,22840.4,0,22840.4,30.8,559325,1920,1080,186243,1606302735,1.95217e+07,1.68332e+07,libvpx
209850631,22871,0,22871,30.6,560204,1920,1080,186480,1608556693,1.80137e+07,1.68347e+07,libvpx
209851633,22900.6,0,22900.6,29.6,561061,1920,1080,186717,1610896262,1.86792e+07,1.68371e+07,libvpx
209852634,22931,0,22931,30.2,561892,1920,1080,186965,1613318319,1.93571e+07,1.68404e+07,libvpx
209853635,22961,0,22961,30,562636,1920,1080,187205,1615472100,1.7213e+07,1.68409e+07,libvpx
209854636,22990.8,0,22990.8,29.8,563352,1920,1080,187460,1618113819,2.11126e+07,1.68465e+07,libvpx
209855637,23020.6,0,23020.6,29.8,564196,1920,1080,187745,1621208537,2.4733e+07,1.68568e+07,libvpx
209856639,23050.8,0,23050.8,30.2,565083,1920,1080,188062,1624552140,2.66954e+07,1.68695e+07,libvpx
209857641,23080.8,0,23080.8,29.8,566018,1920,1080,188385,1627938659,2.70381e+07,1.68828e+07,libvpx
209858643,23108.4,0,23108.4,27.6,566965,1920,1080,188669,1631117419,2.53793e+07,1.68938e+07,libvpx
209859644,23140.2,0,23140.2,31.8,567950,1920,1080,188998,1634342185,2.57724e+07,1.69053e+07,libvpx
209860645,23167.4,0,23167.4,27.2,568941,1920,1080,189275,1637388485,2.43461e+07,1.69149e+07,libvpx
209861647,23197.4,0,23197.4,29.8,569923,1920,1080,189567,1640224010,2.26389e+07,1.69223e+07,libvpx
209862649,23231.2,0,23231.2,33.8,570737,1920,1080,189846,1642550447,1.85743e+07,1.69244e+07,libvpx
209863650,23261,0,23261,29.8,571485,1920,1080,190078,1644809901,1.80576e+07,1.69259e+07,libvpx
209864650,23291,0,23291,30,572226,1920,1080,190322,1647276228,1.97306e+07,1.69295e+07,libvpx
209865651,23321,0,23321,30,573062,1920,1080,190585,1649876922,2.07848e+07,1.69344e+07,libvpx
209866652,23351.2,0,23351.2,30.2,573895,1920,1080,190845,1652395280,2.01267e+07,1.69385e+07,libvpx
209867653,23381,0,23381,29.6,574734,1920,1080,191119,1655132736,2.18778e+07,1.69449e+07,libvpx
209868659,23411.4,0,23411.4,30.4,575612,1920,1080,191391,1657675257,2.02189e+07,1.69491e+07,libvpx
209869858,23444.5,0,23444.5,30.1667,576541,1920,1080,191700,1660813008,2.09358e+07,1.69552e+07,libvpx
209870859,23477.4,0,23477.4,29.8,577507,1920,1080,191999,1663602158,2.22909e+07,1.6962e+07,libvpx
209871861,23507.8,0,23507.8,30.4,578319,1920,1080,192258,1666056091,1.95923e+07,1.69653e+07,libvpx
209872862,23536.2,0,23536.2,28.2,579234,1920,1080,192516,1668641459,2.06623e+07,1.697e+07,libvpx
209873866,23566.4,0,23566.4,29.8,580206,1920,1080,192792,1671307457,2.1243e+07,1.69755e+07,libvpx
209875065,23600.3,0,23600.3,30.8333,581242,1920,1080,193103,1674563556,2.17254e+07,1.69827e+07,libvpx
209876068,23633.6,0,23633.6,30.2,582181,1920,1080,193407,1677011770,1.95271e+07,1.69859e+07,libvpx
209877069,23663.8,0,23663.8,30,583047,1920,1080,193686,1679586976,2.05811e+07,1.69905e+07,libvpx
209878070,23693.8,0,23693.8,30,583880,1920,1080,193963,1682353473,2.21099e+07,1.69969e+07,libvpx
209879072,23724,0,23724,30.2,584777,1920,1080,194264,1685156182,2.23769e+07,1.70037e+07,libvpx
209880073,23754,0,23754,30,585573,1920,1080,194532,1687725002,2.053e+07,1.70082e+07,libvpx
209881074,23783.4,0,23783.4,29.4,586401,1920,1080,194789,1690184735,1.96582e+07,1.70115e+07,libvpx
209882075,23813.6,0,23813.6,30.2,587302,1920,1080,195053,1692918626,2.18493e+07,1.70176e+07,libvpx
209883076,23844,0,23844,30.4,588143,1920,1080,195309,1695642152,2.17664e+07,1.70236e+07,libvpx
209884077,23874,0,23874,30,588982,1920,1080,195578,1698234437,2.07176e+07,1.70282e+07,libvpx
209885078,23904,0,23904,30,589791,1920,1080,195848,1700994967,2.20622e+07,1.70345e+07,libvpx
209886080,23934,0,23934,30,590666,1920,1080,196142,1703641061,2.11265e+07,1.70396e+07,libvpx
209887082,23964.2,0,23964.2,30.2,591400,1920,1080,196388,1705978574,1.86628e+07,1.70417e+07,libvpx
209888087,23993.8,0,23993.8,29.2,592214,1920,1080,196701,1708836306,2.27481e+07,1.70488e+07,libvpx
209889088,24024,0,24024,30.2,593106,1920,1080,196989,1711663928,2.25984e+07,1.70558e+07,libvpx
209890089,24054.2,0,24054.2,30.2,593962,1920,1080,197269,1714397831,2.18494e+07,1.70617e+07,libvpx
209891093,24084.6,0,24084.6,30.4,594796,1920,1080,197537,1717028687,2.0963e+07,1.70666e+07,libvpx
209892094,24114.8,0,24114.8,29.8,595645,1920,1080,197802,1719460175,1.94325e+07,1.70695e+07,libvpx
209893095,24144.2,0,24144.2,29.4,596480,1920,1080,198072,1722370344,2.32581e+07,1.70772e+07,libvpx
209894096,24174.8,0,24174.8,30.4,597314,1920,1080,198354,1724982062,2.08729e+07,1.70819e+07,libvpx
209895098,24204.8,0,24204.8,30,598105,1920,1080,198635,1727881029,2.31454e+07,1.70894e+07,libvpx
209896100,24234.6,0,24234.6,29.6,598904,1920,1080,198929,1731036197,2.5191e+07,1.70994e+07,libvpx
209897101,24264.4,0,24264.4,29.6,599771,1920,1080,199228,1734341874,2.6419e+07,1.71109e+07,libvpx
209898103,24295,0,24295,30.6,600560,1920,1080,199518,1737028214,2.14478e+07,1.71163e+07,libvpx
209899103,24325,0,24325,30,601189,1920,1080,199761,1739459136,1.94474e+07,1.71192e+07,libvpx
209900104,24355,0,24355,30,601792,1920,1080,199998,1741968807,2.00573e+07,1.71228e+07,libvpx
209901105,24385,0,24385,30,602403,1920,1080,200239,1744558570,2.06974e+07,1.71272e+07,libvpx
209902106,24415,0,24415,30,603120,1920,1080,200496,1747651313,2.47172e+07,1.71365e+07,libvpx
209903107,24442.4,0,24442.4,27.4,604006,1920,1080,200750,1750464865,2.24859e+07,1.7143e+07,libvpx
209904110,24474.4,0,24474.4,32,604998,1920,1080,201017,1752374875,1.52344e+07,1.71407e+07,libvpx
209905111,24504.6,0,24504.6,30,605730,1920,1080,201248,1754529541,1.72201e+07,1.71408e+07,libvpx
209906112,24533.2,0,24533.2,28.6,606675,1920,1080,201530,1757554278,2.41737e+07,1.71494e+07,libvpx
209907113,24559.8,0,24559.8,26.6,607658,1920,1080,201781,1759694380,1.71037e+07,1.71493e+07,libvpx
209908114,24592.6,0,24592.6,32.8,608628,1920,1080,202037,1761668384,1.57763e+07,1.71477e+07,libvpx
209909115,24625.8,0,24625.8,33,609202,1920,1080,202282,1763270489,1.2804e+07,1.71424e+07,libvpx
209910117,24655.4,0,24655.4,29.6,609708,1920,1080,202510,1764783522,1.20801e+07,1.71362e+07,libvpx
209911119,24685.6,0,24685.6,30.2,610292,1920,1080,202730,1766575976,1.4311e+07,1.71328e+07,libvpx
209912120,24715.8,0,24715.8,30.2,610888,1920,1080,202942,1768348895,1.41692e+07,1.71292e+07,libvpx
209913121,24745.2,0,24745.2,29.4,611619,1920,1080,203155,1770274296,1.53878e+07,1.71271e+07,libvpx
209914122,24775.2,0,24775.2,30,612458,1920,1080,203368,1772180582,1.52351e+07,1.71248e+07,libvpx
209915123,24805.6,0,24805.6,30.4,613206,1920,1080,203578,1774037471,1.48403e+07,1.7122e+07,libvpx
209916125,24835.4,0,24835.4,29.8,613918,1920,1080,203790,1775872547,1.46513e+07,1.71191e+07,libvpx
209917127,24865.8,0,24865.8,30,614778,1920,1080,204013,1777755620,1.50345e+07,1.71165e+07,libvpx
209918128,24895.8,0,24895.8,29.8,615635,1920,1080,204233,1779762938,1.60425e+07,1.71152e+07,libvpx
209919129,24926,0,24926,30.2,616428,1920,1080,204446,1781656226,1.51312e+07,1.71129e+07,libvpx
209920131,24956,0,24956,30,617203,1920,1080,204664,1783565267,1.52418e+07,1.71106e+07,libvpx
209921132,24986,0,24986,30,617876,1920,1080,204881,1785409289,1.47374e+07,1.71078e+07,libvpx
209922133,25015.4,0,25015.4,29.4,618510,1920,1080,205097,1787284075,1.49833e+07,1.71052e+07,libvpx
209923135,25045.6,0,25045.6,30.2,619359,1920,1080,205337,1789316882,1.623e+07,1.71042e+07,libvpx
209924136,25076,0,25076,30.4,620101,1920,1080,205567,1791172709,1.48318e+07,1.71015e+07,libvpx
209925138,25106,0,25106,30,620776,1920,1080,205780,1792944227,1.41439e+07,1.70979e+07,libvpx
209926139,25136,0,25136,30,621550,1920,1080,206004,1794878987,1.54626e+07,1.7096e+07,libvpx
209927140,25165.8,0,25165.8,29.8,622317,1920,1080,206228,1796861274,1.58425e+07,1.70945e+07,libvpx
209928141,25195.8,0,25195.8,30,623156,1920,1080,206462,1798760250,1.51766e+07,1.70922e+07,libvpx
209929142,25226.2,0,25226.2,30.4,623881,1920,1080,206692,1800498856,1.3895e+07,1.70884e+07,libvpx
209930143,25256.2,0,25256.2,29.8,624561,1920,1080,206918,1802395194,1.51555e+07,1.70861e+07,libvpx
209931146,25286.2,0,25286.2,30,625313,1920,1080,207131,1804258410,1.48611e+07,1.70835e+07,libvpx
209932148,25316.4,0,25316.4,30.2,626090,1920,1080,207352,1806137703,1.50043e+07,1.7081e+07,libvpx
209933150,25346.2,0,25346.2,29.8,626902,1920,1080,207573,1808048906,1.52591e+07,1.70789e+07,libvpx
209934151,25374.8,0,25374.8,28.4,627726,1920,1080,207783,1809748681,1.35846e+07,1.70747e+07,libvpx
209935152,25400,0,25400,25.2,628677,1920,1080,207993,1811550708,1.44018e+07,1.70716e+07,libvpx
209936153,25431,0,25431,31,629662,1920,1080,208243,1812916049,1.09118e+07,1.70643e+07,libvpx
209937154,25467,0,25467,36,630324,1920,1080,208469,1813976516,8.47526e+06,1.70542e+07,libvpx
209938155,25497,0,25497,30,630732,1920,1080,208660,1815030471,8.42322e+06,1.70441e+07,libvpx
209939156,25527,0,25527,30,631119,1920,1080,208859,1816144367,8.90227e+06,1.70345e+07,libvpx
209940157,25557,0,25557,30,631634,1920,1080,209056,1817420417,1.01982e+07,1.70265e+07,libvpx
209941159,25586.8,0,25586.8,29.8,632227,1920,1080,209250,1818570888,9.1854e+06,1.70173e+07,libvpx
209942160,25617,0,25617,30.2,632727,1920,1080,209445,1819787912,9.72647e+06,1.70088e+07,libvpx
209943161,25647,0,25647,30,633250,1920,1080,209629,1820971291,9.45757e+06,1.7e+07,libvpx
209944163,25677,0,25677,30,633710,1920,1080,209830,1822205917,9.85729e+06,1.69916e+07,libvpx
209945164,25706.6,0,25706.6,29.6,634211,1920,1080,210044,1823470390,1.01057e+07,1.69836e+07,libvpx
209946166,25737,0,25737,30.4,634860,1920,1080,210270,1824695480,9.78116e+06,1.69752e+07,libvpx
209947167,25766.6,0,25766.6,29.6,635593,1920,1080,210469,1825932920,9.88963e+06,1.6967e+07,libvpx
209948169,25797,0,25797,30.4,636162,1920,1080,210700,1827175944,9.92434e+06,1.69588e+07,libvpx
209949170,25826.8,0,25826.8,29.6,636775,1920,1080,210886,1828390059,9.70322e+06,1.69504e+07,libvpx
209950171,25857,0,25857,29.8,637302,1920,1080,211071,1829655485,1.01133e+07,1.69425e+07,libvpx
209951173,25887,0,25887,30,637806,1920,1080,211271,1830917748,1.00779e+07,1.69345e+07,libvpx
209952174,25917,0,25917,29.6,638382,1920,1080,211470,1832198946,1.02393e+07,1.69268e+07,libvpx
209953176,25947.6,0,25947.6,30.4,638925,1920,1080,211678,1833429668,9.82612e+06,1.69186e+07,libvpx
209954177,25977.6,0,25977.6,29.8,639414,1920,1080,211870,1834624991,9.55303e+06,1.69101e+07,libvpx
209955179,26006.8,0,26006.8,29.2,639966,1920,1080,212075,1836016233,1.11077e+07,1.69034e+07,libvpx
209956180,26038,0,26038,31,640578,1920,1080,212280,1837232460,9.7201e+06,1.68951e+07,libvpx
209957181,26068,0,26068,30,641052,1920,1080,212485,1838496436,1.01017e+07,1.68873e+07,libvpx
209958183,26098,0,26098,30,641532,1920,1080,212688,1839785845,1.02947e+07,1.68797e+07,libvpx
209959184,26127.8,0,26127.8,29.8,642029,1920,1080,212885,1841091852,1.04376e+07,1.68723e+07,libvpx
209960185,26158,0,26158,30.2,642547,1920,1080,213095,1842432021,1.07106e+07,1.68653e+07,libvpx
209961187,26188,0,26188,30,643058,1920,1080,213305,1843709196,1.0197e+07,1.68576e+07,libvpx
209962187,26217.8,0,26217.8,29.8,643526,1920,1080,213500,1845005332,1.03691e+07,1.68502e+07,libvpx
209963189,26248,0,26248,30.2,644020,1920,1080,213693,1846316588,1.04691e+07,1.68429e+07,libvpx
209964190,26278,0,26278,30,644504,1920,1080,213893,1847616667,1.03902e+07,1.68356e+07,libvpx
209965191,26308,0,26308,30,645047,1920,1080,214094,1848956087,1.07047e+07,1.68286e+07,libvpx
209966192,26338,0,26338,30,645653,1920,1080,214287,1850307454,1.08001e+07,1.68217e+07,libvpx
209967193,26368,0,26368,30,646252,1920,1080,214479,1851699243,1.11232e+07,1.68153e+07,libvpx
209968195,26398.2,0,26398.2,30.2,646874,1920,1080,214663,1853068853,1.0935e+07,1.68086e+07,libvpx
209969199,26428,0,26428,29.8,647534,1920,1080,214853,1854438915,1.09168e+07,1.68019e+07,libvpx
209970201,26458,0,26458,30,648151,1920,1080,215052,1855806253,1.09169e+07,1.67952e+07,libvpx
209971202,26488,0,26488,30,648780,1920,1080,215251,1857213683,1.12482e+07,1.67889e+07,libvpx
209972203,26517.8,0,26517.8,29.8,649399,1920,1080,215450,1858532509,1.05401e+07,1.67819e+07,libvpx
209973205,26548,0,26548,29.8,649997,1920,1080,215650,1859954998,1.13572e+07,1.67758e+07,libvpx
209974206,26577.8,0,26577.8,29.8,650750,1920,1080,215848,1861399379,1.15435e+07,1.67699e+07,libvpx
209975207,26608,0,26608,30.2,651475,1920,1080,216057,1862722181,1.05718e+07,1.67629e+07,libvpx
209976208,26638,0,26638,30,652177,1920,1080,216265,1864287094,1.25068e+07,1.67581e+07,libvpx
209977209,26668,0,26668,30,652942,1920,1080,216486,1865877150,1.27077e+07,1.67535e+07,libvpx
209978210,26698,0,26698,30,653708,1920,1080,216702,1867681941,1.44239e+07,1.67509e+07,libvpx
209979212,26728,0,26728,30,654459,1920,1080,216915,1869467808,1.42584e+07,1.67481e+07,libvpx
209980213,26756.6,0,26756.6,28.4,655232,1920,1080,217137,1871299525,1.46391e+07,1.67458e+07,libvpx
209981214,26783.8,0,26783.8,27.2,656209,1920,1080,217348,1873348941,1.63789e+07,1.67454e+07,libvpx
209982215,26814.4,0,26814.4,30.6,657183,1920,1080,217563,1874977953,1.30191e+07,1.67412e+07,libvpx
209983217,26848.4,0,26848.4,34,658060,1920,1080,217812,1876555812,1.25977e+07,1.67366e+07,libvpx
209984218,26878.6,0,26878.6,30.2,658695,1920,1080,218016,1878074057,1.21338e+07,1.67314e+07,libvpx
209985220,26908.6,0,26908.6,30,659444,1920,1080,218215,1879554144,1.18171e+07,1.6726e+07,libvpx
209986222,26938.6,0,26938.6,29.8,660176,1920,1080,218409,1881224519,1.33363e+07,1.67222e+07,libvpx
209987222,26968.6,0,26968.6,30,660908,1920,1080,218615,1883021903,1.43791e+07,1.67196e+07,libvpx
209988224,26999,0,26999,30.2,661708,1920,1080,218837,1884873783,1.47855e+07,1.67174e+07,libvpx
209989225,27028.6,0,27028.6,29.6,662448,1920,1080,219058,1886969352,1.67478e+07,1.67175e+07,libvpx
209990226,27056,0,27056,27.4,663371,1920,1080,219301,1889321919,1.88017e+07,1.67198e+07,libvpx
209991228,27086.2,0,27086.2,30.2,664366,1920,1080,219557,1891613824,1.82986e+07,1.67215e+07,libvpx
209992229,27117,0,27117,30.8,665318,1920,1080,219791,1893433666,1.45442e+07,1.67191e+07,libvpx
209993231,27149,0,27149,31.8,665914,1920,1080,220021,1894933716,1.19764e+07,1.67139e+07,libvpx
209994232,27178.8,0,27178.8,29.8,666449,1920,1080,220234,1896509216,1.25914e+07,1.67093e+07,libvpx
209995233,27208.8,0,27208.8,30,667091,1920,1080,220453,1898123075,1.2898e+07,1.67051e+07,libvpx
209996239,27239.2,0,27239.2,30.2,667799,1920,1080,220673,1899667452,1.22813e+07,1.67002e+07,libvpx
209997240,27269,0,27269,29.4,668396,1920,1080,220888,1901337457,1.33467e+07,1.66966e+07,libvpx
209998242,27299.2,0,27299.2,30,669032,1920,1080,221105,1902982875,1.31371e+07,1.66926e+07,libvpx
209999243,27329,0,27329,29.4,669601,1920,1080,221311,1904660890,1.34107e+07,1.66891e+07,libvpx
210000244,27359.6,0,27359.6,30.6,670232,1920,1080,221525,1906338432,1.34069e+07,1.66855e+07,libvpx
210001246,27389.4,0,27389.4,29.8,670873,1920,1080,221745,1908035910,1.35527e+07,1.6682e+07,libvpx
210002247,27419,0,27419,29.6,671661,1920,1080,221981,1909823629,1.42875e+07,1.66794e+07,libvpx
210003249,27449.4,0,27449.4,30.2,672348,1920,1080,222199,1911479475,1.32203e+07,1.66756e+07,libvpx
210004250,27479.8,0,27479.8,30.4,672946,1920,1080,222420,1913133839,1.32217e+07,1.66719e+07,libvpx
210005252,27509.4,0,27509.4,29.6,673708,1920,1080,222651,1914895471,1.40649e+07,1.6669e+07,libvpx
210006254,27539.8,0,27539.8,30.4,674401,1920,1080,222869,1916505385,1.28536e+07,1.66649e+07,libvpx
210007256,27569.4,0,27569.4,29.6,675092,1920,1080,223092,1918332185,1.45852e+07,1.66626e+07,libvpx
210008257,27599.6,0,27599.6,30.2,675872,1920,1080,223314,1919908011,1.2594e+07,1.66582e+07,libvpx
210009258,27629.4,0,27629.4,29.6,676600,1920,1080,223523,1921676919,1.41371e+07,1.66555e+07,libvpx
210010259,27659.6,0,27659.6,30,677354,1920,1080,223751,1923344092,1.33241e+07,1.66518e+07,libvpx
210011261,27689.6,0,27689.6,30,678039,1920,1080,223964,1925094250,1.39733e+07,1.66489e+07,libvpx
210012262,27719.6,0,27719.6,29.6,678730,1920,1080,224197,1926905248,1.44735e+07,1.66466e+07,libvpx
210013264,27749.6,0,27749.6,29.6,679561,1920,1080,224435,1928643697,1.38798e+07,1.66436e+07,libvpx
210014266,27780,0,27780,30.2,680295,1920,1080,224693,1930430672,1.42673e+07,1.6641e+07,libvpx
210015268,27809.8,0,27809.8,29.8,681071,1920,1080,224912,1932195452,1.40901e+07,1.66383e+07,libvpx
210016269,27839.6,0,27839.6,29.6,681825,1920,1080,225131,1933948335,1.40091e+07,1.66355e+07,libvpx
210017270,27870,0,27870,30.4,682580,1920,1080,225335,1935745260,1.4361e+07,1.6633e+07,libvpx
210018272,27900,0,27900,30,683255,1920,1080,225554,1937528197,1.4235e+07,1.66304e+07,libvpx
210019272,27929.8,0,27929.8,29.8,684013,1920,1080,225767,1939308287,1.42407e+07,1.66279e+07,libvpx
210020275,27960.4,0,27960.4,30.6,684878,1920,1080,226004,1941103096,1.43155e+07,1.66254e+07,libvpx
210021277,27990.2,0,27990.2,29.6,685491,1920,1080,226217,1942791325,1.34789e+07,1.6622e+07,libvpx
210022279,28020,0,28020,29.4,686176,1920,1080,226431,1944580027,1.42811e+07,1.66195e+07,libvpx
210023281,28050.2,0,28050.2,30.2,687032,1920,1080,226662,1946442739,1.4872e+07,1.66176e+07,libvpx
210024283,28080.2,0,28080.2,30,687776,1920,1080,226883,1948236150,1.43187e+07,1.66152e+07,libvpx
210025284,28111,0,28111,30.6,688541,1920,1080,227109,1950023936,1.4288e+07,1.66127e+07,libvpx
210026287,28140.2,0,28140.2,29.2,689331,1920,1080,227329,1951849652,1.4562e+07,1.66105e+07,libvpx
210027288,28170.4,0,28170.4,30,690156,1920,1080,227553,1953749479,1.51834e+07,1.6609e+07,libvpx
210028290,28200.8,0,28200.8,30.2,690953,1920,1080,227778,1955544366,1.43304e+07,1.66066e+07,libvpx
210029291,28231,0,28231,30.2,691735,1920,1080,227994,1957389509,1.47464e+07,1.66046e+07,libvpx
210030293,28260.8,0,28260.8,29.8,692497,1920,1080,228216,1959231071,1.47031e+07,1.66026e+07,libvpx
210031294,28291,0,28291,30.2,693240,1920,1080,228447,1961060031,1.46171e+07,1.66005e+07,libvpx
210032296,28321,0,28321,30,694034,1920,1080,228681,1962854037,1.43234e+07,1.65981e+07,libvpx
210033297,28350.6,0,28350.6,29.6,694757,1920,1080,228886,1964580811,1.38004e+07,1.65951e+07,libvpx
210034300,28380.8,0,28380.8,29.8,695556,1920,1080,229122,1966508920,1.53787e+07,1.65938e+07,libvpx
210035301,28410.6,0,28410.6,29.6,696370,1920,1080,229356,1968415814,1.52399e+07,1.65924e+07,libvpx
210036302,28441,0,28441,30.2,697196,1920,1080,229580,1970347281,1.54363e+07,1.65912e+07,libvpx
210037303,28471,0,28471,30,697963,1920,1080,229803,1972230066,1.50472e+07,1.65896e+07,libvpx
210038307,28501,0,28501,30,698788,1920,1080,230050,1974507146,1.81441e+07,1.65912e+07,libvpx
210039308,28531,0,28531,30,699634,1920,1080,230307,1976733665,1.77944e+07,1.65925e+07,libvpx
210040309,28561,0,28561,30,700462,1920,1080,230555,1979101042,1.89201e+07,1.65949e+07,libvpx
210041310,28589,0,28589,28,701388,1920,1080,230816,1981868353,2.21164e+07,1.66007e+07,libvpx
210042311,28617.8,0,28617.8,28.8,702374,1920,1080,231093,1984497896,2.10153e+07,1.66053e+07,libvpx
210043312,28651.2,0,28651.2,33.4,703287,1920,1080,231359,1986564733,1.65182e+07,1.66052e+07,libvpx
210044313,28681.2,0,28681.2,29.8,704042,1920,1080,231598,1988460384,1.51501e+07,1.66037e+07,libvpx
210045315,28711.2,0,28711.2,29.8,704767,1920,1080,231828,1990348168,1.50721e+07,1.66021e+07,libvpx
210046316,28741.6,0,28741.6,30.4,705494,1920,1080,232049,1992206100,1.48486e+07,1.66003e+07,libvpx
210047318,28771.2,0,28771.2,29.6,706270,1920,1080,232281,1994341948,1.70527e+07,1.66007e+07,libvpx
210048320,28801,0,28801,29.8,707170,1920,1080,232518,1996658503,1.84954e+07,1.66027e+07,libvpx
210049321,28831,0,28831,30,708101,1920,1080,232755,1998838270,1.74207e+07,1.66036e+07,libvpx
210050322,28861.2,0,28861.2,30.2,708989,1920,1080,232980,2000916083,1.66059e+07,1.66036e+07,libvpx
210051324,28891.2,0,28891.2,29.8,709871,1920,1080,233188,2002831220,1.52905e+07,1.66022e+07,libvpx
210052325,28920.4,0,28920.4,28.8,710813,1920,1080,233423,2004973341,1.71198e+07,1.66027e+07,libvpx
210053326,28949.8,0,28949.8,29.2,711796,1920,1080,233667,2007210457,1.7879e+07,1.66041e+07,libvpx
210054327,28981.6,0,28981.6,31.8,712714,1920,1080,233915,2008986227,1.4192e+07,1.66016e+07,libvpx
210055328,29012,0,29012,30.2,713500,1920,1080,234127,2010696005,1.36646e+07,1.65985e+07,libvpx
210056330,29041.8,0,29041.8,29.8,714231,1920,1080,234340,2012503862,1.4434e+07,1.65963e+07,libvpx
210057331,29071.6,0,29071.6,29.8,715041,1920,1080,234568,2014497313,1.59317e+07,1.65956e+07,libvpx
210058332,29101.4,0,29101.4,29.6,715887,1920,1080,234813,2016562720,1.65067e+07,1.65955e+07,libvpx
210059334,29131.4,0,29131.4,29.8,716848,1920,1080,235060,2018822142,1.80393e+07,1.6597e+07,libvpx
210060336,29160.2,0,29160.2,28.6,717801,1920,1080,235315,2021088164,1.8092e+07,1.65985e+07,libvpx
210061337,29190.6,0,29190.6,30,718785,1920,1080,235597,2023815836,2.17996e+07,1.66039e+07,libvpx
210062338,29218,0,29218,27.4,719770,1920,1080,235860,2026250448,1.94574e+07,1.66068e+07,libvpx
210063339,29251.2,0,29251.2,33.2,720731,1920,1080,236130,2028355963,1.68273e+07,1.6607e+07,libvpx
210064340,29282,0,29282,30.8,721572,1920,1080,236362,2030350847,1.59431e+07,1.66064e+07,libvpx
210065342,29312,0,29312,30,722337,1920,1080,236574,2032293340,1.55089e+07,1.66052e+07,libvpx
210066343,29342,0,29342,30,723131,1920,1080,236795,2034343256,1.63829e+07,1.6605e+07,libvpx
210067344,29372,0,29372,30,723974,1920,1080,237020,2036424290,1.66316e+07,1.6605e+07,libvpx
210068345,29402,0,29402,30,724837,1920,1080,237249,2038482936,1.64527e+07,1.66049e+07,libvpx
210069346,29428.4,0,29428.4,26.4,725764,1920,1080,237476,2040345195,1.48832e+07,1.66031e+07,libvpx
210070347,29455,0,29455,26.6,726754,1920,1080,237689,2042241206,1.51529e+07,1.66016e+07,libvpx
210071349,29491.6,0,29491.6,36.6,727669,1920,1080,237937,2043585592,1.07336e+07,1.65957e+07,libvpx
210072350,29523,0,29523,31.4,728173,1920,1080,238146,2044774836,9.50445e+06,1.65885e+07,libvpx
210073352,29553,0,29553,30,728577,1920,1080,238337,2045905068,9.02381e+06,1.65808e+07,libvpx
210074353,29583,0,29583,30,729091,1920,1080,238539,2047271941,1.09241e+07,1.65751e+07,libvpx
210075354,29612.8,0,29612.8,29.8,729716,1920,1080,238736,2048532629,1.00754e+07,1.65685e+07,libvpx
210076355,29643,0,29643,30.2,730245,1920,1080,238933,2049922511,1.11079e+07,1.6563e+07,libvpx
210077356,29673,0,29673,30,730720,1920,1080,239130,2051218487,1.03575e+07,1.65567e+07,libvpx
210078358,29703,0,29703,30,731179,1920,1080,239332,2052589529,1.09464e+07,1.6551e+07,libvpx
210079359,29732.8,0,29732.8,29.8,731773,1920,1080,239537,2053968643,1.10219e+07,1.65455e+07,libvpx
210080360,29762.6,0,29762.6,29.8,732511,1920,1080,239746,2055305828,1.06868e+07,1.65396e+07,libvpx
210081362,29793,0,29793,30.4,733139,1920,1080,239951,2056678487,1.09594e+07,1.65339e+07,libvpx
210082363,29822.8,0,29822.8,29.8,733687,1920,1080,240152,2058023951,1.0753e+07,1.65281e+07,libvpx
210083365,29852.6,0,29852.6,29.8,734300,1920,1080,240341,2059391278,1.09168e+07,1.65225e+07,libvpx
210084366,29883,0,29883,30.4,734922,1920,1080,240528,2060729249,1.06931e+07,1.65167e+07,libvpx
210085367,29913,0,29913,30,735510,1920,1080,240729,2062138856,1.12656e+07,1.65114e+07,libvpx
210086369,29942.8,0,29942.8,29.8,736055,1920,1080,240930,2063521130,1.10361e+07,1.65059e+07,libvpx
210087370,29973.2,0,29973.2,30.4,736741,1920,1080,241130,2064931871,1.12747e+07,1.65007e+07,libvpx
210088372,30003.8,0,30003.8,30.6,737160,1920,1080,241338,2066188610,1.00338e+07,1.64942e+07,libvpx
210089374,30032.6,0,30032.6,28.6,737614,1920,1080,241536,2067654842,1.17064e+07,1.64894e+07,libvpx
210090376,30063.6,0,30063.6,30.8,738298,1920,1080,241753,2069060524,1.1223e+07,1.64842e+07,libvpx
210091378,30094,0,30094,30,738781,1920,1080,241964,2070543036,1.18364e+07,1.64795e+07,libvpx
210092379,30123.8,0,30123.8,29.8,739237,1920,1080,242175,2072130139,1.26841e+07,1.64758e+07,libvpx
210093381,30153.4,0,30153.4,29.6,739815,1920,1080,242390,2073888176,1.40362e+07,1.64733e+07,libvpx
210094383,30183.2,0,30183.2,29.8,740574,1920,1080,242612,2075860467,1.57468e+07,1.64726e+07,libvpx
210095384,30213.4,0,30213.4,30.2,741384,1920,1080,242848,2077889758,1.62181e+07,1.64724e+07,libvpx
210096386,30243.2,0,30243.2,29.8,742197,1920,1080,243081,2080109432,1.77219e+07,1.64736e+07,libvpx
210097387,30273.4,0,30273.4,29.8,743008,1920,1080,243328,2082336027,1.7795e+07,1.64749e+07,libvpx
210098389,30302.8,0,30302.8,29,743895,1920,1080,243578,2084790548,1.9597e+07,1.6478e+07,libvpx
210099390,30332,0,30332,29,744857,1920,1080,243847,2087366770,2.05892e+07,1.64821e+07,libvpx
210100391,30359.8,0,30359.8,27.6,745850,1920,1080,244083,2089585258,1.77302e+07,1.64833e+07,libvpx
210101392,30394,0,30394,34.2,746664,1920,1080,244322,2091123014,1.22898e+07,1.64792e+07,libvpx
210102395,30424,0,30424,30,747190,1920,1080,244507,2092478438,1.0811e+07,1.64736e+07,libvpx
210103395,30454,0,30454,30,747880,1920,1080,244694,2093882323,1.12311e+07,1.64684e+07,libvpx
210104397,30484,0,30484,30,748588,1920,1080,244887,2095249303,1.0914e+07,1.64629e+07,libvpx
210105398,30514,0,30514,30,749283,1920,1080,245088,2096671142,1.13633e+07,1.64579e+07,libvpx
210106400,30544,0,30544,30,749828,1920,1080,245297,2097919810,9.96941e+06,1.64516e+07,libvpx
210107401,30574,0,30574,30,750196,1920,1080,245511,2099226077,1.04397e+07,1.64457e+07,libvpx
210108404,30604.2,0,30604.2,30,750707,1920,1080,245718,2100565194,1.06809e+07,1.644e+07,libvpx
210109406,30634.2,0,30634.2,30,751216,1920,1080,245918,2101839290,1.01724e+07,1.64339e+07,libvpx
210110407,30664.4,0,30664.4,29.8,751693,1920,1080,246128,2103177389,1.06941e+07,1.64283e+07,libvpx
210111409,30694.4,0,30694.4,29.8,752240,1920,1080,246339,2104494972,1.05196e+07,1.64225e+07,libvpx
210112410,30725,0,30725,30.4,752676,1920,1080,246551,2105862265,1.09274e+07,1.64171e+07,libvpx
210113411,30754.6,0,30754.6,29.6,753176,1920,1080,246741,2107218916,1.08424e+07,1.64117e+07,libvpx
210114413,30784.4,0,30784.4,29.8,753698,1920,1080,247004,2108611921,1.11218e+07,1.64065e+07,libvpx
210115414,30815,0,30815,30.6,754200,1920,1080,247232,2110017761,1.12355e+07,1.64015e+07,libvpx
210116415,30845,0,30845,30,754704,1920,1080,247424,2111417700,1.11883e+07,1.63964e+07,libvpx
210117416,30875,0,30875,30,755147,1920,1080,247619,2112786776,1.09417e+07,1.63912e+07,libvpx
210118418,30904.8,0,30904.8,29.8,755593,1920,1080,247821,2114224952,1.14824e+07,1.63864e+07,libvpx
210119419,30934.8,0,30934.8,30,756136,1920,1080,248044,2115674098,1.15816e+07,1.63817e+07,libvpx
210120419,30965,0,30965,30.2,756679,1920,1080,248254,2117064917,1.11266e+07,1.63767e+07,libvpx
210121421,30995,0,30995,30,757120,1920,1080,248454,2118467585,1.11989e+07,1.63716e+07,libvpx
210122421,31025,0,31025,30,757573,1920,1080,248658,2119831623,1.09123e+07,1.63664e+07,libvpx
210123423,31054.8,0,31054.8,29.8,758050,1920,1080,248867,2121289783,1.1642e+07,1.63618e+07,libvpx
210124424,31084,0,31084,29.2,758808,1920,1080,249083,2122798802,1.20601e+07,1.63577e+07,libvpx
210125425,31115,0,31115,30.8,759389,1920,1080,249327,2124269813,1.17563e+07,1.63532e+07,libvpx
210126426,31145,0,31145,30,759836,1920,1080,249530,2125785128,1.21104e+07,1.63491e+07,libvpx
210127427,31175,0,31175,30,760402,1920,1080,249745,2127481746,1.35594e+07,1.63465e+07,libvpx
210128429,31205,0,31205,30,761117,1920,1080,249985,2129353126,1.49412e+07,1.63451e+07,libvpx
210129433,31234.6,0,31234.6,29.6,761960,1920,1080,250244,2131553366,1.75318e+07,1.63463e+07,libvpx
210130434,31264.6,0,31264.6,30,762770,1920,1080,250503,2133506045,1.56058e+07,1.63455e+07,libvpx
210131436,31294.6,0,31294.6,29.8,763654,1920,1080,250746,2135812635,1.84159e+07,1.63475e+07,libvpx
210132437,31325,0,31325,30.4,764524,1920,1080,251000,2138199620,1.90768e+07,1.63501e+07,libvpx
210133439,31353.6,0,31353.6,28.6,765480,1920,1080,251253,2140798587,2.07502e+07,1.63543e+07,libvpx
210134440,31381.6,0,31381.6,28,766467,1920,1080,251525,2143416847,2.09252e+07,1.63587e+07,libvpx
210135441,31407.4,0,31407.4,25.8,767460,1920,1080,251770,2145580815,1.72944e+07,1.63596e+07,libvpx
210136442,31443.2,0,31443.2,35.8,768428,1920,1080,252042,2147405836,1.45856e+07,1.63579e+07,libvpx
210137443,31475.6,0,31475.6,32.2,769101,1920,1080,252272,2148845870,1.15088e+07,1.63533e+07,libvpx
210138445,31505.8,0,31505.8,30.2,769660,1920,1080,252484,2150394869,1.23673e+07,1.63495e+07,libvpx
210139447,31535.4,0,31535.4,29.6,770328,1920,1080,252699,2152112946,1.37172e+07,1.6347e+07,libvpx
210140448,31565.6,0,31565.6,30.2,771068,1920,1080,252916,2153648457,1.22718e+07,1.63431e+07,libvpx
210141450,31595.2,0,31595.2,29.2,771846,1920,1080,253138,2155435437,1.42673e+07,1.63412e+07,libvpx
210142451,31625,0,31625,29.6,772696,1920,1080,253369,2157123400,1.34902e+07,1.63385e+07,libvpx
210143452,31655.2,0,31655.2,29.8,773463,1920,1080,253594,2158849183,1.37925e+07,1.6336e+07,libvpx
210144454,31686,0,31686,30.6,774273,1920,1080,253821,2160458554,1.28493e+07,1.63327e+07,libvpx
210145455,31715.6,0,31715.6,29.6,774968,1920,1080,254048,2162178612,1.37467e+07,1.63303e+07,libvpx
210146456,31745.2,0,31745.2,29.6,775668,1920,1080,254270,2163942745,1.4099e+07,1.63282e+07,libvpx
210147457,31775.6,0,31775.6,30.4,776473,1920,1080,254536,2165715637,1.4169e+07,1.63262e+07,libvpx
210148458,31805.8,0,31805.8,30.2,777231,1920,1080,254776,2167397358,1.34403e+07,1.63234e+07,libvpx
210149459,31835.8,0,31835.8,30,778005,1920,1080,255002,2169120817,1.37739e+07,1.6321e+07,libvpx
210150460,31865.4,0,31865.4,29.6,778737,1920,1080,255213,2170879011,1.40515e+07,1.63189e+07,libvpx
210151462,31896,0,31896,30.6,779460,1920,1080,255427,2172619813,1.38986e+07,1.63166e+07,libvpx
210152465,31925.8,0,31925.8,29.8,780150,1920,1080,255642,2174387458,1.40989e+07,1.63145e+07,libvpx
210153467,31956,0,31956,30,780869,1920,1080,255878,2176200741,1.44773e+07,1.63128e+07,libvpx
210154468,31986,0,31986,30,781634,1920,1080,256116,2177991900,1.4315e+07,1.63109e+07,libvpx
210155469,32016,0,32016,30,782280,1920,1080,256340,2179597383,1.2831e+07,1.63077e+07,libvpx
210156470,32045.6,0,32045.6,29.6,782900,1920,1080,256540,2181281873,1.34625e+07,1.6305e+07,libvpx
210157471,32075.6,0,32075.6,30,783752,1920,1080,256770,2183200385,1.53328e+07,1.63041e+07,libvpx
210158473,32106,0,32106,30.4,784571,1920,1080,256989,2184962957,1.40724e+07,1.6302e+07,libvpx
210159474,32136,0,32136,30,785419,1920,1080,257210,2186729957,1.41219e+07,1.63e+07,libvpx
210160475,32166,0,32166,30,786264,1920,1080,257435,2188509925,1.42255e+07,1.62981e+07,libvpx
210161476,32195.8,0,32195.8,29.8,787154,1920,1080,257663,2190344886,1.4665e+07,1.62965e+07,libvpx
210162477,32225.8,0,32225.8,30,788014,1920,1080,257898,2192171029,1.45945e+07,1.6295e+07,libvpx
210163478,32256.2,0,32256.2,30.4,788836,1920,1080,258126,2193983044,1.44816e+07,1.62933e+07,libvpx
210164480,32286.6,0,32286.6,29.8,789571,1920,1080,258351,2195770975,1.42749e+07,1.62914e+07,libvpx
210165481,32316,0,32316,29.2,790301,1920,1080,258597,2197579030,1.445e+07,1.62897e+07,libvpx
210166482,32346.2,0,32346.2,30,791180,1920,1080,258850,2199417410,1.46923e+07,1.62882e+07,libvpx
210167483,32376,0,32376,29.8,792067,1920,1080,259066,2201038489,1.29557e+07,1.62851e+07,libvpx
210168484,32406.2,0,32406.2,30.2,792878,1920,1080,259284,2202914690,1.49946e+07,1.62839e+07,libvpx
210169485,32436.2,0,32436.2,29.8,793707,1920,1080,259505,2204809374,1.51423e+07,1.62829e+07,libvpx
210170486,32466.4,0,32466.4,30.2,794510,1920,1080,259733,2206717693,1.52513e+07,1.62819e+07,libvpx
210171487,32496.6,0,32496.6,30.2,795353,1920,1080,259955,2208575288,1.48459e+07,1.62806e+07,libvpx
210172489,32526.2,0,32526.2,29.4,796204,1920,1080,260208,2210515343,1.54895e+07,1.62799e+07,libvpx
210173490,32557,0,32557,30.8,797024,1920,1080,260506,2212335081,1.45434e+07,1.62783e+07,libvpx
210174491,32587,0,32587,30,797737,1920,1080,260731,2214201749,1.49184e+07,1.6277e+07,libvpx
210175492,32616.4,0,32616.4,29.4,798529,1920,1080,260969,2216077253,1.4989e+07,1.62758e+07,libvpx
210176493,32647,0,32647,30.6,799324,1920,1080,261243,2217951561,1.49795e+07,1.62746e+07,libvpx
210177496,32677,0,32677,30,800081,1920,1080,261482,2219905371,1.55837e+07,1.6274e+07,libvpx
210178497,32706.6,0,32706.6,29.6,800944,1920,1080,261733,2222091702,1.74732e+07,1.62751e+07,libvpx
210179499,32736.8,0,32736.8,30,801713,1920,1080,261979,2224193391,1.678e+07,1.62756e+07,libvpx
210180500,32767,0,32767,30.2,802524,1920,1080,262234,2226794124,2.07851e+07,1.62797e+07,libvpx
210181504,32796.4,0,32796.4,29.4,803395,1920,1080,262511,2229504967,2.16003e+07,1.62846e+07,libvpx
210182505,32822.4,0,32822.4,25.8,804348,1920,1080,262751,2231861259,1.88315e+07,1.62869e+07,libvpx
210183506,32856.6,0,32856.6,34.2,805282,1920,1080,263018,2234023036,1.72769e+07,1.62878e+07,libvpx
210184507,32887,0,32887,30.2,806044,1920,1080,263241,2235784730,1.40795e+07,1.62858e+07,libvpx
210185513,32917.4,0,32917.4,30.2,806772,1920,1080,263468,2237475812,1.3448e+07,1.62832e+07,libvpx
210186515,32947,0,32947,29.4,807587,1920,1080,263692,2239280811,1.44112e+07,1.62815e+07,libvpx
210187516,32977.8,0,32977.8,30.6,808321,1920,1080,263923,2241004545,1.37761e+07,1.62792e+07,libvpx
210188517,33008,0,33008,30.2,808934,1920,1080,264130,2242605626,1.27959e+07,1.6276e+07,libvpx
210189519,33037.8,0,33037.8,29.8,809485,1920,1080,264344,2244179316,1.25644e+07,1.62727e+07,libvpx
210190521,33068,0,33068,30.2,810051,1920,1080,264563,2245831738,1.3193e+07,1.62699e+07,libvpx
210191522,33097.4,0,33097.4,29.4,810789,1920,1080,264795,2247586353,1.40229e+07,1.62678e+07,libvpx
210192523,33128,0,33128,30.6,811506,1920,1080,265020,2249281364,1.35465e+07,1.62654e+07,libvpx
210193525,33158,0,33158,30,812147,1920,1080,265228,2250970255,1.34842e+07,1.62629e+07,libvpx
210194526,33187.8,0,33187.8,29.8,812813,1920,1080,265453,2252698335,1.38108e+07,1.62607e+07,libvpx
210195527,33217.8,0,33217.8,30,813547,1920,1080,265684,2254394718,1.35575e+07,1.62582e+07,libvpx
210196529,33247,0,33247,29,814342,1920,1080,265906,2256230486,1.46568e+07,1.62568e+07,libvpx
210197532,33277.6,0,33277.6,30.2,815216,1920,1080,266130,2257881510,1.31687e+07,1.6254e+07,libvpx
210198535,33307.8,0,33307.8,30.2,815949,1920,1080,266352,2259528441,1.3136e+07,1.62512e+07,libvpx
210199536,33338,0,33338,30.2,816641,1920,1080,266575,2261208158,1.34243e+07,1.62486e+07,libvpx
210200538,33368,0,33368,30,817219,1920,1080,266803,2262905144,1.35488e+07,1.62462e+07,libvpx
210201539,33398,0,33398,29.8,817870,1920,1080,267035,2264609201,1.36188e+07,1.62438e+07,libvpx
210202543,33428,0,33428,29.8,818579,1920,1080,267251,2266327636,1.36927e+07,1.62416e+07,libvpx
210203544,33458,0,33458,29.8,819364,1920,1080,267501,2268151690,1.45779e+07,1.62401e+07,libvpx
210204545,33488.2,0,33488.2,30,820158,1920,1080,267757,2269801482,1.31852e+07,1.62373e+07,libvpx
210205547,33518.6,0,33518.6,30.4,820877,1920,1080,267990,2271580112,1.42006e+07,1.62355e+07,libvpx
210206548,33548.6,0,33548.6,30,821589,1920,1080,268221,2273396855,1.45194e+07,1.6234e+07,libvpx
210207549,33578.6,0,33578.6,30,822232,1920,1080,268445,2274958273,1.24789e+07,1.62306e+07,libvpx
210208551,33608.6,0,33608.6,30,822929,1920,1080,268665,2276751919,1.43205e+07,1.62289e+07,libvpx
210209552,33638.4,0,33638.4,29.8,823740,1920,1080,268929,2278558234,1.44361e+07,1.62273e+07,libvpx
210210553,33668.2,0,33668.2,29.8,824485,1920,1080,269151,2280293592,1.3869e+07,1.62252e+07,libvpx
210211554,33698.4,0,33698.4,30.2,825259,1920,1080,269368,2281988480,1.35456e+07,1.62228e+07,libvpx
210212555,33728.8,0,33728.8,30.2,826016,1920,1080,269586,2283791234,1.44076e+07,1.62212e+07,libvpx
210213556,33758.2,0,33758.2,29.4,826847,1920,1080,269819,2285571270,1.42261e+07,1.62194e+07,libvpx
210214557,33788.2,0,33788.2,30,827735,1920,1080,270071,2287441851,1.49497e+07,1.62183e+07,libvpx
210215559,33818.6,0,33818.6,30.2,828536,1920,1080,270304,2289153866,1.36688e+07,1.62161e+07,libvpx
210216560,33848.6,0,33848.6,29.8,829356,1920,1080,270536,2290944824,1.43134e+07,1.62144e+07,libvpx
210217562,33878.6,0,33878.6,30,830125,1920,1080,270757,2292776399,1.46234e+07,1.6213e+07,libvpx
210218563,33909,0,33909,30.4,830945,1920,1080,270970,2294572657,1.43557e+07,1.62113e+07,libvpx
210219564,33939,0,33939,30,831729,1920,1080,271191,2296397551,1.45846e+07,1.62099e+07,libvpx
210220566,33969,0,33969,30,832535,1920,1080,271422,2298252879,1.4813e+07,1.62087e+07,libvpx
210221567,33999,0,33999,30,833349,1920,1080,271646,2300132295,1.50203e+07,1.62076e+07,libvpx
210222568,34029,0,34029,30,834055,1920,1080,271864,2301809976,1.3408e+07,1.62051e+07,libvpx
210223569,34058.8,0,34058.8,29.8,834700,1920,1080,272078,2303488031,1.3411e+07,1.62027e+07,libvpx
210224571,34088.2,0,34088.2,29.4,835570,1920,1080,272333,2305573333,1.66491e+07,1.62031e+07,libvpx
210225572,34118.8,0,34118.8,30.6,836414,1920,1080,272563,2307369925,1.43584e+07,1.62014e+07,libvpx
210226574,34148.8,0,34148.8,29.8,837337,1920,1080,272799,2309352685,1.58304e+07,1.62011e+07,libvpx
210227575,34179,0,34179,29.8,838144,1920,1080,273045,2311419613,1.65189e+07,1.62014e+07,libvpx
210228576,34209,0,34209,30,838982,1920,1080,273300,2313720013,1.83848e+07,1.62033e+07,libvpx
210229577,34238.8,0,34238.8,29.8,839873,1920,1080,273560,2316247328,2.01983e+07,1.62068e+07,libvpx
210230578,34268.8,0,34268.8,30,840781,1920,1080,273827,2318716351,1.97325e+07,1.62099e+07,libvpx
210231579,34297.4,0,34297.4,28.6,841765,1920,1080,274105,2321491929,2.21824e+07,1.62151e+07,libvpx
210232580,34327.6,0,34327.6,30.2,842756,1920,1080,274397,2324263850,2.21532e+07,1.62203e+07,libvpx
210233582,34359,0,34359,31.2,843700,1920,1080,274672,2326495276,1.78158e+07,1.62217e+07,libvpx
210234583,34389,0,34389,30,844588,1920,1080,274925,2328685889,1.75074e+07,1.62228e+07,libvpx
210235584,34419,0,34419,29.8,845450,1920,1080,275159,2330857543,1.73559e+07,1.62238e+07,libvpx
210236585,34449.4,0,34449.4,30.4,846331,1920,1080,275382,2332952808,1.67454e+07,1.62243e+07,libvpx
210237587,34479.6,0,34479.6,30.2,847171,1920,1080,275606,2334961662,1.60388e+07,1.62241e+07,libvpx
210238588,34509.8,0,34509.8,30.2,847958,1920,1080,275833,2336951262,1.59009e+07,1.62238e+07,libvpx
210239589,34539.4,0,34539.4,29.6,848777,1920,1080,276082,2339160146,1.76534e+07,1.62251e+07,libvpx
210240590,34569.4,0,34569.4,30,849674,1920,1080,276355,2341347208,1.7479e+07,1.62261e+07,libvpx
210241591,34599.8,0,34599.8,30.2,850520,1920,1080,276597,2343497211,1.71828e+07,1.6227e+07,libvpx
210242592,34629.4,0,34629.4,29.6,851381,1920,1080,276859,2345657409,1.72643e+07,1.62279e+07,libvpx
210243594,34659.8,0,34659.8,30.4,852227,1920,1080,277121,2347793338,1.70533e+07,1.62286e+07,libvpx
210244598,34690,0,34690,30.2,852961,1920,1080,277357,2349755928,1.56382e+07,1.62281e+07,libvpx
210245599,34719,0,34719,29,853839,1920,1080,277601,2351839232,1.66498e+07,1.62284e+07,libvpx
210246600,34748,0,34748,29,854788,1920,1080,277840,2353839975,1.599e+07,1.62282e+07,libvpx
210247601,34780,0,34780,31.8,855558,1920,1080,278063,2355383669,1.23372e+07,1.62249e+07,libvpx
210248603,34810,0,34810,30,856226,1920,1080,278276,2357013514,1.30127e+07,1.62221e+07,libvpx
210249604,34840,0,34840,30,856863,1920,1080,278485,2358566532,1.24117e+07,1.62188e+07,libvpx
210250607,34870.4,0,34870.4,30,857384,1920,1080,278684,2360059985,1.19119e+07,1.62151e+07,libvpx
210251609,34900.8,0,34900.8,30.2,857849,1920,1080,278887,2361529513,1.17328e+07,1.62113e+07,libvpx
210252610,34931,0,34931,30,858308,1920,1080,279091,2363017488,1.18919e+07,1.62076e+07,libvpx
210253611,34960.2,0,34960.2,29.2,858901,1920,1080,279297,2364582921,1.2511e+07,1.62044e+07,libvpx
210254613,34990.6,0,34990.6,30.4,859533,1920,1080,279513,2366107100,1.21691e+07,1.62009e+07,libvpx
210255614,35020.8,0,35020.8,30,860139,1920,1080,279723,2367651335,1.23415e+07,1.61976e+07,libvpx
210256616,35051,0,35051,30,860700,1920,1080,279919,2369127961,1.17894e+07,1.61939e+07,libvpx
210257617,35080.8,0,35080.8,29.8,861296,1920,1080,280137,2370702870,1.25867e+07,1.61908e+07,libvpx
210258619,35110.2,0,35110.2,29.4,862013,1920,1080,280346,2372310815,1.28379e+07,1.61879e+07,libvpx
210259620,35140.8,0,35140.8,30.6,862659,1920,1080,280556,2373829635,1.21384e+07,1.61844e+07,libvpx
210260622,35171,0,35171,30.2,863269,1920,1080,280756,2375333844,1.20097e+07,1.61809e+07,libvpx
210261623,35201,0,35201,30,863969,1920,1080,280954,2376857103,1.21739e+07,1.61775e+07,libvpx
210262624,35230.8,0,35230.8,29.8,864741,1920,1080,281163,2378416900,1.24659e+07,1.61743e+07,libvpx
210263625,35260.4,0,35260.4,29.4,865468,1920,1080,281372,2380071701,1.32252e+07,1.61718e+07,libvpx
210264627,35290.4,0,35290.4,30,866254,1920,1080,281605,2381618970,1.23534e+07,1.61686e+07,libvpx
210265628,35321,0,35321,30.6,866894,1920,1080,281829,2383061957,1.15324e+07,1.61646e+07,libvpx
210266630,35351,0,35351,30,867534,1920,1080,282041,2384565970,1.20081e+07,1.61611e+07,libvpx
210267631,35381,0,35381,30,868036,1920,1080,282250,2386099852,1.22588e+07,1.61578e+07,libvpx
210268632,35411,0,35411,30,868552,1920,1080,282475,2387645983,1.23567e+07,1.61546e+07,libvpx
210269633,35441,0,35441,30,869143,1920,1080,282741,2389183452,1.22875e+07,1.61513e+07,libvpx
210270635,35470.6,0,35470.6,29.6,869923,1920,1080,283005,2390863363,1.34125e+07,1.6149e+07,libvpx
210271637,35500.6,0,35500.6,29.8,870660,1920,1080,283251,2392355799,1.19157e+07,1.61454e+07,libvpx
210272638,35531,0,35531,30.4,871399,1920,1080,283491,2393985565,1.30251e+07,1.61428e+07,libvpx
210273639,35561,0,35561,30,872110,1920,1080,283731,2395751654,1.41146e+07,1.61411e+07,libvpx
210274640,35591,0,35591,30,872839,1920,1080,283973,2397490069,1.38934e+07,1.61392e+07,libvpx
210275641,35621,0,35621,29.6,873622,1920,1080,284218,2399540524,1.63873e+07,1.61394e+07,libvpx
210276642,35650.6,0,35650.6,29.6,874529,1920,1080,284481,2401881388,1.87082e+07,1.61415e+07,libvpx
210277643,35679.4,0,35679.4,28.8,875377,1920,1080,284718,2403915028,1.62529e+07,1.61416e+07,libvpx
210278645,35707,0,35707,27.4,876355,1920,1080,284962,2405975010,1.6447e+07,1.61419e+07,libvpx
210279646,35739.2,0,35739.2,32.2,877330,1920,1080,285213,2407699519,1.37823e+07,1.61399e+07,libvpx
210280647,35771.6,0,35771.6,32.4,878087,1920,1080,285452,2409086158,1.1082e+07,1.61357e+07,libvpx
210281648,35801.8,0,35801.8,30,878700,1920,1080,285662,2410494435,1.1255e+07,1.61316e+07,libvpx
210282650,35832,0,35832,30.2,879301,1920,1080,285885,2411931207,1.14712e+07,1.61277e+07,libvpx
210283651,35861.8,0,35861.8,29.8,879837,1920,1080,286104,2413446899,1.21134e+07,1.61243e+07,libvpx
210284653,35891.6,0,35891.6,29.8,880370,1920,1080,286315,2415025282,1.26019e+07,1.61214e+07,libvpx
210285654,35922,0,35922,30.4,880900,1920,1080,286520,2416546191,1.21551e+07,1.61181e+07,libvpx
210286655,35951.6,0,35951.6,29.6,881405,1920,1080,286733,2418108210,1.24837e+07,1.6115e+07,libvpx
210287656,35981.8,0,35981.8,30.2,881976,1920,1080,286956,2419666772,1.2456e+07,1.6112e+07,libvpx
210288657,36011.8,0,36011.8,30,882707,1920,1080,287171,2421329090,1.32853e+07,1.61096e+07,libvpx
210289659,36042,0,36042,30.2,883318,1920,1080,287389,2422714437,1.10607e+07,1.61054e+07,libvpx
210290660,36071.8,0,36071.8,29.8,883835,1920,1080,287589,2424267364,1.2411e+07,1.61024e+07,libvpx
210291662,36101.6,0,36101.6,29.8,884568,1920,1080,287801,2425963298,1.35404e+07,1.61002e+07,libvpx
210292665,36132,0,36132,30.4,885150,1920,1080,288011,2427532787,1.25184e+07,1.60973e+07,libvpx
210293666,36162,0,36162,30,885744,1920,1080,288222,2429133973,1.27967e+07,1.60945e+07,libvpx
210294667,36192,0,36192,30,886357,1920,1080,288430,2430685315,1.23983e+07,1.60915e+07,libvpx
210295668,36222,0,36222,30,887013,1920,1080,288640,2432301760,1.29186e+07,1.60888e+07,libvpx
210296671,36251.8,0,36251.8,29.8,887732,1920,1080,288865,2433914355,1.28622e+07,1.60862e+07,libvpx
210297673,36282.6,0,36282.6,30.8,888305,1920,1080,289118,2435554976,1.30988e+07,1.60837e+07,libvpx
210298674,36312,0,36312,29.2,888903,1920,1080,289331,2437148008,1.27315e+07,1.60809e+07,libvpx
210299676,36342.2,0,36342.2,30.2,889556,1920,1080,289553,2438793257,1.31357e+07,1.60785e+07,libvpx
210300678,36372.8,0,36372.8,30.4,890124,1920,1080,289783,2440399302,1.28227e+07,1.60758e+07,libvpx
210301679,36403,0,36403,30,890765,1920,1080,289995,2442025743,1.29985e+07,1.60733e+07,libvpx
210302684,36432.8,0,36432.8,29.8,891266,1920,1080,290203,2443546470,1.21053e+07,1.607e+07,libvpx
210303686,36462.4,0,36462.4,29.6,891866,1920,1080,290407,2445213343,1.33084e+07,1.60677e+07,libvpx
210304687,36492.4,0,36492.4,30,892661,1920,1080,290629,2446991805,1.42135e+07,1.60662e+07,libvpx
210305688,36522.8,0,36522.8,30.2,893424,1920,1080,290855,2448718011,1.37959e+07,1.60643e+07,libvpx
210306689,36552.4,0,36552.4,29.6,894190,1920,1080,291078,2450560163,1.47225e+07,1.60632e+07,libvpx
210307690,36583,0,36583,30.6,894983,1920,1080,291321,2452524440,1.56985e+07,1.60629e+07,libvpx
210308691,36613,0,36613,30,895782,1920,1080,291551,2454631604,1.68405e+07,1.60636e+07,libvpx
210309693,36642.8,0,36642.8,29.8,896625,1920,1080,291801,2457073000,1.94922e+07,1.60664e+07,libvpx
210310694,36672.2,0,36672.2,29.4,897501,1920,1080,292059,2459652215,2.06131e+07,1.60701e+07,libvpx
210311695,36702,0,36702,29.6,898423,1920,1080,292328,2462095166,1.95241e+07,1.60729e+07,libvpx
210312697,36732.8,0,36732.8,30.8,899301,1920,1080,292606,2464802908,2.16187e+07,1.60774e+07,libvpx
210313698,36762.6,0,36762.6,29.8,900154,1920,1080,292887,2467784980,2.38327e+07,1.60838e+07,libvpx
210314699,36793,0,36793,30.4,901012,1920,1080,293172,2470744723,2.36543e+07,1.60899e+07,libvpx
210315700,36822.6,0,36822.6,29.6,901774,1920,1080,293431,2473472819,2.1803e+07,1.60946e+07,libvpx
210316701,36851.6,0,36851.6,28.8,902728,1920,1080,293722,2476362417,2.30937e+07,1.61003e+07,libvpx
210317702,36876.4,0,36876.4,24.8,903733,1920,1080,293968,2479098789,2.18691e+07,1.6105e+07,libvpx
210318704,36908.4,0,36908.4,32,904724,1920,1080,294235,2481488911,1.90828e+07,1.61074e+07,libvpx
210319705,36942.6,0,36942.6,34.2,905680,1920,1080,294491,2483487882,1.59758e+07,1.61073e+07,libvpx
210320706,36972.8,0,36972.8,30.2,906570,1920,1080,294726,2485482050,1.59374e+07,1.61071e+07,libvpx
210321707,37003,0,37003,30.2,907498,1920,1080,294992,2487676247,1.7536e+07,1.61083e+07,libvpx
210322708,37033,0,37033,30,908355,1920,1080,295220,2489780199,1.68148e+07,1.61089e+07,libvpx
210323709,37063,0,37063,30,909200,1920,1080,295454,2491893642,1.68907e+07,1.61095e+07,libvpx
210324711,37092.8,0,37092.8,29.8,910008,1920,1080,295678,2493941403,1.63494e+07,1.61097e+07,libvpx
210325711,37120.4,0,37120.4,27.4,910937,1920,1080,295918,2496394263,1.96229e+07,1.61125e+07,libvpx
210326713,37147,0,37147,26.6,911927,1920,1080,296160,2499053207,2.12291e+07,1.61167e+07,libvpx
210327714,37177.2,0,37177.2,30.2,912918,1920,1080,296447,2501127308,1.65762e+07,1.6117e+07,libvpx
210328715,37211.8,0,37211.8,34.6,913877,1920,1080,296695,2502978327,1.47934e+07,1.6116e+07,libvpx
210329717,37244,0,37244,32.2,914493,1920,1080,296925,2504447762,1.1732e+07,1.61124e+07,libvpx
210330718,37274,0,37274,30,915061,1920,1080,297140,2506027800,1.26277e+07,1.61096e+07,libvpx
210331719,37303.4,0,37303.4,29.4,915788,1920,1080,297364,2507776163,1.39729e+07,1.61079e+07,libvpx
210332721,37333.6,0,37333.6,30.2,916456,1920,1080,297587,2509418945,1.3116e+07,1.61055e+07,libvpx
210333721,37364,0,37364,30.2,917123,1920,1080,297803,2511132131,1.37055e+07,1.61036e+07,libvpx
210334723,37393.6,0,37393.6,29.6,917737,1920,1080,298015,2512853794,1.37458e+07,1.61017e+07,libvpx
210335724,37423.8,0,37423.8,30,918414,1920,1080,298236,2514624653,1.41527e+07,1.61001e+07,libvpx
210336725,37453.6,0,37453.6,29.8,919125,1920,1080,298448,2516383590,1.40574e+07,1.60985e+07,libvpx
210337726,37483.6,0,37483.6,30,919859,1920,1080,298675,2518252894,1.49395e+07,1.60976e+07,libvpx
210338727,37513.6,0,37513.6,30,920620,1920,1080,298928,2519991145,1.38921e+07,1.60958e+07,libvpx
210339729,37544,0,37544,30.2,921302,1920,1080,299150,2521695944,1.36112e+07,1.60938e+07,libvpx
210340730,37573.8,0,37573.8,29.8,922056,1920,1080,299373,2523579270,1.50516e+07,1.6093e+07,libvpx
210341732,37604,0,37604,30.2,922757,1920,1080,299611,2525235360,1.32223e+07,1.60907e+07,libvpx
210342733,37634,0,37634,30,923430,1920,1080,299831,2527052452,1.45222e+07,1.60895e+07,libvpx
210343734,37664,0,37664,30,924224,1920,1080,300061,2528978586,1.53937e+07,1.60889e+07,libvpx
210344735,37694,0,37694,30,925004,1920,1080,300283,2530701812,1.3772e+07,1.60871e+07,libvpx
210345736,37724,0,37724,30,925790,1920,1080,300501,2532459140,1.40446e+07,1.60854e+07,libvpx
210346737,37754,0,37754,30,926435,1920,1080,300722,2534197924,1.38964e+07,1.60837e+07,libvpx
210347739,37784,0,37784,29.6,927244,1920,1080,300961,2536061449,1.48784e+07,1.60827e+07,libvpx
210348741,37814.2,0,37814.2,30,928034,1920,1080,301200,2537985085,1.53584e+07,1.60822e+07,libvpx
210349742,37844.4,0,37844.4,30.2,928781,1920,1080,301434,2539711170,1.37949e+07,1.60804e+07,libvpx
210350743,37873.4,0,37873.4,29,929587,1920,1080,301683,2541538423,1.46034e+07,1.60792e+07,libvpx
210351745,37904,0,37904,30.6,930341,1920,1080,301907,2543185526,1.31505e+07,1.60769e+07,libvpx
210352746,37934.8,0,37934.8,30.8,931082,1920,1080,302118,2544658564,1.17725e+07,1.60735e+07,libvpx
210353747,37965,0,37965,30.2,931535,1920,1080,302328,2546105488,1.15638e+07,1.60699e+07,libvpx
210354748,37995,0,37995,30,932002,1920,1080,302540,2547502114,1.11618e+07,1.6066e+07,libvpx
210355750,38024.6,0,38024.6,29.6,932540,1920,1080,302745,2549056600,1.24111e+07,1.60631e+07,libvpx
210356751,38054.8,0,38054.8,30.2,933097,1920,1080,302958,2550394104,1.06893e+07,1.60589e+07,libvpx
210357752,38084.8,0,38084.8,30,933575,1920,1080,303172,2551879442,1.18708e+07,1.60556e+07,libvpx
210358753,38114.4,0,38114.4,29.6,934263,1920,1080,303391,2553513402,1.30586e+07,1.60533e+07,libvpx
210359754,38145,0,38145,30.6,934813,1920,1080,303605,2555002970,1.19046e+07,1.605e+07,libvpx
210360755,38175,0,38175,30,935444,1920,1080,303816,2556525673,1.21695e+07,1.60469e+07,libvpx
210361756,38205,0,38205,30,935982,1920,1080,304033,2558025858,1.19895e+07,1.60438e+07,libvpx
210362758,38234.8,0,38234.8,29.8,936436,1920,1080,304253,2559579356,1.24032e+07,1.60409e+07,libvpx
210363759,38264.8,0,38264.8,30,937042,1920,1080,304474,2561145991,1.25206e+07,1.60381e+07,libvpx
210364760,38295,0,38295,30,937602,1920,1080,304691,2562684100,1.22926e+07,1.60352e+07,libvpx
210365761,38325,0,38325,30,938151,1920,1080,304908,2564249155,1.25079e+07,1.60325e+07,libvpx
210366762,38355,0,38355,30,938663,1920,1080,305131,2565793738,1.23443e+07,1.60296e+07,libvpx
210367764,38385,0,38385,30,939150,1920,1080,305364,2567333256,1.22916e+07,1.60267e+07,libvpx
210368765,38415,0,38415,30,939671,1920,1080,305575,2568902808,1.25439e+07,1.60239e+07,libvpx
210369766,38445,0,38445,30,940166,1920,1080,305795,2570426326,1.2176e+07,1.60209e+07,libvpx
210370767,38475,0,38475,30,940708,1920,1080,306020,2571971149,1.23462e+07,1.60181e+07,libvpx
210371768,38505,0,38505,29.8,941319,1920,1080,306242,2573630092,1.32583e+07,1.60159e+07,libvpx
210372770,38535.2,0,38535.2,30.2,941973,1920,1080,306464,2575254685,1.29708e+07,1.60135e+07,libvpx
210373771,38565,0,38565,29.8,942589,1920,1080,306676,2576902792,1.31717e+07,1.60113e+07,libvpx
210374772,38595.2,0,38595.2,29.8,943152,1920,1080,306901,2578506652,1.28181e+07,1.60089e+07,libvpx
210375774,38625.6,0,38625.6,30.2,943596,1920,1080,307153,2580058384,1.23891e+07,1.6006e+07,libvpx
210376775,38655.2,0,38655.2,29.4,944260,1920,1080,307371,2581717083,1.32563e+07,1.60039e+07,libvpx
210377776,38685.6,0,38685.6,30.2,944962,1920,1080,307600,2583334645,1.29276e+07,1.60015e+07,libvpx
210378778,38716,0,38716,30.4,945488,1920,1080,307833,2584798270,1.16856e+07,1.59982e+07,libvpx
210379778,38745.2,0,38745.2,29.2,946100,1920,1080,308051,2586423492,1.30018e+07,1.59959e+07,libvpx
210380780,38775.8,0,38775.8,30.4,946686,1920,1080,308287,2587984078,1.24598e+07,1.59931e+07,libvpx
210381781,38806,0,38806,30.2,947305,1920,1080,308494,2589602114,1.29314e+07,1.59908e+07,libvpx
210382782,38835.8,0,38835.8,29.8,947945,1920,1080,308701,2591287542,1.347e+07,1.59888e+07,libvpx
210383783,38865.8,0,38865.8,30,948539,1920,1080,308908,2592932490,1.31464e+07,1.59866e+07,libvpx
210384784,38896,0,38896,30.2,949097,1920,1080,309116,2594574044,1.31193e+07,1.59844e+07,libvpx
210385785,38925.6,0,38925.6,29.6,949657,1920,1080,309328,2596220782,1.31607e+07,1.59822e+07,libvpx
210386786,38955.8,0,38955.8,30,950300,1920,1080,309543,2597861010,1.31087e+07,1.598e+07,libvpx
210387787,38985.8,0,38985.8,30,951047,1920,1080,309768,2599599683,1.38955e+07,1.59784e+07,libvpx
210388788,39015.8,0,39015.8,30,951663,1920,1080,309984,2601291388,1.35201e+07,1.59765e+07,libvpx
210389790,39046,0,39046,30.2,952369,1920,1080,310196,2603117741,1.45817e+07,1.59755e+07,libvpx
210390791,39076,0,39076,30,953134,1920,1080,310412,2605062698,1.55441e+07,1.59751e+07,libvpx
210391795,39106,0,39106,30,953875,1920,1080,310632,2606934702,1.49164e+07,1.59743e+07,libvpx
210392797,39134.8,0,39134.8,28.8,954652,1920,1080,310866,2609347537,1.92642e+07,1.59768e+07,libvpx
210393799,39163.2,0,39163.2,28.4,955638,1920,1080,311116,2611864422,2.00949e+07,1.598e+07,libvpx
210394800,39193.4,0,39193.4,30.2,956625,1920,1080,311373,2613914922,1.63876e+07,1.59803e+07,libvpx
210395801,39225.8,0,39225.8,32.4,957460,1920,1080,311633,2615627191,1.36845e+07,1.59786e+07,libvpx
210396803,39256.2,0,39256.2,30.2,958103,1920,1080,311859,2617247518,1.29367e+07,1.59762e+07,libvpx
210397805,39286,0,39286,29.8,958738,1920,1080,312083,2618953192,1.36182e+07,1.59744e+07,libvpx
210398807,39316,0,39316,29.4,959473,1920,1080,312310,2620724118,1.41391e+07,1.5973e+07,libvpx
210399808,39346.6,0,39346.6,30.6,960200,1920,1080,312533,2622381026,1.3242e+07,1.59709e+07,libvpx
210400810,39376.4,0,39376.4,29.6,960886,1920,1080,312750,2624110257,1.38062e+07,1.59693e+07,libvpx
210401811,39406.4,0,39406.4,30,961516,1920,1080,312963,2625852660,1.39253e+07,1.59677e+07,libvpx
210402813,39436.4,0,39436.4,29.8,962288,1920,1080,313180,2627603001,1.39748e+07,1.59662e+07,libvpx
210403814,39466.4,0,39466.4,30,963084,1920,1080,313404,2629467951,1.49047e+07,1.59654e+07,libvpx
210404815,39496,0,39496,29.6,963844,1920,1080,313648,2631318556,1.479e+07,1.59645e+07,libvpx
210405817,39526.2,0,39526.2,30.2,964651,1920,1080,313903,2633201642,1.50346e+07,1.59638e+07,libvpx
210406818,39556.6,0,39556.6,30.4,965351,1920,1080,314130,2634833970,1.30456e+07,1.59616e+07,libvpx
210407819,39586.2,0,39586.2,29.6,966096,1920,1080,314343,2636671600,1.46864e+07,1.59606e+07,libvpx
210408821,39616.2,0,39616.2,30,966903,1920,1080,314578,2638299728,1.2999e+07,1.59584e+07,libvpx
210409822,39646.4,0,39646.4,30.2,967729,1920,1080,314803,2640180256,1.50292e+07,1.59577e+07,libvpx
210410822,39676.2,0,39676.2,29.8,968506,1920,1080,315046,2642146408,1.57292e+07,1.59575e+07,libvpx
210411823,39705.2,0,39705.2,29,969241,1920,1080,315272,2643640718,1.19425e+07,1.59545e+07,libvpx
210412825,39729.4,0,39729.4,24,970147,1920,1080,315463,2645255333,1.28911e+07,1.59522e+07,libvpx
210413826,39762,0,39762,32.6,971158,1920,1080,315681,2646510773,1.00335e+07,1.59477e+07,libvpx
210414828,39797,0,39797,34.8,971752,1920,1080,315917,2647474708,7.69609e+06,1.59415e+07,libvpx
210415830,39827,0,39827,29.8,972115,1920,1080,316126,2648436434,7.67845e+06,1.59353e+07,libvpx
210416832,39857.6,0,39857.6,30.6,972508,1920,1080,316338,2649462940,8.19566e+06,1.59294e+07,libvpx
210417832,39885.2,0,39885.2,27.4,973112,1920,1080,316523,2650550668,8.70182e+06,1.5924e+07,libvpx
210418834,39915.8,0,39915.8,30.6,974043,1920,1080,316723,2651584537,8.25444e+06,1.59182e+07,libvpx
210419836,39947.8,0,39947.8,32,974766,1920,1080,316912,2652362771,6.21345e+06,1.59109e+07,libvpx
210420838,39978,0,39978,30,975137,1920,1080,317094,2653221169,6.85348e+06,1.59041e+07,libvpx
210421840,40008,0,40008,30,975468,1920,1080,317293,2654037539,6.51792e+06,1.58971e+07,libvpx
210422841,40038,0,40038,30,975884,1920,1080,317480,2654966767,7.4264e+06,1.58908e+07,libvpx
210423842,40068,0,40068,30,976284,1920,1080,317670,2655779434,6.49484e+06,1.58837e+07,libvpx
210424843,40097.6,0,40097.6,29.6,976734,1920,1080,317848,2656682866,7.22024e+06,1.58773e+07,libvpx
210425845,40127.6,0,40127.6,30,977342,1920,1080,318031,2657611671,7.41561e+06,1.58709e+07,libvpx
210426846,40158,0,40158,30.4,977747,1920,1080,318214,2658483814,6.97017e+06,1.58643e+07,libvpx
210427847,40188,0,40188,30,978057,1920,1080,318426,2659394934,7.28168e+06,1.58579e+07,libvpx
210428849,40218,0,40218,30,978410,1920,1080,318628,2660300746,7.23203e+06,1.58514e+07,libvpx
210429850,40248,0,40248,30,978759,1920,1080,318828,2661253974,7.61821e+06,1.58453e+07,libvpx
210430851,40277.6,0,40277.6,29.6,979145,1920,1080,319020,2662186196,7.45033e+06,1.58391e+07,libvpx
210431852,40308,0,40308,30.4,979622,1920,1080,319207,2663124767,7.50107e+06,1.58328e+07,libvpx
210432853,40338,0,40338,30,980052,1920,1080,319404,2664041334,7.32521e+06,1.58265e+07,libvpx
210433855,40368,0,40368,30,980428,1920,1080,319610,2664967635,7.39562e+06,1.58203e+07,libvpx
210434856,40398,0,40398,30,980799,1920,1080,319820,2665926484,7.66313e+06,1.58142e+07,libvpx
210435857,40428,0,40428,30,981186,1920,1080,320015,2666892088,7.71711e+06,1.58082e+07,libvpx
210436858,40458,0,40458,30,981579,1920,1080,320210,2667895839,8.02199e+06,1.58024e+07,libvpx
210437860,40488,0,40488,30,982031,1920,1080,320397,2668873451,7.80529e+06,1.57965e+07,libvpx
210438861,40517.8,0,40517.8,29.8,982475,1920,1080,320579,2669861891,7.89962e+06,1.57907e+07,libvpx
210439865,40548.4,0,40548.4,30.4,982854,1920,1080,320778,2670810242,7.55658e+06,1.57845e+07,libvpx
210440866,40578,0,40578,29.6,983241,1920,1080,320977,2671807130,7.96714e+06,1.57788e+07,libvpx
210441868,40609,0,40609,30.6,983638,1920,1080,321179,2672787860,7.83018e+06,1.57729e+07,libvpx
210442869,40639,0,40639,30,984001,1920,1080,321382,2673766630,7.82234e+06,1.5767e+07,libvpx
210443871,40668.4,0,40668.4,29.4,984422,1920,1080,321571,2674829772,8.48816e+06,1.57617e+07,libvpx
210444872,40698.4,0,40698.4,30,985041,1920,1080,321761,2675832934,8.01728e+06,1.57559e+07,libvpx
210445873,40729,0,40729,30.2,985510,1920,1080,321982,2676731162,7.17865e+06,1.57496e+07,libvpx
210446875,40759,0,40759,30,986019,1920,1080,322192,2677772204,8.31171e+06,1.57442e+07,libvpx
210447876,40788.4,0,40788.4,29.4,986637,1920,1080,322395,2678718965,7.56652e+06,1.57381e+07,libvpx
210448877,40819,0,40819,30.6,987213,1920,1080,322588,2679726523,8.05241e+06,1.57325e+07,libvpx
210449879,40849,0,40849,30,987762,1920,1080,322774,2680752584,8.1921e+06,1.5727e+07,libvpx
210450880,40879,0,40879,30,988300,1920,1080,322951,2681783711,8.24078e+06,1.57215e+07,libvpx
210451881,40909,0,40909,30,988901,1920,1080,323122,2682832176,8.37934e+06,1.57161e+07,libvpx
210452882,40939,0,40939,30,989423,1920,1080,323301,2683877102,8.35106e+06,1.57107e+07,libvpx
210453883,40969,0,40969,30,990022,1920,1080,323480,2684930010,8.41485e+06,1.57054e+07,libvpx
210454885,40998.6,0,40998.6,29.6,990630,1920,1080,323667,2686041021,8.87035e+06,1.57003e+07,libvpx
210455886,41029,0,41029,30.4,991222,1920,1080,323865,2687118397,8.6104e+06,1.56952e+07,libvpx
210456887,41059,0,41059,30,991564,1920,1080,324068,2688219342,8.79876e+06,1.56901e+07,libvpx
210457888,41089,0,41089,30,991936,1920,1080,324260,2689354332,9.07085e+06,1.56853e+07,libvpx
210458890,41119,0,41119,30,992282,1920,1080,324464,2690586299,9.83606e+06,1.5681e+07,libvpx
210459896,41148.6,0,41148.6,29.6,992819,1920,1080,324662,2692025518,1.14451e+07,1.56779e+07,libvpx
210460898,41179,0,41179,30.4,993500,1920,1080,324865,2693498000,1.17563e+07,1.56751e+07,libvpx
210461899,41209,0,41209,30,994106,1920,1080,325061,2695062146,1.25007e+07,1.56728e+07,libvpx
210462901,41239,0,41239,30,994623,1920,1080,325281,2696711761,1.31706e+07,1.56709e+07,libvpx
210463904,41269.2,0,41269.2,30,995236,1920,1080,325506,2698570942,1.4829e+07,1.56703e+07,libvpx
210464905,41299,0,41299,29.6,996004,1920,1080,325739,2700656471,1.66676e+07,1.5671e+07,libvpx
210465906,41328.8,0,41328.8,29.8,996915,1920,1080,325977,2702875085,1.77312e+07,1.56725e+07,libvpx
210466907,41358.4,0,41358.4,29.4,997791,1920,1080,326248,2705018747,1.71322e+07,1.56736e+07,libvpx
210467910,41388,0,41388,29.6,998664,1920,1080,326569,2707208013,1.74617e+07,1.56749e+07,libvpx
210468912,41410.2,0,41410.2,22,999635,1920,1080,326788,2708909938,1.35882e+07,1.56734e+07,libvpx
210469914,41434,0,41434,23.8,1.00041e+06,1920,1080,326973,2709874622,7.70207e+06,1.56676e+07,libvpx
210470915,41462.8,0,41462.8,28.8,1.00072e+06,1920,1080,327151,2710686799,6.49093e+06,1.5661e+07,libvpx
210471916,41493,0,41493,30.2,1.00115e+06,1920,1080,327335,2711530740,6.74478e+06,1.56545e+07,libvpx
210472918,41523,0,41523,30,1.00152e+06,1920,1080,327524,2712584210,8.41094e+06,1.56493e+07,libvpx
210473918,41553,0,41553,30,1.00192e+06,1920,1080,327721,2713579363,7.96122e+06,1.56438e+07,libvpx
210474919,41583,0,41583,30,1.00228e+06,1920,1080,327918,2714641217,8.48635e+06,1.56386e+07,libvpx
210475921,41613,0,41613,30,1.0028e+06,1920,1080,328117,2715678682,8.28315e+06,1.56333e+07,libvpx
210476922,41643,0,41643,30,1.00309e+06,1920,1080,328331,2716739652,8.47928e+06,1.56282e+07,libvpx
210477923,41673,0,41673,30,1.00342e+06,1920,1080,328557,2717831102,8.72288e+06,1.56232e+07,libvpx
210478924,41703,0,41703,30,1.00386e+06,1920,1080,328751,2718881395,8.39395e+06,1.5618e+07,libvpx
210479926,41733,0,41733,29.8,1.00419e+06,1920,1080,328967,2719918370,8.27924e+06,1.56127e+07,libvpx
210480928,41763,0,41763,30,1.00446e+06,1920,1080,329173,2720974767,8.43431e+06,1.56076e+07,libvpx
210481929,41793,0,41793,29.2,1.00472e+06,1920,1080,329386,2722074031,8.78533e+06,1.56027e+07,libvpx
210482931,41822.6,0,41822.6,29.6,1.00503e+06,1920,1080,329623,2723224804,9.18781e+06,1.55981e+07,libvpx
210483932,41853.2,0,41853.2,30,1.00551e+06,1920,1080,329838,2724276129,8.4022e+06,1.55929e+07,libvpx
210484935,41883.8,0,41883.8,30.2,1.00584e+06,1920,1080,330049,2725386592,8.85713e+06,1.55881e+07,libvpx
210485937,41913.6,0,41913.6,29.8,1.00614e+06,1920,1080,330268,2726495478,8.85338e+06,1.55833e+07,libvpx
210486938,41944,0,41944,30.2,1.00651e+06,1920,1080,330473,2727536825,8.32245e+06,1.55781e+07,libvpx
210487939,41974,0,41974,30,1.00679e+06,1920,1080,330685,2728675609,9.10117e+06,1.55734e+07,libvpx
210488943,42004,0,42004,30,1.00717e+06,1920,1080,330900,2729738624,8.47024e+06,1.55684e+07,libvpx
210489945,42034,0,42034,30,1.00764e+06,1920,1080,331107,2730913693,9.38179e+06,1.55639e+07,libvpx
210490948,42063.8,0,42063.8,29.8,1.0081e+06,1920,1080,331304,2731975271,8.46722e+06,1.55589e+07,libvpx
210491949,42093.8,0,42093.8,29.8,1.00855e+06,1920,1080,331497,2733048133,8.57432e+06,1.55539e+07,libvpx
210492951,42123.4,0,42123.4,29.6,1.00921e+06,1920,1080,331690,2734262090,9.69227e+06,1.55497e+07,libvpx
210493952,42154,0,42154,30.6,1.00966e+06,1920,1080,331891,2735412317,9.19262e+06,1.55452e+07,libvpx
210494953,42184,0,42184,30,1.00992e+06,1920,1080,332122,2736639962,9.81135e+06,1.55411e+07,libvpx
210495954,42214,0,42214,30,1.01024e+06,1920,1080,332342,2737970002,1.06297e+07,1.55376e+07,libvpx
210496956,42244,0,42244,30,1.01064e+06,1920,1080,332551,2739452972,1.18401e+07,1.5535e+07,libvpx
210497958,42274,0,42274,30,1.01118e+06,1920,1080,332765,2741077084,1.2967e+07,1.55332e+07,libvpx
210498960,42304,0,42304,30,1.01175e+06,1920,1080,332991,2742752753,1.33786e+07,1.55317e+07,libvpx
210499961,42334,0,42334,30,1.01236e+06,1920,1080,333221,2744601855,1.4778e+07,1.55311e+07,libvpx
210500963,42364,0,42364,30,1.01302e+06,1920,1080,333445,2746436929,1.46513e+07,1.55305e+07,libvpx
210501965,42394,0,42394,30,1.01373e+06,1920,1080,333674,2748347201,1.52517e+07,1.55303e+07,libvpx
210502966,42422.4,0,42422.4,28.4,1.01452e+06,1920,1080,333904,2750333949,1.58781e+07,1.55306e+07,libvpx
210503967,42449,0,42449,26,1.01547e+06,1920,1080,334120,2752017048,1.34513e+07,1.55291e+07,libvpx
210504969,42484.4,0,42484.4,35.4,1.01617e+06,1920,1080,334360,2753122223,8.82375e+06,1.55244e+07,libvpx
210505970,42514.2,0,42514.2,29.8,1.01663e+06,1920,1080,334562,2754209880,8.69256e+06,1.55195e+07,libvpx
210506971,42544.2,0,42544.2,29.8,1.01737e+06,1920,1080,334762,2755390149,9.43272e+06,1.55153e+07,libvpx
210507972,42575,0,42575,30.8,1.01786e+06,1920,1080,334988,2756370155,7.83222e+06,1.55098e+07,libvpx
210508973,42605,0,42605,30,1.01811e+06,1920,1080,335212,2757311319,7.52179e+06,1.55042e+07,libvpx
210509974,42635,0,42635,30,1.01836e+06,1920,1080,335420,2758255359,7.54478e+06,1.54986e+07,libvpx
210510976,42664.8,0,42664.8,29.8,1.01866e+06,1920,1080,335643,2759341902,8.67499e+06,1.54938e+07,libvpx
210511977,42694.8,0,42694.8,30,1.01909e+06,1920,1080,335852,2760372831,8.23919e+06,1.54887e+07,libvpx
210512978,42725,0,42725,30.2,1.01943e+06,1920,1080,336071,2761313750,7.51983e+06,1.54831e+07,libvpx
210513980,42755,0,42755,30,1.01982e+06,1920,1080,336280,2762432977,8.93594e+06,1.54785e+07,libvpx
210514981,42785,0,42785,30,1.02024e+06,1920,1080,336505,2763396638,7.70159e+06,1.54731e+07,libvpx
210515982,42815,0,42815,30,1.0208e+06,1920,1080,336685,2764453699,8.44804e+06,1.54682e+07,libvpx
210516983,42845,0,42845,30,1.02137e+06,1920,1080,336868,2765527808,8.58429e+06,1.54634e+07,libvpx
210517984,42875,0,42875,30,1.0219e+06,1920,1080,337055,2766610013,8.64899e+06,1.54586e+07,libvpx
210518985,42905,0,42905,30,1.02235e+06,1920,1080,337249,2767705561,8.75563e+06,1.54539e+07,libvpx
210519986,42935,0,42935,30,1.02265e+06,1920,1080,337474,2768800802,8.75317e+06,1.54492e+07,libvpx
210520987,42965,0,42965,30,1.02299e+06,1920,1080,337681,2769877751,8.60699e+06,1.54445e+07,libvpx
210521988,42995,0,42995,30,1.02342e+06,1920,1080,337880,2771026504,9.18084e+06,1.54401e+07,libvpx
210522989,43025,0,43025,30,1.02385e+06,1920,1080,338073,2772143595,8.9278e+06,1.54356e+07,libvpx
210523990,43055,0,43055,30,1.02423e+06,1920,1080,338268,2773253426,8.86978e+06,1.5431e+07,libvpx
210524991,43085,0,43085,30,1.02452e+06,1920,1080,338481,2774357191,8.8213e+06,1.54264e+07,libvpx
210525993,43115,0,43115,30,1.02478e+06,1920,1080,338702,2775450944,8.73256e+06,1.54217e+07,libvpx
210526995,43144.8,0,43144.8,29.8,1.0251e+06,1920,1080,338925,2776662549,9.67349e+06,1.54177e+07,libvpx
210527997,43175,0,43175,29.8,1.02567e+06,1920,1080,339143,2777777232,8.89966e+06,1.54132e+07,libvpx
210528999,43205.2,0,43205.2,29.6,1.02597e+06,1920,1080,339393,2778957827,9.42591e+06,1.5409e+07,libvpx
210530001,43235.8,0,43235.8,29.8,1.02626e+06,1920,1080,339613,2780208630,9.98645e+06,1.54053e+07,libvpx
210531002,43265.4,0,43265.4,29.4,1.02669e+06,1920,1080,339816,2781632243,1.13775e+07,1.54025e+07,libvpx
210532004,43294.8,0,43294.8,29.2,1.02732e+06,1920,1080,340021,2783255157,1.29574e+07,1.54008e+07,libvpx
210533005,43325,0,43325,30.2,1.02808e+06,1920,1080,340237,2784951718,1.35589e+07,1.53995e+07,libvpx
210534006,43355.6,0,43355.6,30.2,1.02877e+06,1920,1080,340462,2786559692,1.28509e+07,1.53978e+07,libvpx
210535008,43385,0,43385,29.4,1.02959e+06,1920,1080,340689,2788488440,1.53992e+07,1.53978e+07,libvpx
210536009,43414.6,0,43414.6,29.6,1.03052e+06,1920,1080,340932,2790419376,1.54321e+07,1.53978e+07,libvpx
210537010,43444.8,0,43444.8,30.2,1.03148e+06,1920,1080,341195,2792788426,1.89335e+07,1.54002e+07,libvpx
210538011,43474.4,0,43474.4,29.6,1.03237e+06,1920,1080,341449,2795082144,1.83314e+07,1.54022e+07,libvpx
210539012,43504.4,0,43504.4,30,1.03333e+06,1920,1080,341718,2797565989,1.98509e+07,1.54053e+07,libvpx
210540014,43531.8,0,43531.8,27.4,1.03431e+06,1920,1080,341951,2799648915,1.66301e+07,1.54062e+07,libvpx
210541016,43562,0,43562,30.2,1.0353e+06,1920,1080,342203,2801835227,1.74556e+07,1.54076e+07,libvpx
210542017,43595.6,0,43595.6,33.4,1.03614e+06,1920,1080,342449,2803485257,1.31871e+07,1.5406e+07,libvpx
210543019,43625.8,0,43625.8,30.2,1.03691e+06,1920,1080,342668,2804816441,1.06282e+07,1.54028e+07,libvpx
210544020,43656,0,43656,30.2,1.03746e+06,1920,1080,342894,2806153255,1.06838e+07,1.53995e+07,libvpx
210545021,43685.6,0,43685.6,29.6,1.03806e+06,1920,1080,343099,2807619125,1.17152e+07,1.5397e+07,libvpx
210546022,43715.4,0,43715.4,29.8,1.03872e+06,1920,1080,343306,2809046654,1.14088e+07,1.53943e+07,libvpx
210547026,43746,0,43746,30.6,1.03939e+06,1920,1080,343514,2810558854,1.20494e+07,1.5392e+07,libvpx
210548225,43779,0,43779,30,1.04011e+06,1920,1080,343740,2812337208,1.18656e+07,1.53891e+07,libvpx
210549226,43811.6,0,43811.6,29.6,1.04084e+06,1920,1080,343981,2813898258,1.24759e+07,1.53871e+07,libvpx
210550227,43841.8,0,43841.8,30.2,1.04155e+06,1920,1080,344195,2815480330,1.26439e+07,1.53852e+07,libvpx
210551228,43872,0,43872,30.2,1.04228e+06,1920,1080,344428,2816963261,1.18516e+07,1.53828e+07,libvpx
210552229,43901.8,0,43901.8,29.8,1.043e+06,1920,1080,344647,2818507996,1.23455e+07,1.53807e+07,libvpx
210553231,43931.8,0,43931.8,30,1.04367e+06,1920,1080,344856,2820064870,1.24301e+07,1.53787e+07,libvpx
210554232,43962,0,43962,30.2,1.04439e+06,1920,1080,345054,2821546295,1.18396e+07,1.53763e+07,libvpx
210555233,43992,0,43992,30,1.04508e+06,1920,1080,345258,2823166762,1.29508e+07,1.53746e+07,libvpx
210556234,44022,0,44022,29.8,1.04578e+06,1920,1080,345469,2824648997,1.1846e+07,1.53722e+07,libvpx
210557236,44052,0,44052,30,1.04652e+06,1920,1080,345688,2826287059,1.30783e+07,1.53707e+07,libvpx
210558237,44082.2,0,44082.2,30.2,1.04727e+06,1920,1080,345906,2827731438,1.15435e+07,1.53681e+07,libvpx
210559238,44112.2,0,44112.2,30,1.04793e+06,1920,1080,346112,2829140774,1.12634e+07,1.53653e+07,libvpx
210560239,44141.4,0,44141.4,29.2,1.04869e+06,1920,1080,346338,2830918037,1.42039e+07,1.53645e+07,libvpx
210561242,44172.4,0,44172.4,30.8,1.04942e+06,1920,1080,346564,2832504516,1.26539e+07,1.53626e+07,libvpx
210562243,44202.4,0,44202.4,29.6,1.05012e+06,1920,1080,346782,2834179141,1.33836e+07,1.53613e+07,libvpx
210563244,44232.2,0,44232.2,29.6,1.05088e+06,1920,1080,346998,2835949078,1.41454e+07,1.53605e+07,libvpx
210564245,44262,0,44262,29.8,1.05168e+06,1920,1080,347222,2837919174,1.5745e+07,1.53607e+07,libvpx
210565246,44292,0,44292,30,1.05253e+06,1920,1080,347458,2840143822,1.77794e+07,1.53624e+07,libvpx
210566248,44322.4,0,44322.4,30,1.05332e+06,1920,1080,347696,2842292767,1.71572e+07,1.53636e+07,libvpx
210567249,44352.6,0,44352.6,30.2,1.05408e+06,1920,1080,347942,2844617825,1.85819e+07,1.53658e+07,libvpx
210568250,44382.2,0,44382.2,29.4,1.05486e+06,1920,1080,348205,2847253328,2.1063e+07,1.53696e+07,libvpx
210569251,44411.6,0,44411.6,29.4,1.05574e+06,1920,1080,348488,2849990162,2.18728e+07,1.5374e+07,libvpx
210570253,44436.6,0,44436.6,25,1.05671e+06,1920,1080,348734,2852151744,1.72581e+07,1.53753e+07,libvpx
210571254,44472.2,0,44472.2,35.4,1.05756e+06,1920,1080,349012,2853971960,1.45472e+07,1.53747e+07,libvpx
210572255,44503,0,44503,30.8,1.05816e+06,1920,1080,349224,2855556147,1.26608e+07,1.53729e+07,libvpx
210573257,44532.8,0,44532.8,29.8,1.05868e+06,1920,1080,349426,2857100191,1.23277e+07,1.53708e+07,libvpx
210574258,44563,0,44563,30.2,1.05914e+06,1920,1080,349649,2858599502,1.19825e+07,1.53685e+07,libvpx
210575259,44592.8,0,44592.8,29.8,1.05954e+06,1920,1080,349883,2860114316,1.21064e+07,1.53664e+07,libvpx
210576261,44623,0,44623,30.2,1.05998e+06,1920,1080,350103,2861589189,1.17754e+07,1.53639e+07,libvpx
210577264,44653,0,44653,30,1.06042e+06,1920,1080,350317,2863002096,1.12694e+07,1.53612e+07,libvpx
210578266,44683,0,44683,29.4,1.06085e+06,1920,1080,350536,2864555061,1.23989e+07,1.53592e+07,libvpx
210579267,44713,0,44713,29.8,1.0615e+06,1920,1080,350747,2866040779,1.18739e+07,1.53569e+07,libvpx
210580269,44743.6,0,44743.6,30.6,1.06213e+06,1920,1080,350976,2867430873,1.10986e+07,1.5354e+07,libvpx
210581271,44774,0,44774,30.2,1.0626e+06,1920,1080,351214,2868939360,1.20438e+07,1.53518e+07,libvpx
210582273,44803.6,0,44803.6,29.6,1.06303e+06,1920,1080,351449,2870369601,1.14191e+07,1.53491e+07,libvpx
210583274,44833.6,0,44833.6,29.8,1.06353e+06,1920,1080,351657,2871896843,1.22057e+07,1.5347e+07,libvpx
210584275,44863.8,0,44863.8,29.8,1.06392e+06,1920,1080,351880,2873414756,1.21312e+07,1.53449e+07,libvpx
210585277,44894,0,44894,30.2,1.06437e+06,1920,1080,352100,2874964597,1.2374e+07,1.53429e+07,libvpx
210586278,44924,0,44924,30,1.06481e+06,1920,1080,352306,2876496237,1.22409e+07,1.53408e+07,libvpx
210587279,44954,0,44954,30,1.06522e+06,1920,1080,352508,2878056977,1.24734e+07,1.53389e+07,libvpx
210588281,44984,0,44984,30,1.06571e+06,1920,1080,352705,2879589218,1.22335e+07,1.53369e+07,libvpx
210589283,45013.6,0,45013.6,29.6,1.0662e+06,1920,1080,352916,2881217608,1.30011e+07,1.53353e+07,libvpx
210590283,45044,0,45044,30.4,1.06681e+06,1920,1080,353155,2882792909,1.26024e+07,1.53335e+07,libvpx
210591285,45074,0,45074,30,1.06736e+06,1920,1080,353358,2884375606,1.26363e+07,1.53317e+07,libvpx
210592286,45104,0,45104,30,1.06792e+06,1920,1080,353558,2885929110,1.24156e+07,1.53298e+07,libvpx
210593287,45133.8,0,45133.8,29.8,1.06841e+06,1920,1080,353769,2887445830,1.21216e+07,1.53276e+07,libvpx
210594288,45163,0,45163,29.2,1.06895e+06,1920,1080,353986,2889022405,1.26e+07,1.53258e+07,libvpx
210595289,45193.6,0,45193.6,30.6,1.06979e+06,1920,1080,354213,2890712090,1.3504e+07,1.53246e+07,libvpx
210596290,45224,0,45224,30.4,1.07028e+06,1920,1080,354427,2892227317,1.21097e+07,1.53225e+07,libvpx
210597291,45254,0,45254,30,1.07073e+06,1920,1080,354640,2893733326,1.2036e+07,1.53203e+07,libvpx
210598293,45283.8,0,45283.8,29.8,1.07124e+06,1920,1080,354864,2895325423,1.27114e+07,1.53186e+07,libvpx
210599294,45313.4,0,45313.4,29.6,1.07192e+06,1920,1080,355081,2897001928,1.33986e+07,1.53173e+07,libvpx
210600295,45343.4,0,45343.4,30,1.07268e+06,1920,1080,355308,2898628236,1.29975e+07,1.53158e+07,libvpx
210601299,45374.2,0,45374.2,30.8,1.07334e+06,1920,1080,355538,2900203913,1.25552e+07,1.53139e+07,libvpx
210602300,45404,0,45404,29.8,1.07393e+06,1920,1080,355756,2902015640,1.44793e+07,1.53134e+07,libvpx
210603301,45434,0,45434,30,1.07465e+06,1920,1080,355979,2903943441,1.5407e+07,1.53134e+07,libvpx
210604303,45464,0,45464,29.6,1.07542e+06,1920,1080,356203,2906151906,1.76325e+07,1.5315e+07,libvpx
210605304,45494.2,0,45494.2,30.2,1.07622e+06,1920,1080,356440,2908530839,1.90125e+07,1.53174e+07,libvpx
210606305,45524,0,45524,29.8,1.077e+06,1920,1080,356694,2910922979,1.9118e+07,1.53199e+07,libvpx
210607306,45553.8,0,45553.8,29.8,1.07791e+06,1920,1080,356989,2913895912,2.37597e+07,1.53255e+07,libvpx
210608307,45584,0,45584,30.2,1.07873e+06,1920,1080,357255,2916247786,1.87962e+07,1.53277e+07,libvpx
210609308,45613,0,45613,28.8,1.07956e+06,1920,1080,357511,2919048908,2.23866e+07,1.53324e+07,libvpx
210610309,45642.8,0,45642.8,29.8,1.08055e+06,1920,1080,357822,2922606205,2.84299e+07,1.5341e+07,libvpx
210611310,45673,0,45673,30.2,1.08148e+06,1920,1080,358116,2925366517,2.20604e+07,1.53454e+07,libvpx
210612311,45704,0,45704,31,1.08243e+06,1920,1080,358419,2928591257,2.57721e+07,1.53522e+07,libvpx
210613312,45734.4,0,45734.4,30.4,1.08331e+06,1920,1080,358718,2931497470,2.32265e+07,1.53574e+07,libvpx
210614314,45764,0,45764,29.6,1.08409e+06,1920,1080,358994,2934592640,2.47119e+07,1.53635e+07,libvpx
210615316,45794,0,45794,29.8,1.08495e+06,1920,1080,359283,2937729428,2.50442e+07,1.53699e+07,libvpx
210616317,45824.2,0,45824.2,30.2,1.08586e+06,1920,1080,359641,2941509229,3.02082e+07,1.53796e+07,libvpx
210617318,45852,0,45852,27.8,1.08678e+06,1920,1080,359971,2945007617,2.79591e+07,1.53878e+07,libvpx
210618319,45875.8,0,45875.8,23.6,1.08779e+06,1920,1080,360256,2948361943,2.68078e+07,1.53953e+07,libvpx
210619320,45913.6,0,45913.6,37.6,1.08878e+06,1920,1080,360592,2951043866,2.1434e+07,1.53992e+07,libvpx
210620321,45944.8,0,45944.8,31.2,1.08964e+06,1920,1080,360844,2953093580,1.63813e+07,1.53999e+07,libvpx
210621323,45974.8,0,45974.8,30,1.09053e+06,1920,1080,361078,2955189348,1.67327e+07,1.54007e+07,libvpx
210622324,46004.8,0,46004.8,30,1.09132e+06,1920,1080,361300,2957191881,1.60043e+07,1.54011e+07,libvpx
210623326,46035,0,46035,30.2,1.09217e+06,1920,1080,361530,2959132222,1.54917e+07,1.54012e+07,libvpx
210624327,46064.8,0,46064.8,29.8,1.09292e+06,1920,1080,361760,2961170830,1.62926e+07,1.54018e+07,libvpx
210625329,46095,0,46095,30.2,1.09367e+06,1920,1080,361994,2963022525,1.4784e+07,1.54014e+07,libvpx
210626330,46125,0,46125,30,1.09419e+06,1920,1080,362206,2964620692,1.27726e+07,1.53996e+07,libvpx
210627331,46154.4,0,46154.4,29.4,1.09482e+06,1920,1080,362428,2966759774,1.70956e+07,1.54007e+07,libvpx
210628332,46185,0,46185,30.6,1.09575e+06,1920,1080,362670,2968835500,1.65892e+07,1.54015e+07,libvpx
210629333,46215,0,46215,30,1.09659e+06,1920,1080,362901,2970828284,1.59263e+07,1.54019e+07,libvpx
210630334,46245,0,46245,30,1.09741e+06,1920,1080,363132,2972828652,1.5987e+07,1.54022e+07,libvpx
210631336,46275,0,46275,30,1.0982e+06,1920,1080,363381,2974810751,1.58251e+07,1.54025e+07,libvpx
210632337,46305,0,46305,30,1.09901e+06,1920,1080,363611,2976885766,1.65835e+07,1.54033e+07,libvpx
210633338,46335,0,46335,30,1.09982e+06,1920,1080,363844,2978821584,1.54711e+07,1.54033e+07,libvpx
210634340,46365.4,0,46365.4,30.4,1.10065e+06,1920,1080,364074,2980802569,1.58162e+07,1.54036e+07,libvpx
210635341,46395.4,0,46395.4,30,1.10139e+06,1920,1080,364302,2982768494,1.57117e+07,1.54038e+07,libvpx
210636343,46425,0,46425,29.6,1.10221e+06,1920,1080,364536,2984762160,1.59175e+07,1.54041e+07,libvpx
210637344,46455.4,0,46455.4,30.4,1.10295e+06,1920,1080,364775,2986726419,1.56984e+07,1.54043e+07,libvpx
210638346,46485.4,0,46485.4,30,1.10378e+06,1920,1080,365020,2988815170,1.66767e+07,1.54051e+07,libvpx
210639347,46515.4,0,46515.4,30,1.10459e+06,1920,1080,365255,2990916709,1.67955e+07,1.5406e+07,libvpx
210640349,46545.4,0,46545.4,30,1.10543e+06,1920,1080,365485,2993006319,1.66835e+07,1.54069e+07,libvpx
210641350,46575,0,46575,29.4,1.10622e+06,1920,1080,365715,2995016993,1.60693e+07,1.54073e+07,libvpx
210642353,46605.6,0,46605.6,30.4,1.10698e+06,1920,1080,365966,2997108519,1.66822e+07,1.54081e+07,libvpx
210643354,46635.6,0,46635.6,29.8,1.10787e+06,1920,1080,366206,2999352564,1.79344e+07,1.54097e+07,libvpx
210644356,46666,0,46666,30,1.10869e+06,1920,1080,366451,3001339693,1.58653e+07,1.541e+07,libvpx
210645357,46695.4,0,46695.4,29.4,1.10943e+06,1920,1080,366673,3003430410,1.6709e+07,1.54109e+07,libvpx
210646360,46725.8,0,46725.8,30,1.11035e+06,1920,1080,366948,3005662990,1.78072e+07,1.54124e+07,libvpx
210647361,46756,0,46756,30.2,1.1111e+06,1920,1080,367187,3007667142,1.60172e+07,1.54128e+07,libvpx
210648363,46785.6,0,46785.6,29.6,1.11178e+06,1920,1080,367420,3009797072,1.70054e+07,1.54138e+07,libvpx
210649364,46815.8,0,46815.8,30.2,1.11261e+06,1920,1080,367668,3011976773,1.74202e+07,1.54151e+07,libvpx
210650365,46846,0,46846,30.2,1.11336e+06,1920,1080,367921,3014665258,2.14864e+07,1.5419e+07,libvpx
210651366,46876,0,46876,30,1.11421e+06,1920,1080,368188,3017482301,2.25138e+07,1.54235e+07,libvpx
210652367,46904.6,0,46904.6,28.6,1.1151e+06,1920,1080,368450,3020544301,2.44715e+07,1.54293e+07,libvpx
210653368,46935.2,0,46935.2,30.6,1.11608e+06,1920,1080,368746,3023653199,2.48463e+07,1.54353e+07,libvpx
210654369,46965.6,0,46965.6,30.2,1.11701e+06,1920,1080,369013,3026318649,2.13023e+07,1.54391e+07,libvpx
210655370,46995.8,0,46995.8,30.2,1.11791e+06,1920,1080,369271,3028858058,2.0295e+07,1.54422e+07,libvpx
210656371,47026,0,47026,30.2,1.11878e+06,1920,1080,369535,3031365844,2.00422e+07,1.54451e+07,libvpx
210657372,47056,0,47056,30,1.11962e+06,1920,1080,369785,3033837217,1.97512e+07,1.54478e+07,libvpx
210658373,47086,0,47086,30,1.12046e+06,1920,1080,370032,3036237124,1.91801e+07,1.54502e+07,libvpx
210659375,47116,0,47116,30,1.12125e+06,1920,1080,370267,3038529908,1.83057e+07,1.5452e+07,libvpx
210660376,47146.2,0,47146.2,30.2,1.12198e+06,1920,1080,370493,3040643716,1.68936e+07,1.54529e+07,libvpx
210661377,47176,0,47176,29.6,1.12279e+06,1920,1080,370751,3043279538,2.10655e+07,1.54565e+07,libvpx
210662378,47205.8,0,47205.8,29.8,1.12374e+06,1920,1080,371019,3046027656,2.1963e+07,1.54606e+07,libvpx
210663379,47236,0,47236,30.2,1.12464e+06,1920,1080,371282,3048535921,2.00461e+07,1.54635e+07,libvpx
210664380,47262.6,0,47262.6,26.4,1.12536e+06,1920,1080,371505,3049956964,1.1357e+07,1.54609e+07,libvpx
210665382,47266,0,47266,3.2,1.12544e+06,1920,1080,371532,3049956964,0,1.54511e+07,libvpx
210666383,47266,0,47266,0,1.12544e+06,1920,1080,371532,3049956964,0,1.54413e+07,libvpx
210667385,47266,0,47266,0,1.12544e+06,1920,1080,371532,3049956964,0,1.54316e+07,libvpx
