timestamp_ms,frames_decoded,frames_dropped,frames_received,framerate,jitter_buffer_delay_ms,video_width,video_height,total_decode_time_ms,total_bytes_received,bitrates,overall_avg_bitrates,decoder_implementation
207281583,0,0,0,0,0,0,0,0,0,0,0,unknown
207282584,0.333333,0,0.333333,15.8333,11.284,960,528,0.660833,12745,101858,101858,libvpx
207283585,19.6,0,19.6,32.6,439.706,960,528,43.443,703656,5.52177e+06,2.81181e+06,libvpx
207284586,51,0,51,31.4,977.946,960,528,119.576,1385663,5.45061e+06,3.69141e+06,libvpx
207285587,81.8,0,81.8,30.8,1116.54,960,528,197.754,2111062,5.79739e+06,4.21791e+06,libvpx
207286588,112,0,112,30.2,1288.93,960,528,276.979,2834737,5.78362e+06,4.53105e+06,libvpx
207287589,141,0,141,29,1526.48,960,528,354.824,3639943,6.43521e+06,4.84841e+06,libvpx
207288590,171.6,0,171.6,30.6,1940.19,960,528,442.699,4521266,7.04354e+06,5.162e+06,libvpx
207289591,201.6,0,201.6,29.8,2293.99,960,528,536.664,5469040,7.57462e+06,5.46358e+06,libvpx
207290592,231.4,0,231.4,29.4,2603.28,960,528,625.869,6487708,8.1412e+06,5.76109e+06,libvpx
207291593,262,0,262,30.4,2943.89,960,528,719.926,7457277,7.7488e+06,5.95986e+06,libvpx
207292593,284.8,0,284.8,22.8,3205.89,1280,704,794.777,8120616,5.30671e+06,5.90054e+06,libvpx
207293594,311.6,0,311.6,26.8,3519.52,1280,704,913.002,9373327,1.00117e+07,6.24316e+06,libvpx
207294595,341.8,0,341.8,30.2,4178.4,1280,704,1046.07,10577490,9.62368e+06,6.50322e+06,libvpx
207295597,372,0,372,30.2,5420.8,1280,704,1167.91,11618161,8.30875e+06,6.63232e+06,libvpx
207296598,394,0,394,22,6557.2,1920,1072,1268.79,12417761,6.39041e+06,6.61619e+06,libvpx
207297598,419.4,0,419.4,25.4,8703.97,1920,1072,1450.6,14041982,1.29938e+07,7.01441e+06,libvpx
207298600,449,0,449,29.4,11614.6,1920,1072,1703.17,15822031,1.4212e+07,7.43822e+06,libvpx
207299600,479,0,479,30,15030.7,1920,1072,1969.27,17651668,1.46371e+07,7.83778e+06,libvpx
207300602,508.8,0,508.8,29.8,18473.9,1920,1072,2240.15,19516236,1.48868e+07,8.20915e+06,libvpx
207301603,539,0,539,30.2,22606.6,1920,1072,2516.98,21596580,1.66261e+07,8.63e+06,libvpx
207302604,568.2,0,568.2,29.2,26901.1,1920,1072,2788.39,23872284,1.81874e+07,9.08512e+06,libvpx
207303606,598,0,598,29.8,31543,1920,1072,3081.72,25893065,1.6134e+07,9.40583e+06,libvpx
207304607,628,0,628,29.6,35448.5,1920,1072,3376.72,27853930,1.56712e+07,9.67822e+06,libvpx
207305607,658.2,0,658.2,30,40333.1,1920,1072,3633.34,29329014,1.18007e+07,9.76657e+06,libvpx
207306609,688,0,688,29.8,45585.8,1920,1072,3863.16,30792707,1.16862e+07,9.84343e+06,libvpx
207307610,718,0,718,30,50701.9,1920,1072,4115.09,32328104,1.22709e+07,9.93679e+06,libvpx
207308611,748,0,748,30,55903.2,1920,1072,4361.6,33863646,1.22721e+07,1.00233e+07,libvpx
207309612,778,0,778,30,61523.7,1920,1072,4597.05,35387401,1.21779e+07,1.01002e+07,libvpx
207310613,808,0,808,30,67062.9,1920,1072,4827.72,36891986,1.20247e+07,1.01666e+07,libvpx
207311614,838,0,838,30,72689.3,1920,1072,5049.41,38417502,1.21919e+07,1.02341e+07,libvpx
207312616,868.4,0,868.4,30.4,78417.2,1920,1072,5284.1,40012482,1.27344e+07,1.03148e+07,libvpx
207313618,899,0,899,30,84049.6,1920,1072,5529.64,41584290,1.25494e+07,1.03847e+07,libvpx
207314618,929,0,929,30,89654.7,1920,1072,5763.7,43087256,1.20237e+07,1.04343e+07,libvpx
207315619,959,0,959,30,95312.8,1920,1072,5990.83,44664672,1.26067e+07,1.04982e+07,libvpx
207316620,989,0,989,30,100813,1920,1072,6231.25,46190877,1.21974e+07,1.05468e+07,libvpx
207317621,1019,0,1019,30,106141,1920,1072,6472.23,47711296,1.21512e+07,1.05913e+07,libvpx
207318622,1049.4,0,1049.4,30.4,111680,1920,1072,6741.36,49365461,1.32201e+07,1.06624e+07,libvpx
207319625,1080,0,1080,30.4,117385,1920,1072,6982.71,50890664,1.21651e+07,1.0702e+07,libvpx
207320626,1110,0,1110,30,122973,1920,1072,7214.21,52485031,1.27422e+07,1.07543e+07,libvpx
207321627,1140,0,1140,30,128568,1920,1072,7447.56,53989882,1.20268e+07,1.07861e+07,libvpx
207322628,1170,0,1170,30,134376,1920,1072,7687.06,55588855,1.2779e+07,1.08347e+07,libvpx
207323630,1200.4,0,1200.4,30.2,139978,1920,1072,7934.43,57058329,1.17323e+07,1.08561e+07,libvpx
207324631,1226.6,0,1226.6,25.6,144538,1920,1072,8135.47,58608571,1.23895e+07,1.08918e+07,libvpx
207325632,1256,0,1256,29.4,150194,1920,1072,8373.72,60253651,1.31475e+07,1.0943e+07,libvpx
207326633,1286,0,1286,30,155946,1920,1072,8622.34,62014900,1.40759e+07,1.10126e+07,libvpx
207327636,1316.8,0,1316.8,30.4,161491,1920,1072,8893.75,64004455,1.58688e+07,1.11184e+07,libvpx
207328637,1347,0,1347,30,167045,1920,1072,9167.58,66171538,1.73193e+07,1.12503e+07,libvpx
207329638,1377,0,1377,30,172677,1920,1072,9441.22,68409503,1.78858e+07,1.13885e+07,libvpx
207330639,1407,0,1407,30,178449,1920,1072,9721.76,70857974,1.95682e+07,1.15554e+07,libvpx
207331640,1437,0,1437,30,184226,1920,1072,10028.5,73465811,2.08419e+07,1.17411e+07,libvpx
207332642,1467,0,1467,30,189321,1920,1072,10350.6,75719618,1.79945e+07,1.18639e+07,libvpx
207333643,1497.2,0,1497.2,29.4,193595,1920,1072,10629.6,77772727,1.64085e+07,1.19512e+07,libvpx
207334643,1527,0,1527,29.4,199272,1920,1072,10874.2,79542889,1.41613e+07,1.19929e+07,libvpx
207335644,1557,0,1557,30,205678,1920,1072,11117.1,81291716,1.39766e+07,1.20296e+07,libvpx
207336646,1587,0,1587,30,211563,1920,1072,11373.3,83078974,1.42695e+07,1.20704e+07,libvpx
207337647,1617.4,0,1617.4,30.4,217018,1920,1072,11600.8,84286331,9.64921e+06,1.20272e+07,libvpx
207338647,1647,0,1647,29.6,222980,1920,1072,11812,85519255,9.86339e+06,1.19892e+07,libvpx
207339648,1677,0,1677,30,229636,1920,1072,12028,86755054,9.87652e+06,1.19528e+07,libvpx
207340649,1707,0,1707,30,236417,1920,1072,12251.9,87993130,9.89471e+06,1.19179e+07,libvpx
207341650,1737,0,1737,30,243322,1920,1072,12471.6,89247450,1.00245e+07,1.18864e+07,libvpx
207342651,1767,0,1767,30,249964,1920,1072,12687.8,90500410,1.00137e+07,1.18557e+07,libvpx
207343652,1797.4,0,1797.4,29.8,256718,1920,1072,12909.7,91762310,1.00851e+07,1.18271e+07,libvpx
207344653,1827,0,1827,29.2,263238,1920,1072,13122,93058039,1.03555e+07,1.18038e+07,libvpx
207345654,1857,0,1857,30,270306,1920,1072,13327.9,94298356,9.91262e+06,1.17742e+07,libvpx
207346656,1887,0,1887,30,277598,1920,1072,13544.6,95656365,1.08424e+07,1.17599e+07,libvpx
207347657,1917,0,1917,30,284123,1920,1072,13766.6,96898672,9.92853e+06,1.17321e+07,libvpx
207348659,1947.8,0,1947.8,30.8,290916,1920,1072,13984.6,98196164,1.03592e+07,1.17116e+07,libvpx
207349660,1978,0,1978,30.2,298057,1920,1072,14196.5,99482088,1.02771e+07,1.16905e+07,libvpx
207350661,2008,0,2008,30,305044,1920,1072,14407.9,100745738,1.00991e+07,1.16675e+07,libvpx
207351662,2038,0,2038,30,312176,1920,1072,14622.1,102049907,1.04229e+07,1.16497e+07,libvpx
207352663,2068,0,2068,30,319358,1920,1072,14843.9,103405002,1.08299e+07,1.16382e+07,libvpx
207353664,2098,0,2098,30,326684,1920,1072,15067.2,104691012,1.02778e+07,1.16193e+07,libvpx
207354666,2128.6,0,2128.6,30.6,333875,1920,1072,15298.9,105827416,9.07309e+06,1.15844e+07,libvpx
207355667,2154.6,0,2154.6,25.8,339795,1920,1072,15486.9,107104700,1.02081e+07,1.15658e+07,libvpx
207356668,2184.2,0,2184.2,29.6,346402,1920,1072,15708.5,108391828,1.02867e+07,1.15487e+07,libvpx
207357669,2214.8,0,2214.8,30.2,353054,1920,1072,15919.7,109396336,8.02804e+06,1.15024e+07,libvpx
207358670,2245,0,2245,30.2,359984,1920,1072,16125.3,110363549,7.72997e+06,1.14534e+07,libvpx
207359671,2275,0,2275,30,366855,1920,1072,16318.9,111300070,7.48468e+06,1.14025e+07,libvpx
207360672,2305,0,2305,30,373728,1920,1072,16521.2,112241619,7.52487e+06,1.13534e+07,libvpx
207361673,2335.4,0,2335.4,30.4,380701,1920,1072,16724.2,113259967,8.13865e+06,1.13133e+07,libvpx
207362676,2366,0,2366,30.4,387665,1920,1072,16936,114244972,7.85647e+06,1.12705e+07,libvpx
207363677,2396,0,2396,30,394642,1920,1072,17135.8,115235994,7.92026e+06,1.12297e+07,libvpx
207364679,2426,0,2426,30,401637,1920,1072,17316,116239871,8.01499e+06,1.11909e+07,libvpx
207365679,2456,0,2456,30,408727,1920,1072,17505.2,117248302,8.06745e+06,1.11538e+07,libvpx
207366680,2486,0,2486,30,416090,1920,1072,17702.4,118317908,8.5483e+06,1.11231e+07,libvpx
207367681,2516,0,2516,30,423393,1920,1072,17918.9,119320482,8.01258e+06,1.10869e+07,libvpx
207368682,2546,0,2546,30,430733,1920,1072,18120.9,120320195,7.98971e+06,1.10514e+07,libvpx
207369683,2576,0,2576,30,438184,1920,1072,18333.7,121363834,8.34077e+06,1.10206e+07,libvpx
207370684,2606.2,0,2606.2,30,445775,1920,1072,18530.7,122379703,8.11883e+06,1.0988e+07,libvpx
207371685,2637,0,2637,30.6,453165,1920,1072,18739.9,123379959,7.99405e+06,1.09547e+07,libvpx
207372686,2667,0,2667,30,460345,1920,1072,18955,124386372,8.04326e+06,1.09227e+07,libvpx
207373687,2697,0,2697,30,467165,1920,1072,19168.5,125423531,8.28898e+06,1.08941e+07,libvpx
207374688,2727,0,2727,30,474295,1920,1072,19376.1,126453208,8.22919e+06,1.08654e+07,libvpx
207375689,2757,0,2757,30,481267,1920,1072,19583.3,127502853,8.38877e+06,1.08391e+07,libvpx
207376690,2787,0,2787,30,488712,1920,1072,19794.6,128551696,8.38236e+06,1.08132e+07,libvpx
207377691,2817,0,2817,30,496132,1920,1072,19995.8,129567230,8.11616e+06,1.07851e+07,libvpx
207378692,2847.4,0,2847.4,30.4,502925,1920,1072,20198.3,130632951,8.51725e+06,1.07618e+07,libvpx
207379699,2877.8,0,2877.8,30,510153,1920,1072,20427.3,131680261,8.32024e+06,1.07367e+07,libvpx
207380700,2908,0,2908,30,517402,1920,1072,20662.1,132790438,8.87254e+06,1.07179e+07,libvpx
207381701,2938,0,2938,30,524595,1920,1072,20878,133900229,8.86946e+06,1.06994e+07,libvpx
207382702,2968,0,2968,30,531793,1920,1072,21124.6,134980097,8.63031e+06,1.06789e+07,libvpx
207383703,2998,0,2998,30,539146,1920,1072,21320.8,136038452,8.45838e+06,1.06571e+07,libvpx
207384704,3028,0,3028,30,546556,1920,1072,21514.2,137056466,8.13598e+06,1.06327e+07,libvpx
207385705,3058,0,3058,30,554067,1920,1072,21723.8,138057435,7.99975e+06,1.06074e+07,libvpx
207386706,3085,0,3085,27,560233,1920,1072,21904.5,139144247,8.68581e+06,1.05891e+07,libvpx
207387708,3115,0,3115,30,567683,1920,1072,22109,140287120,9.12473e+06,1.05752e+07,libvpx
207388709,3145.4,0,3145.4,30.4,575298,1920,1072,22312.7,141371006,8.66243e+06,1.05574e+07,libvpx
207389711,3176,0,3176,30.6,582647,1920,1072,22535.1,142477296,8.83265e+06,1.05414e+07,libvpx
207390712,3206,0,3206,30,589911,1920,1072,22755.3,143562764,8.67507e+06,1.05243e+07,libvpx
207391713,3236,0,3236,30,597033,1920,1072,22967.8,144694221,9.04261e+06,1.05108e+07,libvpx
207392714,3266,0,3266,30,603921,1920,1072,23174.5,145770378,8.60066e+06,1.04936e+07,libvpx
207393715,3296.6,0,3296.6,30.6,611233,1920,1072,23381.3,146843673,8.57778e+06,1.04765e+07,libvpx
207394718,3326.8,0,3326.8,30.2,618079,1920,1072,23613.5,147954589,8.86075e+06,1.04622e+07,libvpx
207395719,3357,0,3357,30.2,625430,1920,1072,23832.1,149130829,9.40052e+06,1.04529e+07,libvpx
207396720,3387,0,3387,30,632758,1920,1072,24040.5,150207599,8.60555e+06,1.04368e+07,libvpx
207397721,3417,0,3417,30,640160,1920,1072,24240.4,151345500,9.09411e+06,1.04252e+07,libvpx
207398722,3447,0,3447,30,647493,1920,1072,24446.8,152464223,8.94084e+06,1.04125e+07,libvpx
207399723,3477,0,3477,30,654631,1920,1072,24659.6,153589590,8.99394e+06,1.04005e+07,libvpx
207400724,3507.2,0,3507.2,30.2,661830,1920,1072,24867.2,154773330,9.46046e+06,1.03926e+07,libvpx
207401725,3538,0,3538,30.6,669235,1920,1072,25089.3,155868496,8.75258e+06,1.0379e+07,libvpx
207402726,3568,0,3568,30,676554,1920,1072,25294.5,157013104,9.14772e+06,1.03688e+07,libvpx
207403727,3598,0,3598,30,683864,1920,1072,25507.5,158149452,9.0817e+06,1.03582e+07,libvpx
207404728,3628,0,3628,30,691293,1920,1072,25719.5,159282519,9.05548e+06,1.03476e+07,libvpx
207405729,3658,0,3658,30,698549,1920,1072,25935.4,160200909,7.33978e+06,1.03234e+07,libvpx
207406730,3688,0,3688,30,705813,1920,1072,26134.5,161199719,7.9825e+06,1.03047e+07,libvpx
207407731,3718.6,0,3718.6,30.4,713154,1920,1072,26344.2,162129151,7.42803e+06,1.02818e+07,libvpx
207408732,3749,0,3749,30.2,720342,1920,1072,26550.1,163071640,7.53238e+06,1.02602e+07,libvpx
207409733,3779,0,3779,30,727326,1920,1072,26750,164004660,7.4567e+06,1.02383e+07,libvpx
207410734,3809,0,3809,30,734756,1920,1072,26947.9,164932044,7.41166e+06,1.02164e+07,libvpx
207411736,3837.8,0,3837.8,28.8,741843,1920,1072,27131.7,165803555,6.95817e+06,1.01913e+07,libvpx
207412737,3867,0,3867,29,748827,1920,1072,27318.4,166735437,7.44761e+06,1.01704e+07,libvpx
207413738,3897,0,3897,30,756157,1920,1072,27508.5,167734965,7.98824e+06,1.01538e+07,libvpx
207414739,3927,0,3927,30,763489,1920,1072,27706.2,168691601,7.64544e+06,1.0135e+07,libvpx
207415739,3957,0,3957,30,770717,1920,1072,27895.8,169646824,7.64178e+06,1.01164e+07,libvpx
207416740,3987,0,3987,30,777900,1920,1072,28090,170607656,7.67898e+06,1.00983e+07,libvpx
207417741,4017,0,4017,30,785007,1920,1072,28274.8,171590846,7.85766e+06,1.00819e+07,libvpx
207418743,4047,0,4047,30,792359,1920,1072,28467.5,172566800,7.79205e+06,1.00651e+07,libvpx
207419744,4077,0,4077,30,799711,1920,1072,28658.4,173538448,7.76542e+06,1.00485e+07,libvpx
207420744,4107,0,4107,30,807390,1920,1072,28856.6,174537701,7.99402e+06,1.00337e+07,libvpx
207421745,4137,0,4137,30,815118,1920,1072,29054.9,175516358,7.82143e+06,1.00179e+07,libvpx
207422746,4167,0,4167,30,822876,1920,1072,29247.6,176476294,7.67182e+06,1.00013e+07,libvpx
207423747,4197,0,4197,30,830643,1920,1072,29441.3,177462678,7.88319e+06,9.98636e+06,libvpx
207424748,4227.2,0,4227.2,30.2,838407,1920,1072,29628.3,178482742,8.15236e+06,9.97354e+06,libvpx
207425749,4257.8,0,4257.8,30,846066,1920,1072,29829.5,179424735,7.52842e+06,9.95656e+06,libvpx
207426750,4288,0,4288,30,853721,1920,1072,30023.7,180414220,7.90797e+06,9.94244e+06,libvpx
207427753,4318,0,4318,30,861343,1920,1072,30223.6,181400747,7.86861e+06,9.92821e+06,libvpx
207428754,4348,0,4348,30,869044,1920,1072,30422.6,182460289,8.46787e+06,9.91827e+06,libvpx
207429754,4378,0,4378,30,876679,1920,1072,30624.5,183486583,8.21035e+06,9.90675e+06,libvpx
207430755,4408,0,4408,30,884224,1920,1072,30818.9,184510274,8.18135e+06,9.89517e+06,libvpx
207431756,4438,0,4438,30,892051,1920,1072,31006.3,185523184,8.09518e+06,9.88317e+06,libvpx
207432757,4468,0,4468,30,899796,1920,1072,31201.2,186565498,8.33018e+06,9.87289e+06,libvpx
207433759,4498.6,0,4498.6,30.4,907693,1920,1072,31407.9,187599762,8.2576e+06,9.86225e+06,libvpx
207434762,4528.8,0,4528.8,29.8,915651,1920,1072,31639.8,188632913,8.24049e+06,9.85163e+06,libvpx
207435763,4559,0,4559,30,923542,1920,1072,31856.8,189636619,8.02163e+06,9.83975e+06,libvpx
207436764,4589,0,4589,30,931255,1920,1072,32066.7,190745276,8.8604e+06,9.83343e+06,libvpx
207437765,4619,0,4619,30,939042,1920,1072,32264.9,191769447,8.18518e+06,9.82287e+06,libvpx
207438766,4649,0,4649,30,946998,1920,1072,32475,192843395,8.583e+06,9.81497e+06,libvpx
207439769,4679.8,0,4679.8,30.6,954834,1920,1072,32684.9,193891244,8.35772e+06,9.80573e+06,libvpx
207440770,4710,0,4710,30,962433,1920,1072,32889.4,194908694,8.13147e+06,9.79521e+06,libvpx
207441771,4740,0,4740,30,969982,1920,1072,33097.8,195972732,8.5038e+06,9.78714e+06,libvpx
207442772,4770,0,4770,30,977698,1920,1072,33310.9,197002988,8.23381e+06,9.77749e+06,libvpx
207443773,4800,0,4800,30,985433,1920,1072,33523.4,198138787,9.07731e+06,9.77317e+06,libvpx
207444775,4830,0,4830,30,993418,1920,1072,33729.9,199228034,8.69658e+06,9.76656e+06,libvpx
207445776,4860.2,0,4860.2,30.2,1.00128e+06,1920,1072,33947.8,200365426,9.09005e+06,9.76243e+06,libvpx
207446778,4891,0,4891,30.2,1.00907e+06,1920,1072,34152.2,201383811,8.13082e+06,9.75254e+06,libvpx
207447780,4921,0,4921,30,1.01682e+06,1920,1072,34361.3,202548505,9.29895e+06,9.7498e+06,libvpx
207448781,4951,0,4951,30,1.02455e+06,1920,1072,34570.8,203626892,8.61848e+06,9.74303e+06,libvpx
207449782,4981,0,4981,30,1.03224e+06,1920,1072,34782.2,204747472,8.95568e+06,9.73834e+06,libvpx
207450783,5011,0,5011,30,1.04005e+06,1920,1072,34990,205857014,8.86747e+06,9.73319e+06,libvpx
207451785,5041,0,5041,30,1.04772e+06,1920,1072,35206.5,206856415,7.97925e+06,9.72287e+06,libvpx
207452786,5072,0,5072,30.8,1.05522e+06,1920,1072,35423.6,207726405,6.95297e+06,9.70667e+06,libvpx
207453788,5102,0,5102,30,1.06273e+06,1920,1072,35605.6,208567574,6.71592e+06,9.68927e+06,libvpx
207454790,5132,0,5132,30,1.07032e+06,1920,1072,35805.1,209414655,6.76312e+06,9.67234e+06,libvpx
207455790,5162,0,5162,30,1.07799e+06,1920,1072,35989.8,210248022,6.66694e+06,9.65509e+06,libvpx
207456791,5192,0,5192,30,1.08558e+06,1920,1072,36182.2,211129128,7.04181e+06,9.64016e+06,libvpx
207457793,5222,0,5222,30,1.09328e+06,1920,1072,36381.6,212028924,7.184e+06,9.62619e+06,libvpx
207458794,5252.2,0,5252.2,30.2,1.10087e+06,1920,1072,36584.7,212901996,6.9776e+06,9.61123e+06,libvpx
207459797,5283,0,5283,30.6,1.10803e+06,1920,1072,36779.2,213564231,5.28203e+06,9.58687e+06,libvpx
207460798,5313,0,5313,30,1.11535e+06,1920,1072,36965.2,214277467,5.70019e+06,9.56516e+06,libvpx
207461799,5343,0,5343,30,1.12276e+06,1920,1072,37152.2,214985591,5.65933e+06,9.54346e+06,libvpx
207462801,5373,0,5373,30,1.13046e+06,1920,1072,37331.8,215715523,5.8278e+06,9.52292e+06,libvpx
207463802,5403,0,5403,30,1.13835e+06,1920,1072,37516.8,216424679,5.66758e+06,9.50174e+06,libvpx
207464803,5433,0,5433,30,1.1463e+06,1920,1072,37694.2,217136445,5.68844e+06,9.48091e+06,libvpx
207465807,5463.6,0,5463.6,30,1.15329e+06,1920,1072,37876.2,217690315,4.41331e+06,9.45329e+06,libvpx
207466808,5494,0,5494,30.2,1.16097e+06,1920,1072,38052.5,218222597,4.254e+06,9.42519e+06,libvpx
207467809,5524,0,5524,30,1.16867e+06,1920,1072,38213.7,218747452,4.19465e+06,9.39707e+06,libvpx
207468810,5554,0,5554,30,1.17642e+06,1920,1072,38374.1,219261712,4.10997e+06,9.36881e+06,libvpx
207469811,5584.6,0,5584.6,30.6,1.18439e+06,1920,1072,38540.5,219821445,4.47339e+06,9.34277e+06,libvpx
207470813,5615,0,5615,30.4,1.19221e+06,1920,1072,38720.6,220381904,4.47472e+06,9.317e+06,libvpx
207471814,5645,0,5645,30,1.20005e+06,1920,1072,38887.3,220945227,4.50208e+06,9.29166e+06,libvpx
207472815,5675,0,5675,30,1.20757e+06,1920,1072,39059,221405843,3.68125e+06,9.26229e+06,libvpx
207473816,5705,0,5705,30,1.21475e+06,1920,1072,39223.3,222034464,5.02394e+06,9.24022e+06,libvpx
207474817,5735,0,5735,30,1.22227e+06,1920,1072,39393.9,222601465,4.53148e+06,9.21583e+06,libvpx
207475818,5765.2,0,5765.2,30.2,1.23024e+06,1920,1072,39564.7,223194568,4.74008e+06,9.19276e+06,libvpx
207476820,5796,0,5796,30.2,1.238e+06,1920,1072,39735.9,223760191,4.51595e+06,9.16876e+06,libvpx
207477821,5826,0,5826,30,1.24562e+06,1920,1072,39905.7,224336503,4.60589e+06,9.14549e+06,libvpx
207478822,5856,0,5856,30,1.25334e+06,1920,1072,40076.8,224882614,4.36452e+06,9.12122e+06,libvpx
207479823,5886,0,5886,30,1.26107e+06,1920,1072,40239.8,225447081,4.51122e+06,9.09795e+06,libvpx
207480824,5916,0,5916,30,1.26869e+06,1920,1072,40402.6,225953608,4.04817e+06,9.07257e+06,libvpx
207481825,5946.2,0,5946.2,30.2,1.27598e+06,1920,1072,40574.9,226613081,5.27051e+06,9.05357e+06,libvpx
207482826,5976.6,0,5976.6,30.2,1.28334e+06,1920,1072,40734.5,227210318,4.77312e+06,9.03228e+06,libvpx
207483827,6006.8,0,6006.8,29.8,1.29066e+06,1920,1072,40903.9,227844057,5.06485e+06,9.01264e+06,libvpx
207484829,6037,0,6037,30,1.29842e+06,1920,1072,41059.4,228418236,4.58426e+06,8.99081e+06,libvpx
207485830,6067,0,6067,30,1.30588e+06,1920,1072,41228.2,228994172,4.60289e+06,8.9693e+06,libvpx
207486831,6097,0,6097,30,1.31297e+06,1920,1072,41396.6,229619725,4.99942e+06,8.94994e+06,libvpx
207487832,6127,0,6127,30,1.32042e+06,1920,1072,41584.3,230244710,4.99489e+06,8.93075e+06,libvpx
207488833,6157,0,6157,30,1.32776e+06,1920,1072,41761.9,230860926,4.9248e+06,8.9114e+06,libvpx
207489834,6187,0,6187,30,1.33514e+06,1920,1072,41943.5,231479227,4.94147e+06,8.89232e+06,libvpx
207490836,6218,0,6218,30.8,1.34248e+06,1920,1072,42120.1,232120400,5.11915e+06,8.87425e+06,libvpx
207491837,6248,0,6248,30,1.35002e+06,1920,1072,42278.6,232734183,4.90536e+06,8.85535e+06,libvpx
207492837,6278,0,6278,30,1.35745e+06,1920,1072,42447,233360480,5.01038e+06,8.83715e+06,libvpx
207493839,6308,0,6308,30,1.36472e+06,1920,1072,42617.5,233972852,4.8892e+06,8.81852e+06,libvpx
207494840,6338,0,6338,30,1.37237e+06,1920,1072,42801.2,234599372,5.00715e+06,8.80063e+06,libvpx
207495842,6368.4,0,6368.4,30.4,1.37999e+06,1920,1072,42969.3,235265148,5.31558e+06,8.78433e+06,libvpx
207496843,6399,0,6399,30.2,1.38745e+06,1920,1072,43150.1,235880863,4.9208e+06,8.76636e+06,libvpx
207497844,6429,0,6429,30,1.39495e+06,1920,1072,43325.2,236557864,5.4106e+06,8.75083e+06,libvpx
207498845,6459,0,6459,30,1.40261e+06,1920,1072,43501.7,237226925,5.34714e+06,8.73515e+06,libvpx
207499846,6489,0,6489,30,1.41038e+06,1920,1072,43673,237923243,5.56498e+06,8.72061e+06,libvpx
207500847,6519,0,6519,30,1.4181e+06,1920,1072,43845.2,238569649,5.16608e+06,8.70438e+06,libvpx
207501848,6549,0,6549,30,1.42525e+06,1920,1072,44020.2,239114453,4.35408e+06,8.68461e+06,libvpx
207502851,6579.6,0,6579.6,30.4,1.43263e+06,1920,1072,44184.6,239630417,4.11537e+06,8.6639e+06,libvpx
207503851,6610,0,6610,30,1.44004e+06,1920,1072,44347.8,240144066,4.10919e+06,8.64341e+06,libvpx
207504852,6640,0,6640,30,1.44751e+06,1920,1072,44504,240627463,3.86331e+06,8.62197e+06,libvpx
207505853,6670,0,6670,30,1.45498e+06,1920,1072,44674.3,241130854,4.0231e+06,8.60145e+06,libvpx
207506854,6700,0,6700,30,1.46246e+06,1920,1072,44839.4,241652138,4.16611e+06,8.58174e+06,libvpx
207507855,6730,0,6730,30,1.46974e+06,1920,1072,44998.6,242126163,3.78841e+06,8.56053e+06,libvpx
207508856,6760,0,6760,30,1.47712e+06,1920,1072,45154.9,242645781,4.15279e+06,8.54112e+06,libvpx
207509857,6790.2,0,6790.2,30.2,1.48447e+06,1920,1072,45316,243177888,4.2526e+06,8.52232e+06,libvpx
207510861,6821,0,6821,30.8,1.49178e+06,1920,1072,45479.4,243693674,4.10985e+06,8.50299e+06,libvpx
207511862,6851,0,6851,30,1.49914e+06,1920,1072,45631.6,244231817,4.30084e+06,8.48473e+06,libvpx
207512864,6881,0,6881,30,1.50654e+06,1920,1072,45782.9,244730037,3.9778e+06,8.4652e+06,libvpx
207513865,6911,0,6911,30,1.51374e+06,1920,1072,45926.2,245322889,4.73808e+06,8.44914e+06,libvpx
207514866,6941,0,6941,30,1.52116e+06,1920,1072,46107.1,245876624,4.42545e+06,8.43187e+06,libvpx
207515867,6971,0,6971,30,1.52897e+06,1920,1072,46261.7,246408165,4.24808e+06,8.414e+06,libvpx
207516869,7002,0,7002,30.8,1.53641e+06,1920,1072,46431.4,246971526,4.49789e+06,8.39732e+06,libvpx
207517871,7032,0,7032,30,1.54378e+06,1920,1072,46591.5,247550270,4.62071e+06,8.38131e+06,libvpx
207518871,7062,0,7062,30,1.551e+06,1920,1072,46759.5,248101983,4.4137e+06,8.36459e+06,libvpx
207519872,7092,0,7092,30,1.55835e+06,1920,1072,46922.1,248676497,4.59152e+06,8.34874e+06,libvpx
207520874,7122,0,7122,30,1.56589e+06,1920,1072,47074.7,249202180,4.19707e+06,8.33135e+06,libvpx
207521874,7152,0,7152,30,1.57318e+06,1920,1072,47229,249805630,4.8276e+06,8.31677e+06,libvpx
207522876,7182,0,7182,30,1.58057e+06,1920,1072,47396.5,250373988,4.53779e+06,8.30108e+06,libvpx
207523877,7212,0,7212,30,1.58817e+06,1920,1072,47566.6,250951016,4.61161e+06,8.28584e+06,libvpx
207524879,7242.8,0,7242.8,30.6,1.59572e+06,1920,1072,47746.2,251564967,4.9018e+06,8.2719e+06,libvpx
207525880,7273,0,7273,30,1.60309e+06,1920,1072,47925.7,252137957,4.57934e+06,8.25677e+06,libvpx
207526881,7303,0,7303,30,1.61048e+06,1920,1072,48090.4,252695489,4.4558e+06,8.24126e+06,libvpx
207527882,7333,0,7333,30,1.61784e+06,1920,1072,48260.2,253294333,4.78597e+06,8.22721e+06,libvpx
207528883,7363,0,7363,30,1.62548e+06,1920,1072,48423.4,253882160,4.69792e+06,8.21293e+06,libvpx
207529884,7393,0,7393,30,1.63312e+06,1920,1072,48597,254497214,4.91552e+06,8.19964e+06,libvpx
207530887,7423.6,0,7423.6,30.6,1.64099e+06,1920,1072,48778.7,255115024,4.9277e+06,8.18647e+06,libvpx
207531888,7454,0,7454,30,1.64864e+06,1920,1072,48952.3,255721768,4.8491e+06,8.17313e+06,libvpx
207532889,7484,0,7484,30,1.65634e+06,1920,1072,49121,256336772,4.91512e+06,8.16015e+06,libvpx
207533890,7514,0,7514,30,1.66406e+06,1920,1072,49289.5,256915648,4.62638e+06,8.14613e+06,libvpx
207534891,7544,0,7544,30,1.67181e+06,1920,1072,49450.8,257523805,4.8604e+06,8.13314e+06,libvpx
207535894,7574,0,7574,30,1.67957e+06,1920,1072,49622.4,258146915,4.96997e+06,8.12067e+06,libvpx
207536894,7604,0,7604,30,1.68748e+06,1920,1072,49804.9,258776731,5.03853e+06,8.1086e+06,libvpx
207537895,7635,0,7635,30.8,1.69532e+06,1920,1072,49983.6,259447499,5.36078e+06,8.09787e+06,libvpx
207538897,7665,0,7665,30,1.7029e+06,1920,1072,50154.3,260069175,4.96348e+06,8.08566e+06,libvpx
207539898,7695,0,7695,30,1.71051e+06,1920,1072,50333.1,260790975,5.76863e+06,8.07668e+06,libvpx
207540899,7725,0,7725,30,1.7183e+06,1920,1072,50518.9,261541105,5.99504e+06,8.06865e+06,libvpx
207541900,7755,0,7755,30,1.72576e+06,1920,1072,50716.7,262366086,6.59325e+06,8.06297e+06,libvpx
207542901,7785,0,7785,30,1.73323e+06,1920,1072,50913.5,263156225,6.3148e+06,8.05628e+06,libvpx
207543902,7815,0,7815,30,1.74079e+06,1920,1072,51097.3,263800499,5.14904e+06,8.04518e+06,libvpx
207544903,7845,0,7845,30,1.74863e+06,1920,1072,51270.3,264483030,5.45479e+06,8.03533e+06,libvpx
207545904,7875,0,7875,30,1.75664e+06,1920,1072,51446.4,265160756,5.41639e+06,8.02542e+06,libvpx
207546904,7905.2,0,7905.2,30.2,1.76421e+06,1920,1072,51623,265822380,5.29299e+06,8.01512e+06,libvpx
207547907,7935.8,0,7935.8,30.4,1.77207e+06,1920,1072,51811.5,266503240,5.43059e+06,8.00538e+06,libvpx
207548908,7966,0,7966,30,1.77998e+06,1920,1072,51992.9,267201772,5.58267e+06,7.99631e+06,libvpx
207549909,7996,0,7996,30,1.7877e+06,1920,1072,52170.4,267944000,5.93189e+06,7.98861e+06,libvpx
207550910,8026,0,8026,30,1.79489e+06,1920,1072,52346,268623331,5.42922e+06,7.9791e+06,libvpx
207551911,8056,0,8056,30,1.80261e+06,1920,1072,52516.7,269299954,5.40758e+06,7.96958e+06,libvpx
207552911,8086,0,8086,30,1.81044e+06,1920,1072,52696.3,270014023,5.71255e+06,7.96126e+06,libvpx
207553912,8116,0,8116,30,1.81835e+06,1920,1072,52881.7,270750735,5.88781e+06,7.95364e+06,libvpx
207554914,8146,0,8146,30,1.82577e+06,1920,1072,53074.1,271462289,5.68107e+06,7.94531e+06,libvpx
207555914,8177,0,8177,31,1.83359e+06,1920,1072,53262.1,272199042,5.89402e+06,7.93783e+06,libvpx
207556916,8207,0,8207,30,1.84132e+06,1920,1072,53451.2,272918542,5.74451e+06,7.92985e+06,libvpx
207557917,8237,0,8237,30,1.84898e+06,1920,1072,53636,273613364,5.55302e+06,7.92124e+06,libvpx
207558918,8267,0,8267,30,1.85662e+06,1920,1072,53809.1,274357027,5.94336e+06,7.9141e+06,libvpx
207559919,8297,0,8297,30,1.86452e+06,1920,1072,53994,275084802,5.81638e+06,7.90655e+06,libvpx
207560920,8327.6,0,8327.6,30.6,1.87201e+06,1920,1072,54179.4,275682754,4.77884e+06,7.89535e+06,libvpx
207561921,8358,0,8358,30.4,1.87983e+06,1920,1072,54360.8,276225734,4.3395e+06,7.88265e+06,libvpx
207562922,8388,0,8388,30,1.88771e+06,1920,1072,54537.7,276794208,4.54325e+06,7.87077e+06,libvpx
207563923,8418,0,8418,30,1.89557e+06,1920,1072,54704.1,277386122,4.73058e+06,7.85963e+06,libvpx
207564923,8448,0,8448,30,1.90328e+06,1920,1072,54863.5,277983413,4.77833e+06,7.84876e+06,libvpx
207565924,8478,0,8478,30,1.91112e+06,1920,1072,55021.6,278558168,4.59345e+06,7.8373e+06,libvpx
207566926,8508,0,8508,30,1.91914e+06,1920,1072,55181.3,279150005,4.72525e+06,7.82637e+06,libvpx
207567927,8538.4,0,8538.4,30,1.92697e+06,1920,1072,55353.3,279735664,4.68059e+06,7.81537e+06,libvpx
207568930,8568.8,0,8568.8,30,1.93469e+06,1920,1072,55533.6,280321196,4.67025e+06,7.8044e+06,libvpx
207569931,8599,0,8599,30,1.94241e+06,1920,1072,55705.4,280899180,4.61925e+06,7.79334e+06,libvpx
207570932,8629,0,8629,30,1.95013e+06,1920,1072,55872.2,281546600,5.17419e+06,7.78428e+06,libvpx
207571933,8659,0,8659,30,1.95785e+06,1920,1072,56043.6,282150634,4.82744e+06,7.77408e+06,libvpx
207572935,8689,0,8689,30,1.96554e+06,1920,1072,56229.3,282760433,4.86865e+06,7.76409e+06,libvpx
207573936,8719,0,8719,30,1.97345e+06,1920,1072,56409.2,283296608,4.28511e+06,7.75218e+06,libvpx
207574938,8750,0,8750,30.6,1.98085e+06,1920,1072,56603.9,283958355,5.28341e+06,7.74375e+06,libvpx
207575939,8780,0,8780,30,1.98802e+06,1920,1072,56784.1,284602511,5.1481e+06,7.73492e+06,libvpx
207576940,8810,0,8810,30,1.99572e+06,1920,1072,56971.5,285235124,5.05585e+06,7.72584e+06,libvpx
207577941,8840,0,8840,30,2.00341e+06,1920,1072,57142.5,285868062,5.05845e+06,7.71683e+06,libvpx
207578942,8870,0,8870,30,2.01111e+06,1920,1072,57306,286504629,5.08745e+06,7.70798e+06,libvpx
207579943,8900,0,8900,30,2.01876e+06,1920,1072,57473.9,287166802,5.29209e+06,7.69987e+06,libvpx
207580946,8930,0,8930,30,2.02662e+06,1920,1072,57659.2,287795048,5.01094e+06,7.69086e+06,libvpx
207581949,8960.8,0,8960.8,30.4,2.03412e+06,1920,1072,57873.6,288449246,5.21793e+06,7.68261e+06,libvpx
207582950,8991,0,8991,30,2.04157e+06,1920,1072,58044.8,289117611,5.34158e+06,7.67483e+06,libvpx
207583951,9021,0,9021,30,2.04938e+06,1920,1072,58220.7,289765157,5.17519e+06,7.66656e+06,libvpx
207584952,9051,0,9051,30,2.05694e+06,1920,1072,58407.9,290451772,5.48743e+06,7.65937e+06,libvpx
207585953,9081,0,9081,30,2.06431e+06,1920,1072,58579.8,291072580,4.9615e+06,7.65049e+06,libvpx
207586956,9111,0,9111,30,2.07206e+06,1920,1072,58765.6,291820554,5.96589e+06,7.64496e+06,libvpx
207587959,9141.6,0,9141.6,30.2,2.07948e+06,1920,1072,59090.7,292448031,5.0048e+06,7.63632e+06,libvpx
207588960,9172,0,9172,30.2,2.08689e+06,1920,1072,59287.1,293140342,5.53296e+06,7.62947e+06,libvpx
207589961,9202,0,9202,30,2.09429e+06,1920,1072,59460.8,293785669,5.15746e+06,7.62144e+06,libvpx
207590962,9232,0,9232,30,2.10164e+06,1920,1072,59654.5,294496213,5.67867e+06,7.61516e+06,libvpx
207591963,9262,0,9262,30,2.10912e+06,1920,1072,59851.2,295201167,5.634e+06,7.60877e+06,libvpx
207592964,9292.2,0,9292.2,30.2,2.11676e+06,1920,1072,60040,295895429,5.54855e+06,7.60214e+06,libvpx
207593966,9322.6,0,9322.6,30.2,2.12422e+06,1920,1072,60220.9,296558974,5.29776e+06,7.59475e+06,libvpx
207594967,9353,0,9353,30,2.13179e+06,1920,1072,60408.9,297266378,5.65358e+06,7.58855e+06,libvpx
207595968,9383,0,9383,30,2.13935e+06,1920,1072,60589,297970779,5.62958e+06,7.58232e+06,libvpx
207596969,9413,0,9413,30,2.14686e+06,1920,1072,60771.1,298672436,5.60765e+06,7.57605e+06,libvpx
207597970,9443,0,9443,30,2.15443e+06,1920,1072,60945.6,299411846,5.90937e+06,7.57077e+06,libvpx
207598971,9473,0,9473,30,2.16213e+06,1920,1072,61124.3,300111797,5.59401e+06,7.56454e+06,libvpx
207599972,9503.4,0,9503.4,30.4,2.16993e+06,1920,1072,61315.2,300859694,5.9772e+06,7.55955e+06,libvpx
207600974,9534,0,9534,30.6,2.17747e+06,1920,1072,61492.3,301547674,5.49285e+06,7.55307e+06,libvpx
207601975,9564,0,9564,30,2.18519e+06,1920,1072,61679.6,302280938,5.86025e+06,7.54778e+06,libvpx
207602976,9594,0,9594,30,2.1929e+06,1920,1072,61860.6,303020281,5.90884e+06,7.54267e+06,libvpx
207603977,9624,0,9624,30,2.20062e+06,1920,1072,62045.2,303727090,5.64882e+06,7.53679e+06,libvpx
207604978,9654,0,9654,30,2.20829e+06,1920,1072,62253.5,304511781,6.27126e+06,7.53288e+06,libvpx
207605979,9684,0,9684,30,2.21599e+06,1920,1072,62457.7,305281301,6.15001e+06,7.52861e+06,libvpx
207606980,9714,0,9714,30,2.2237e+06,1920,1072,62646.4,306122950,6.72647e+06,7.52614e+06,libvpx
207607981,9744,0,9744,30,2.23103e+06,1920,1072,62832.2,306994345,6.9642e+06,7.52442e+06,libvpx
207608983,9774,0,9774,30,2.23871e+06,1920,1072,63032.5,308015904,8.15616e+06,7.52635e+06,libvpx
207609984,9804.4,0,9804.4,30.4,2.24638e+06,1920,1072,63253,309075798,8.47068e+06,7.52923e+06,libvpx
207610985,9835,0,9835,30,2.25403e+06,1920,1072,63475.5,310247849,9.36704e+06,7.53481e+06,libvpx
207611986,9865,0,9865,30,2.26152e+06,1920,1072,63695.2,311499662,1.00045e+07,7.5423e+06,libvpx
207612987,9895,0,9895,30,2.26898e+06,1920,1072,63925.2,312899408,1.11868e+07,7.5533e+06,libvpx
207613988,9925,0,9925,30,2.27657e+06,1920,1072,64155.9,314350300,1.15955e+07,7.56548e+06,libvpx
207614989,9955,0,9955,30,2.28432e+06,1920,1072,64391.5,315937988,1.26888e+07,7.58086e+06,libvpx
207615990,9985,0,9985,30,2.29216e+06,1920,1072,64632.9,317642325,1.36211e+07,7.59894e+06,libvpx
207616991,10015,0,10015,29.6,2.29967e+06,1920,1072,64888.1,319528619,1.50753e+07,7.62125e+06,libvpx
207617993,10045.6,0,10045.6,30.6,2.30713e+06,1920,1072,65155.3,321526158,1.59484e+07,7.64605e+06,libvpx
207618994,10076,0,10076,30,2.31378e+06,1920,1072,65413.8,323075948,1.23859e+07,7.66012e+06,libvpx
207619995,10106,0,10106,30,2.3214e+06,1920,1072,65653.6,324673783,1.27699e+07,7.67523e+06,libvpx
207620996,10136,0,10136,30,2.32901e+06,1920,1072,65894.8,326266056,1.27255e+07,7.69013e+06,libvpx
207621997,10166,0,10166,30,2.33624e+06,1920,1072,66160.3,328248375,1.58427e+07,7.7141e+06,libvpx
207622998,10196,0,10196,30,2.34388e+06,1920,1072,66418,330226707,1.58108e+07,7.73784e+06,libvpx
207623999,10226,0,10226,30,2.35173e+06,1920,1072,66688.3,332451410,1.77798e+07,7.76719e+06,libvpx
207625000,10256,0,10256,30,2.35948e+06,1920,1072,66962.5,334760432,1.84537e+07,7.79834e+06,libvpx
207626001,10286,0,10286,30,2.36712e+06,1920,1072,67244.1,337251561,1.99091e+07,7.83354e+06,libvpx
207627002,10316.2,0,10316.2,30.2,2.37461e+06,1920,1072,67553.3,339936166,2.14554e+07,7.87302e+06,libvpx
207628003,10346.2,0,10346.2,29.8,2.38165e+06,1920,1072,67884,342635359,2.1572e+07,7.9126e+06,libvpx
207629006,10377,0,10377,30.4,2.38832e+06,1920,1072,68185.2,344419399,1.42296e+07,7.93084e+06,libvpx
207630006,10407,0,10407,30,2.39589e+06,1920,1072,68445.5,346293426,1.49922e+07,7.9511e+06,libvpx
207631007,10437,0,10437,30,2.40354e+06,1920,1072,68705.2,348378602,1.66647e+07,7.97607e+06,libvpx
207632009,10467,0,10467,30,2.41129e+06,1920,1072,68968.6,350598419,1.77231e+07,8.00394e+06,libvpx
207633010,10497,0,10497,30,2.41903e+06,1920,1072,69273,353017668,1.93347e+07,8.03621e+06,libvpx
207634012,10527,0,10527,30,2.42692e+06,1920,1072,69576.2,355636734,2.09107e+07,8.07281e+06,libvpx
207635013,10557,0,10557,30,2.43458e+06,1920,1072,69894.5,358330890,2.15317e+07,8.11093e+06,libvpx
207636016,10588,0,10588,30.4,2.44201e+06,1920,1072,70226.5,360872096,2.02688e+07,8.14534e+06,libvpx
207637017,10618,0,10618,30,2.44957e+06,1920,1072,70526.1,362898938,1.61985e+07,8.16802e+06,libvpx
207638018,10648,0,10648,30,2.45708e+06,1920,1072,70797.8,364960760,1.64781e+07,8.19136e+06,libvpx
207639019,10678,0,10678,30,2.46456e+06,1920,1072,71065.4,366779158,1.45327e+07,8.20912e+06,libvpx
207640020,10708,0,10708,30,2.47191e+06,1920,1072,71342,368956342,1.74001e+07,8.23478e+06,libvpx
207641021,10738,0,10738,30,2.47964e+06,1920,1072,71617.3,371001971,1.63487e+07,8.25738e+06,libvpx
207642022,10768.2,0,10768.2,30.2,2.48746e+06,1920,1072,71897.1,373102332,1.67861e+07,8.28106e+06,libvpx
207643025,10798.8,0,10798.8,30.2,2.49505e+06,1920,1072,72158.9,374629105,1.21777e+07,8.29188e+06,libvpx
207644026,10829,0,10829,30,2.50247e+06,1920,1072,72402.9,376274964,1.31537e+07,8.30531e+06,libvpx
207645027,10859,0,10859,30,2.50992e+06,1920,1072,72643.9,378031974,1.4042e+07,8.32111e+06,libvpx
207646029,10889,0,10889,30,2.51723e+06,1920,1072,72894.3,379660734,1.30041e+07,8.33398e+06,libvpx
207647029,10919,0,10919,30,2.52469e+06,1920,1072,73124,380979201,1.05477e+07,8.34004e+06,libvpx
207648030,10949,0,10949,30,2.53251e+06,1920,1072,73335.7,382240194,1.00779e+07,8.34479e+06,libvpx
207649032,10979.2,0,10979.2,30.2,2.54022e+06,1920,1072,73556.6,383542916,1.0401e+07,8.35039e+06,libvpx
207650036,11010,0,11010,30,2.54792e+06,1920,1072,73781.9,384889253,1.07278e+07,8.35687e+06,libvpx
207651037,11040,0,11040,30,2.55557e+06,1920,1072,74007.5,386173270,1.02619e+07,8.36203e+06,libvpx
207652037,11070,0,11070,30,2.56303e+06,1920,1072,74221.2,387542345,1.09526e+07,8.36902e+06,libvpx
207653038,11100,0,11100,30,2.57083e+06,1920,1072,74439.8,388681808,9.1066e+06,8.37101e+06,libvpx
207654039,11130,0,11130,30,2.57819e+06,1920,1072,74658.7,390229560,1.23696e+07,8.38176e+06,libvpx
207655040,11160,0,11160,30,2.58586e+06,1920,1072,74875.6,391486964,1.00492e+07,8.38623e+06,libvpx
207656041,11190,0,11190,30,2.59358e+06,1920,1072,75105.3,392927688,1.15143e+07,8.39459e+06,libvpx
207657043,11220,0,11220,30,2.60127e+06,1920,1072,75334.6,394257315,1.06158e+07,8.40052e+06,libvpx
207658044,11250.2,0,11250.2,30.2,2.60874e+06,1920,1072,75567.9,395501040,9.93986e+06,8.40461e+06,libvpx
207659046,11280.8,0,11280.8,30.6,2.61617e+06,1920,1072,75784.9,396444044,7.52897e+06,8.40229e+06,libvpx
207660047,11311,0,11311,30,2.62394e+06,1920,1072,75989.7,397432347,7.89853e+06,8.40095e+06,libvpx
207661048,11341,0,11341,30,2.63161e+06,1920,1072,76189.1,398350460,7.33757e+06,8.39815e+06,libvpx
207662049,11371,0,11371,30,2.63887e+06,1920,1072,76395.1,399292521,7.52896e+06,8.39586e+06,libvpx
207663050,11401,0,11401,30,2.64609e+06,1920,1072,76595.1,400257372,7.7111e+06,8.39407e+06,libvpx
207664051,11431,0,11431,30,2.65383e+06,1920,1072,76795.7,401211294,7.62375e+06,8.39205e+06,libvpx
207665052,11461,0,11461,30,2.66181e+06,1920,1072,76985.4,402176802,7.71635e+06,8.39029e+06,libvpx
207666054,11491.8,0,11491.8,30.6,2.66941e+06,1920,1072,77196.6,403154431,7.80542e+06,8.38876e+06,libvpx
207667055,11522,0,11522,30.2,2.67688e+06,1920,1072,77404.2,404167959,8.10012e+06,8.38801e+06,libvpx
207668056,11552,0,11552,30,2.68464e+06,1920,1072,77606.4,405142114,7.78545e+06,8.38645e+06,libvpx
207669056,11582,0,11582,30,2.69245e+06,1920,1072,77806.1,406133259,7.92916e+06,8.38527e+06,libvpx
207670058,11612,0,11612,30,2.70012e+06,1920,1072,77997.5,407079852,7.55763e+06,8.38314e+06,libvpx
207671059,11642,0,11642,30,2.70747e+06,1920,1072,78192.5,408073317,7.93978e+06,8.382e+06,libvpx
207672060,11672,0,11672,30,2.71535e+06,1920,1072,78401,409132988,8.4689e+06,8.38222e+06,libvpx
207673061,11702.4,0,11702.4,30.4,2.72337e+06,1920,1072,78605.4,410133495,7.99606e+06,8.38123e+06,libvpx
207674063,11733,0,11733,30.2,2.73093e+06,1920,1072,78810.1,411133003,7.9801e+06,8.38021e+06,libvpx
207675065,11763,0,11763,30,2.73853e+06,1920,1072,79011.4,412134289,7.9943e+06,8.37923e+06,libvpx
207676066,11793,0,11793,30,2.74629e+06,1920,1072,79226,413140005,8.03769e+06,8.37836e+06,libvpx
207677067,11823,0,11823,30,2.75404e+06,1920,1072,79441.3,414189379,8.38661e+06,8.37838e+06,libvpx
207678068,11853,0,11853,30,2.76183e+06,1920,1072,79662.5,415130047,7.51783e+06,8.37621e+06,libvpx
207679069,11883,0,11883,30,2.76882e+06,1920,1072,79867.2,416008285,7.01889e+06,8.37279e+06,libvpx
207680069,11913,0,11913,30,2.77639e+06,1920,1072,80051.4,416699345,5.52848e+06,8.36565e+06,libvpx
207681070,11943.2,0,11943.2,30.2,2.78429e+06,1920,1072,80228.6,417399797,5.59802e+06,8.35872e+06,libvpx
207682071,11974,0,11974,30.8,2.7919e+06,1920,1072,80413.7,418066011,5.32439e+06,8.35113e+06,libvpx
207683073,12004,0,12004,30,2.79946e+06,1920,1072,80577.3,418654072,4.6951e+06,8.34201e+06,libvpx
207684074,12034,0,12034,30,2.80717e+06,1920,1072,80737.4,419253888,4.79373e+06,8.33318e+06,libvpx
207685075,12064,0,12064,30,2.81471e+06,1920,1072,80903.4,419794048,4.31696e+06,8.32322e+06,libvpx
207686076,12094,0,12094,30,2.82225e+06,1920,1072,81059.3,420313820,4.15402e+06,8.3129e+06,libvpx
207687077,12124,0,12124,30,2.82959e+06,1920,1072,81219.4,420877834,4.5076e+06,8.30351e+06,libvpx
207688078,12154,0,12154,30,2.83672e+06,1920,1072,81372.7,421389432,4.0887e+06,8.29313e+06,libvpx
207689079,12184,0,12184,30,2.84457e+06,1920,1072,81531.4,421877166,3.89797e+06,8.28233e+06,libvpx
207690082,12214.2,0,12214.2,30.2,2.8522e+06,1920,1072,81685.9,422381994,4.02654e+06,8.27188e+06,libvpx
207691084,12245,0,12245,30,2.85968e+06,1920,1072,81850.8,422880189,3.9776e+06,8.26138e+06,libvpx
207692085,12275,0,12275,30,2.86734e+06,1920,1072,82005.9,423361479,3.84647e+06,8.25061e+06,libvpx
207693086,12305,0,12305,30,2.87499e+06,1920,1072,82164.1,423864222,4.01793e+06,8.24031e+06,libvpx
207694087,12335,0,12335,30,2.8827e+06,1920,1072,82324.8,424316990,3.61853e+06,8.2291e+06,libvpx
207695088,12365,0,12365,30,2.8904e+06,1920,1072,82500.9,424859422,4.33512e+06,8.21967e+06,libvpx
207696089,12395,0,12395,30,2.89812e+06,1920,1072,82661.7,425352119,3.93764e+06,8.20933e+06,libvpx
207697090,12425,0,12425,30,2.90573e+06,1920,1072,82824.9,425860732,4.06484e+06,8.19935e+06,libvpx
207698091,12455,0,12455,30,2.91337e+06,1920,1072,82987.4,426356532,3.96244e+06,8.18916e+06,libvpx
207699093,12485,0,12485,30,2.92089e+06,1920,1072,83139.5,426900857,4.34591e+06,8.17994e+06,libvpx
207700095,12515.4,0,12515.4,30,2.9286e+06,1920,1072,83312.4,427407420,4.04442e+06,8.17004e+06,libvpx
207701098,12546,0,12546,30,2.93632e+06,1920,1072,83491.5,427935610,4.21288e+06,8.16058e+06,libvpx
207702099,12576,0,12576,30,2.94408e+06,1920,1072,83658.3,428490253,4.43271e+06,8.1517e+06,libvpx
207703100,12606,0,12606,30,2.9518e+06,1920,1072,83821.4,429004575,4.11047e+06,8.14211e+06,libvpx
207704101,12636,0,12636,30,2.95941e+06,1920,1072,83996,429554938,4.39851e+06,8.13324e+06,libvpx
207705102,12666,0,12666,30,2.96728e+06,1920,1072,84167,430113763,4.46613e+06,8.12457e+06,libvpx
207706103,12696,0,12696,30,2.97505e+06,1920,1072,84333.3,430681787,4.53965e+06,8.11612e+06,libvpx
207707104,12726,0,12726,30,2.98293e+06,1920,1072,84505.4,431208770,4.21165e+06,8.10693e+06,libvpx
207708107,12756.6,0,12756.6,30.4,2.9907e+06,1920,1072,84676.2,431780987,4.56404e+06,8.0986e+06,libvpx
207709108,12787,0,12787,30,2.99849e+06,1920,1072,84858,432322487,4.32767e+06,8.08977e+06,libvpx
207710109,12817,0,12817,30,3.00613e+06,1920,1072,85025.8,432889330,4.53021e+06,8.08146e+06,libvpx
207711110,12847,0,12847,30,3.01372e+06,1920,1072,85194.8,433458249,4.54681e+06,8.07322e+06,libvpx
207712111,12877,0,12877,30,3.02147e+06,1920,1072,85354.5,434028212,4.55515e+06,8.06504e+06,libvpx
207713112,12907,0,12907,30,3.02915e+06,1920,1072,85519.2,434621556,4.74201e+06,8.05733e+06,libvpx
207714113,12937,0,12937,30,3.0367e+06,1920,1072,85701.1,435190864,4.54991e+06,8.04921e+06,libvpx
207715119,12967,0,12967,30,3.04446e+06,1920,1072,85866.8,435801388,4.85506e+06,8.0418e+06,libvpx
207716120,12998,0,12998,30.8,3.05205e+06,1920,1072,86050.7,436425358,4.98677e+06,8.03477e+06,libvpx
207717122,13028,0,13028,30,3.05969e+06,1920,1072,86227.5,437011184,4.67725e+06,8.02704e+06,libvpx
207718123,13058,0,13058,30,3.06746e+06,1920,1072,86398.5,437620375,4.86866e+06,8.0198e+06,libvpx
207719124,13088,0,13088,30,3.07522e+06,1920,1072,86556.3,438203615,4.66126e+06,8.01212e+06,libvpx
207720125,13118,0,13118,30,3.08272e+06,1920,1072,86718.9,438795735,4.73223e+06,8.00463e+06,libvpx
207721126,13148,0,13148,30,3.09025e+06,1920,1072,86891,439431433,5.0805e+06,7.99797e+06,libvpx
207722127,13178.4,0,13178.4,30.4,3.09807e+06,1920,1072,87055,440092502,5.28327e+06,7.9918e+06,libvpx
207723128,13209,0,13209,30.4,3.1058e+06,1920,1072,87232.4,440792942,5.59792e+06,7.98637e+06,libvpx
207724129,13239,0,13239,30,3.11372e+06,1920,1072,87411.2,441530153,5.8918e+06,7.98164e+06,libvpx
207725130,13269,0,13269,30,3.1216e+06,1920,1072,87600.5,442347971,6.53601e+06,7.97837e+06,libvpx
207726131,13299,0,13299,30,3.12945e+06,1920,1072,87790.3,443249715,7.20675e+06,7.97664e+06,libvpx
207727132,13329.2,0,13329.2,30.2,3.13718e+06,1920,1072,87977.6,444238833,7.90504e+06,7.97648e+06,libvpx
207728133,13360,0,13360,30.8,3.14453e+06,1920,1072,88170.8,444945833,5.65035e+06,7.97126e+06,libvpx
207729134,13390,0,13390,30,3.15234e+06,1920,1072,88349.5,445716575,6.15978e+06,7.96721e+06,libvpx
207730135,13420,0,13420,30,3.15943e+06,1920,1072,88532.3,446479279,6.09554e+06,7.96303e+06,libvpx
207731136,13450,0,13450,30,3.16707e+06,1920,1072,88725.8,447251963,6.1753e+06,7.95905e+06,libvpx
207732137,13480,0,13480,30,3.17476e+06,1920,1072,88903.6,448001500,5.99031e+06,7.95468e+06,libvpx
207733138,13510.8,0,13510.8,30.8,3.18256e+06,1920,1072,89093.2,448805608,6.42644e+06,7.95129e+06,libvpx
207734142,13541,0,13541,30,3.1903e+06,1920,1072,89277.1,449587531,6.23046e+06,7.94747e+06,libvpx
207735143,13571,0,13571,30,3.19812e+06,1920,1072,89463.8,450372821,6.27604e+06,7.94378e+06,libvpx
207736144,13601,0,13601,30,3.20585e+06,1920,1072,89636.6,451153141,6.23632e+06,7.94002e+06,libvpx
207737146,13631,0,13631,30,3.21351e+06,1920,1072,89813.8,451943164,6.30757e+06,7.93643e+06,libvpx
207738147,13661,0,13661,30,3.22118e+06,1920,1072,89995.4,452731892,6.30352e+06,7.93285e+06,libvpx
207739148,13691,0,13691,30,3.22889e+06,1920,1072,90182.5,453567214,6.6759e+06,7.9301e+06,libvpx
207740149,13721.2,0,13721.2,30.2,3.2366e+06,1920,1072,90363.6,454364533,6.37218e+06,7.9267e+06,libvpx
207741150,13752,0,13752,30.2,3.24396e+06,1920,1072,90552.3,455161869,6.37232e+06,7.92332e+06,libvpx
207742151,13782,0,13782,30,3.25153e+06,1920,1072,90734.2,455971983,6.47444e+06,7.92017e+06,libvpx
207743152,13812,0,13812,30,3.25932e+06,1920,1072,90921.4,456807032,6.67372e+06,7.91746e+06,libvpx
207744153,13842,0,13842,30,3.26697e+06,1920,1072,91130,457656929,6.79238e+06,7.91503e+06,libvpx
207745154,13872,0,13872,30,3.27465e+06,1920,1072,91318.6,458460310,6.42063e+06,7.9118e+06,libvpx
207746156,13902,0,13902,30,3.28241e+06,1920,1072,91510.2,459280314,6.54694e+06,7.90886e+06,libvpx
207747159,13932,0,13932,30,3.29038e+06,1920,1072,91701.4,460096631,6.511e+06,7.90585e+06,libvpx
207748163,13962.8,0,13962.8,30.2,3.29792e+06,1920,1072,91919.2,460945546,6.76426e+06,7.90339e+06,libvpx
207749164,13993,0,13993,30.2,3.3051e+06,1920,1072,92123,461800148,6.82999e+06,7.90109e+06,libvpx
207750165,14023,0,14023,30,3.31271e+06,1920,1072,92311.4,462632078,6.64879e+06,7.89842e+06,libvpx
207751166,14053,0,14053,30,3.32021e+06,1920,1072,92501.2,463506403,6.98761e+06,7.89648e+06,libvpx
207752167,14083,0,14083,30,3.32776e+06,1920,1072,92688.8,464353243,6.76795e+06,7.89408e+06,libvpx
207753168,14113,0,14113,30,3.33528e+06,1920,1072,92883.7,465208819,6.83777e+06,7.89183e+06,libvpx
207754169,14143,0,14143,30,3.3428e+06,1920,1072,93096.7,466053906,6.75394e+06,7.88942e+06,libvpx
207755171,14173,0,14173,30,3.35058e+06,1920,1072,93306.6,466913324,6.86162e+06,7.88725e+06,libvpx
207756172,14204,0,14204,30.4,3.35793e+06,1920,1072,93514.8,467805636,7.13136e+06,7.88565e+06,libvpx
207757173,14234,0,14234,30,3.36506e+06,1920,1072,93705.5,468657916,6.81143e+06,7.88339e+06,libvpx
207758174,14264,0,14264,29.8,3.37242e+06,1920,1072,93911.5,469520669,6.89513e+06,7.88132e+06,libvpx
207759176,14295,0,14295,30.4,3.37973e+06,1920,1072,94106.6,470394700,6.97829e+06,7.87942e+06,libvpx
207760178,14325,0,14325,30,3.38682e+06,1920,1072,94287.3,471297594,7.20873e+06,7.87802e+06,libvpx
207761179,14355,0,14355,30,3.39374e+06,1920,1072,94470.4,472186841,7.10687e+06,7.87641e+06,libvpx
207762180,14385,0,14385,30,3.40094e+06,1920,1072,94656.8,473059751,6.9763e+06,7.87454e+06,libvpx
207763181,14415,0,14415,30,3.4082e+06,1920,1072,94854.7,473853604,6.34448e+06,7.87136e+06,libvpx
207764182,14445,0,14445,30,3.4149e+06,1920,1072,95061.1,474750572,7.16858e+06,7.8699e+06,libvpx
207765183,14475,0,14475,30,3.42207e+06,1920,1072,95244.3,475456453,5.64141e+06,7.86528e+06,libvpx
207766184,14505,0,14505,30,3.42936e+06,1920,1072,95423.9,476159862,5.62165e+06,7.86065e+06,libvpx
207767185,14535,0,14535,30,3.43687e+06,1920,1072,95601.3,476898608,5.90406e+06,7.85662e+06,libvpx
207768187,14565.4,0,14565.4,30,3.44409e+06,1920,1072,95775.8,477613579,5.70835e+06,7.85219e+06,libvpx
207769188,14596,0,14596,30.4,3.45126e+06,1920,1072,95966.2,478345812,5.85201e+06,7.84809e+06,libvpx
207770189,14626,0,14626,30,3.45846e+06,1920,1072,96150.4,479078258,5.85371e+06,7.844e+06,libvpx
207771191,14656,0,14656,30,3.46551e+06,1920,1072,96353.5,479845148,6.12287e+06,7.84048e+06,libvpx
207772192,14686,0,14686,30,3.47248e+06,1920,1072,96544.3,480588526,5.94108e+06,7.8366e+06,libvpx
207773193,14716,0,14716,30,3.47961e+06,1920,1072,96741.9,481341098,6.01456e+06,7.83289e+06,libvpx
207774194,14746.4,0,14746.4,30.4,3.4868e+06,1920,1072,96940.3,482037980,5.56949e+06,7.82829e+06,libvpx
207775198,14776.8,0,14776.8,29.8,3.4939e+06,1920,1072,97140.4,482806688,6.12516e+06,7.82483e+06,libvpx
207776199,14807,0,14807,30,3.50072e+06,1920,1072,97334.8,483564349,6.05523e+06,7.82125e+06,libvpx
207777200,14837,0,14837,30,3.50798e+06,1920,1072,97513.6,484306606,5.93212e+06,7.81743e+06,libvpx
207778201,14867,0,14867,30,3.51532e+06,1920,1072,97694.1,485074151,6.13423e+06,7.81404e+06,libvpx
207779203,14897,0,14897,30,3.52273e+06,1920,1072,97890.9,485821790,5.96917e+06,7.81033e+06,libvpx
207780204,14927.2,0,14927.2,30.2,3.52998e+06,1920,1072,98084.3,486648304,6.60551e+06,7.80791e+06,libvpx
207781207,14958,0,14958,30.6,3.5372e+06,1920,1072,98269.4,487409615,6.07227e+06,7.80442e+06,libvpx
207782210,14988,0,14988,30,3.54404e+06,1920,1072,98440.6,487954973,4.34981e+06,7.7975e+06,libvpx
207783211,15018,0,15018,30,3.55116e+06,1920,1072,98610.4,488522735,4.53756e+06,7.791e+06,libvpx
207784212,15048,0,15048,30,3.55809e+06,1920,1072,98770.5,489106480,4.66529e+06,7.78477e+06,libvpx
207785213,15078,0,15078,30,3.56532e+06,1920,1072,98929.1,489676433,4.55507e+06,7.77835e+06,libvpx
207786214,15108,0,15108,30,3.57263e+06,1920,1072,99089.8,490232823,4.44667e+06,7.77174e+06,libvpx
207787219,15138,0,15138,29.8,3.57997e+06,1920,1072,99259.1,490820718,4.67976e+06,7.7656e+06,libvpx
207788220,15169,0,15169,30,3.58711e+06,1920,1072,99453,491430442,4.87292e+06,7.75988e+06,libvpx
207789223,15199,0,15199,30,3.59416e+06,1920,1072,99612.7,492011298,4.63295e+06,7.7537e+06,libvpx
207790224,15229,0,15229,30,3.60123e+06,1920,1072,99791.4,492601463,4.7166e+06,7.74773e+06,libvpx
207791225,15259,0,15259,30,3.60841e+06,1920,1072,99969.3,493209757,4.86149e+06,7.74206e+06,libvpx
207792226,15289,0,15289,30,3.61564e+06,1920,1072,100155,493787680,4.61877e+06,7.73594e+06,libvpx
207793227,15319,0,15319,30,3.62258e+06,1920,1072,100335,494435602,5.1782e+06,7.73093e+06,libvpx
207794228,15349,0,15349,30,3.62978e+06,1920,1072,100512,495033626,4.77941e+06,7.72517e+06,libvpx
207795230,15379,0,15379,30,3.63702e+06,1920,1072,100698,495623839,4.71228e+06,7.71929e+06,libvpx
207796230,15409.2,0,15409.2,30.2,3.64443e+06,1920,1072,100923,496230774,4.85548e+06,7.71373e+06,libvpx
207797233,15439.6,0,15439.6,30.2,3.6517e+06,1920,1072,101092,496862056,5.03515e+06,7.70852e+06,libvpx
207798234,15470,0,15470,30,3.65897e+06,1920,1072,101272,497520375,5.26129e+06,7.70377e+06,libvpx
207799235,15500,0,15500,30,3.66605e+06,1920,1072,101431,498151449,5.04355e+06,7.69863e+06,libvpx
207800236,15530,0,15530,30,3.6732e+06,1920,1072,101603,498761263,4.87364e+06,7.69318e+06,libvpx
207801237,15560,0,15560,30,3.68011e+06,1920,1072,101778,499411869,5.19965e+06,7.68838e+06,libvpx
207802238,15590,0,15590,30,3.68747e+06,1920,1072,101961,500042829,5.04264e+06,7.68329e+06,libvpx
207803239,15620.6,0,15620.6,30.6,3.69476e+06,1920,1072,102146,500696205,5.22179e+06,7.67857e+06,libvpx
207804244,15650.8,0,15650.8,30,3.70134e+06,1920,1072,102335,501260248,4.48989e+06,7.67243e+06,libvpx
207805245,15681,0,15681,30,3.70809e+06,1920,1072,102547,501750631,3.91914e+06,7.66526e+06,libvpx
207806247,15711,0,15711,30,3.71542e+06,1920,1072,102714,502248539,3.97531e+06,7.65821e+06,libvpx
207807249,15741,0,15741,30,3.72227e+06,1920,1072,102873,502741691,3.93734e+06,7.65112e+06,libvpx
207808249,15771,0,15771,30,3.72926e+06,1920,1072,103030,503234384,3.94154e+06,7.64408e+06,libvpx
207809250,15801,0,15801,30,3.73629e+06,1920,1072,103197,503752847,4.14356e+06,7.63744e+06,libvpx
207810251,15831,0,15831,30,3.74337e+06,1920,1072,103368,504242476,3.91312e+06,7.63038e+06,libvpx
207811252,15861.6,0,15861.6,30.6,3.7506e+06,1920,1072,103547,504780288,4.2982e+06,7.62409e+06,libvpx
207812255,15892,0,15892,30.2,3.75773e+06,1920,1072,103723,505278228,3.97161e+06,7.61718e+06,libvpx
207813256,15922,0,15922,30,3.76484e+06,1920,1072,103933,505786235,4.06e+06,7.61049e+06,libvpx
207814257,15952,0,15952,30,3.77205e+06,1920,1072,104106,506308486,4.17383e+06,7.60403e+06,libvpx
207815258,15982,0,15982,30,3.77918e+06,1920,1072,104255,506835979,4.21573e+06,7.59767e+06,libvpx
207816259,16012,0,16012,30,3.78638e+06,1920,1072,104414,507357115,4.16492e+06,7.59125e+06,libvpx
207817260,16042,0,16042,30,3.79322e+06,1920,1072,104563,507940378,4.66144e+06,7.58577e+06,libvpx
207818262,16072.6,0,16072.6,30.2,3.8003e+06,1920,1072,104721,508494173,4.42152e+06,7.57986e+06,libvpx
207819263,16103,0,16103,30.2,3.80738e+06,1920,1072,104882,509004382,4.07759e+06,7.57334e+06,libvpx
207820264,16133,0,16133,30,3.81453e+06,1920,1072,105040,509550986,4.36846e+06,7.56739e+06,libvpx
207821265,16163,0,16163,30,3.82176e+06,1920,1072,105199,510094545,4.34413e+06,7.56141e+06,libvpx
207822266,16193,0,16193,30,3.82904e+06,1920,1072,105362,510663668,4.54844e+06,7.55583e+06,libvpx
207823267,16223,0,16223,30,3.83637e+06,1920,1072,105559,511237463,4.58577e+06,7.55034e+06,libvpx
207824268,16253,0,16253,30,3.84358e+06,1920,1072,105734,511796700,4.46943e+06,7.54466e+06,libvpx
207825269,16283,0,16283,30,3.85074e+06,1920,1072,105910,512389682,4.73912e+06,7.53949e+06,libvpx
207826270,16313,0,16313,30,3.85812e+06,1920,1072,106081,512942647,4.4193e+06,7.53376e+06,libvpx
207827272,16343.6,0,16343.6,30.2,3.86549e+06,1920,1072,106254,513513704,4.55934e+06,7.5283e+06,libvpx
207828273,16374,0,16374,30.4,3.8728e+06,1920,1072,106416,514082684,4.54729e+06,7.52284e+06,libvpx
207829275,16404,0,16404,30,3.87999e+06,1920,1072,106580,514654082,4.56206e+06,7.51742e+06,libvpx
207830276,16434,0,16434,30,3.88716e+06,1920,1072,106753,515262296,4.86085e+06,7.51258e+06,libvpx
207831277,16464,0,16464,30,3.89439e+06,1920,1072,106931,515852606,4.71776e+06,7.50749e+06,libvpx
207832278,16494,0,16494,30,3.9018e+06,1920,1072,107100,516459749,4.85229e+06,7.50266e+06,libvpx
207833279,16524.6,0,16524.6,30.6,3.90913e+06,1920,1072,107263,517065897,4.84434e+06,7.49784e+06,libvpx
207834281,16554.8,0,16554.8,30.2,3.91641e+06,1920,1072,107459,517630705,4.50945e+06,7.49242e+06,libvpx
207835282,16585,0,16585,30.2,3.92352e+06,1920,1072,107629,518275773,5.15539e+06,7.4882e+06,libvpx
207836283,16615,0,16615,30,3.93081e+06,1920,1072,107810,518890295,4.91126e+06,7.48354e+06,libvpx
207837284,16645,0,16645,30,3.93806e+06,1920,1072,107988,519499809,4.87124e+06,7.47884e+06,libvpx
207838285,16675,0,16675,30,3.9452e+06,1920,1072,108204,520163313,5.30273e+06,7.47493e+06,libvpx
207839286,16705,0,16705,30,3.95235e+06,1920,1072,108401,520793742,5.03839e+06,7.47055e+06,libvpx
207840290,16735.6,0,16735.6,30.6,3.95948e+06,1920,1072,108620,521450613,5.23403e+06,7.46653e+06,libvpx
207841298,16766,0,16766,30,3.96625e+06,1920,1072,108841,522215671,6.07189e+06,7.46402e+06,libvpx
207842299,16796,0,16796,30,3.97312e+06,1920,1072,109053,522983792,6.13883e+06,7.46166e+06,libvpx
207843300,16826,0,16826,30,3.97991e+06,1920,1072,109272,523690961,5.6517e+06,7.45843e+06,libvpx
207844303,16856,0,16856,30,3.98687e+06,1920,1072,109525,524279519,4.69438e+06,7.4535e+06,libvpx
207845305,16886.4,0,16886.4,30.2,3.99397e+06,1920,1072,109780,524848362,4.54166e+06,7.44833e+06,libvpx
207846309,16917,0,16917,30.4,4.001e+06,1920,1072,110033,525469713,4.951e+06,7.44389e+06,libvpx
207847316,16947,0,16947,30,4.00815e+06,1920,1072,110275,526060900,4.69662e+06,7.439e+06,libvpx
207848317,16977,0,16977,30,4.01513e+06,1920,1072,110508,526674916,4.90722e+06,7.43453e+06,libvpx
207849320,17007,0,17007,30,4.02214e+06,1920,1072,110790,527279715,4.82392e+06,7.42992e+06,libvpx
207850322,17037.4,0,17037.4,30.4,4.029e+06,1920,1072,111066,527924131,5.14504e+06,7.42589e+06,libvpx
207851326,17068,0,17068,30.2,4.03588e+06,1920,1072,111303,528547950,4.97067e+06,7.42156e+06,libvpx
207852331,17098,0,17098,30,4.04285e+06,1920,1072,111576,529183197,5.05669e+06,7.4174e+06,libvpx
207853334,17128,0,17128,30,4.04988e+06,1920,1072,111838,529798721,4.90946e+06,7.413e+06,libvpx
207854337,17158,0,17158,30,4.05681e+06,1920,1072,112107,530442673,5.13621e+06,7.40901e+06,libvpx
207855338,17188,0,17188,30,4.06373e+06,1920,1072,112360,531085532,5.13773e+06,7.40505e+06,libvpx
207856340,17218,0,17218,30,4.07081e+06,1920,1072,112622,531722725,5.08737e+06,7.40101e+06,libvpx
207857341,17249,0,17249,30.6,4.07776e+06,1920,1072,112829,532367011,5.14914e+06,7.39709e+06,libvpx
207858344,17279,0,17279,30,4.08436e+06,1920,1072,113055,532999924,5.04816e+06,7.39301e+06,libvpx
207859346,17309,0,17309,30,4.09123e+06,1920,1072,113288,533657435,5.24959e+06,7.38929e+06,libvpx
207860352,17339,0,17339,30,4.09833e+06,1920,1072,113537,534346247,5.47763e+06,7.38597e+06,libvpx
207861359,17369.4,0,17369.4,30.2,4.10532e+06,1920,1072,113833,534979909,5.03406e+06,7.38188e+06,libvpx
207862361,17399.6,0,17399.6,30,4.11205e+06,1920,1072,114112,535617922,5.09392e+06,7.37794e+06,libvpx
207863367,17430,0,17430,30,4.11851e+06,1920,1072,114383,536272943,5.20891e+06,7.37419e+06,libvpx
207864368,17460,0,17460,30,4.1252e+06,1920,1072,114626,536964228,5.52476e+06,7.37101e+06,libvpx
207865370,17490,0,17490,30,4.1321e+06,1920,1072,114864,537637440,5.37495e+06,7.36758e+06,libvpx
207866375,17520,0,17520,30,4.13914e+06,1920,1072,115114,538303630,5.303e+06,7.36404e+06,libvpx
207867378,17550.8,0,17550.8,30.4,4.14596e+06,1920,1072,115365,538964097,5.26793e+06,7.36045e+06,libvpx
207868384,17581,0,17581,30,4.15288e+06,1920,1072,115603,539648107,5.43944e+06,7.35715e+06,libvpx
207869386,17611,0,17611,30,4.15983e+06,1920,1072,115822,540310831,5.29121e+06,7.35363e+06,libvpx
207870388,17641,0,17641,30,4.16686e+06,1920,1072,116038,541033707,5.77147e+06,7.35094e+06,libvpx
207871389,17671,0,17671,30,4.17392e+06,1920,1072,116276,541632256,4.78361e+06,7.34658e+06,libvpx
207872392,17701,0,17701,30,4.18094e+06,1920,1072,116511,542401094,6.13231e+06,7.34452e+06,libvpx
207873395,17731.6,0,17731.6,30.6,4.18792e+06,1920,1072,116808,543072778,5.3574e+06,7.34115e+06,libvpx
207874398,17762,0,17762,30.2,4.19474e+06,1920,1072,117165,543824028,5.99202e+06,7.33887e+06,libvpx
207875399,17792,0,17792,30,4.20174e+06,1920,1072,117422,544514050,5.51466e+06,7.33579e+06,libvpx
207876401,17822,0,17822,30,4.20884e+06,1920,1072,117684,545219670,5.63369e+06,7.33293e+06,libvpx
207877404,17852,0,17852,30,4.21567e+06,1920,1072,117945,545942125,5.76235e+06,7.33028e+06,libvpx
207878406,17882,0,17882,30,4.22289e+06,1920,1072,118242,546691689,5.98454e+06,7.32802e+06,libvpx
207879412,17913,0,17913,31,4.23003e+06,1920,1072,118533,547421842,5.80639e+06,7.32546e+06,libvpx
207880415,17943,0,17943,30,4.23709e+06,1920,1072,118789,548138496,5.71608e+06,7.32277e+06,libvpx
207881416,17973,0,17973,30,4.24395e+06,1920,1072,119051,548873230,5.872e+06,7.32035e+06,libvpx
207882418,18003,0,18003,30,4.25084e+06,1920,1072,119311,549601662,5.81582e+06,7.31784e+06,libvpx
207883420,18033.2,0,18033.2,30.2,4.25806e+06,1920,1072,119606,550367720,6.11623e+06,7.31584e+06,libvpx
207884422,18063.4,0,18063.4,30.2,4.26521e+06,1920,1072,119870,551086195,5.73633e+06,7.31321e+06,libvpx
207885427,18094,0,18094,30,4.27232e+06,1920,1072,120117,551851735,6.09385e+06,7.31118e+06,libvpx
207886428,18124,0,18124,30,4.27916e+06,1920,1072,120368,552601308,5.99059e+06,7.309e+06,libvpx
207887430,18154,0,18154,30,4.28598e+06,1920,1072,120615,553361902,6.07261e+06,7.30695e+06,libvpx
207888433,18184,0,18184,30,4.29304e+06,1920,1072,120888,554130252,6.12841e+06,7.305e+06,libvpx
207889438,18214.4,0,18214.4,30.4,4.30036e+06,1920,1072,121174,554895262,6.08963e+06,7.303e+06,libvpx
207890439,18245,0,18245,30,4.30757e+06,1920,1072,121459,555669876,6.19072e+06,7.30117e+06,libvpx
207891441,18274.6,0,18274.6,29.6,4.31465e+06,1920,1072,121730,556437481,6.12858e+06,7.29924e+06,libvpx
207892444,18305,0,18305,30.2,4.32167e+06,1920,1072,122010,557223384,6.26842e+06,7.29755e+06,libvpx
207893448,18335,0,18335,30,4.32883e+06,1920,1072,122255,557985127,6.06967e+06,7.29553e+06,libvpx
207894450,18365,0,18365,30,4.33597e+06,1920,1072,122512,558794771,6.46422e+06,7.29417e+06,libvpx
207895454,18395,0,18395,29.8,4.34296e+06,1920,1072,122781,559608511,6.48398e+06,7.29285e+06,libvpx
207896456,18425.8,0,18425.8,30.6,4.35008e+06,1920,1072,123057,560514736,7.23533e+06,7.29275e+06,libvpx
207897461,18456,0,18456,30.2,4.35724e+06,1920,1072,123335,561441066,7.37377e+06,7.29289e+06,libvpx
207898466,18486,0,18486,30,4.36381e+06,1920,1072,123634,562539882,8.74679e+06,7.29526e+06,libvpx
207899469,18516,0,18516,30,4.37039e+06,1920,1072,123936,563690511,9.1775e+06,7.29831e+06,libvpx
207900472,18546,0,18546,30,4.37731e+06,1920,1072,124235,564836187,9.13799e+06,7.30129e+06,libvpx
207901475,18576.4,0,18576.4,30.4,4.38436e+06,1920,1072,124530,566271268,1.14463e+07,7.308e+06,libvpx
207902482,18606.8,0,18606.8,30.2,4.39151e+06,1920,1072,124940,567723130,1.15342e+07,7.31485e+06,libvpx
207903489,18637,0,18637,30.2,4.39859e+06,1920,1072,125301,569267668,1.22704e+07,7.32288e+06,libvpx
207904491,18667,0,18667,30,4.40581e+06,1920,1072,125638,570983630,1.37003e+07,7.33314e+06,libvpx
207905494,18697,0,18697,30,4.41275e+06,1920,1072,125944,572792733,1.44295e+07,7.34454e+06,libvpx
207906496,18727,0,18727,30,4.41973e+06,1920,1072,126284,574733899,1.54983e+07,7.35762e+06,libvpx
207907497,18757.6,0,18757.6,30.2,4.42673e+06,1920,1072,126631,576844468,1.68677e+07,7.37283e+06,libvpx
207908502,18788,0,18788,30.2,4.4337e+06,1920,1072,127014,579092221,1.78926e+07,7.38969e+06,libvpx
207909504,18818,0,18818,30,4.44069e+06,1920,1072,127411,581548554,1.96114e+07,7.40919e+06,libvpx
207910507,18848,0,18848,30,4.4479e+06,1920,1072,127806,584239673,2.14646e+07,7.43161e+06,libvpx
207911509,18878.8,0,18878.8,30.8,4.45492e+06,1920,1072,128226,586869176,2.0994e+07,7.45318e+06,libvpx
207912511,18908.2,0,18908.2,29.4,4.46176e+06,1920,1072,128629,589692473,2.25413e+07,7.47714e+06,libvpx
207913515,18939,0,18939,30.8,4.46864e+06,1920,1072,129078,592881563,2.54111e+07,7.50564e+06,libvpx
207914522,18968.8,0,18968.8,29.8,4.47527e+06,1920,1072,129520,595329620,1.94483e+07,7.52464e+06,libvpx
207915525,18999,0,18999,30,4.48225e+06,1920,1072,129914,597714287,1.90203e+07,7.54283e+06,libvpx
207916527,19029.2,0,19029.2,29.8,4.48879e+06,1920,1072,130277,599810352,1.6735e+07,7.55733e+06,libvpx
207917531,19059.6,0,19059.6,30,4.49448e+06,1920,1072,130632,601708620,1.51256e+07,7.56928e+06,libvpx
207918537,19090,0,19090,30.2,4.50149e+06,1920,1072,130957,603206522,1.19117e+07,7.57614e+06,libvpx
207919538,19120,0,19120,30,4.50845e+06,1920,1072,131273,604774388,1.25304e+07,7.58391e+06,libvpx
207920542,19150,0,19150,30,4.5156e+06,1920,1072,131589,606296703,1.213e+07,7.59106e+06,libvpx
207921543,19180.6,0,19180.6,30.6,4.52248e+06,1920,1072,131930,607806678,1.20677e+07,7.59806e+06,libvpx
207922546,19211,0,19211,30.4,4.52948e+06,1920,1072,132234,609343088,1.22545e+07,7.60534e+06,libvpx
207923548,19241,0,19241,30,4.53658e+06,1920,1072,132514,610915058,1.25507e+07,7.61306e+06,libvpx
207924550,19271,0,19271,30,4.54352e+06,1920,1072,132761,612410037,1.1936e+07,7.6198e+06,libvpx
207925551,19301,0,19301,30,4.55059e+06,1920,1072,133003,613952239,1.23253e+07,7.62711e+06,libvpx
207926552,19331.2,0,19331.2,30.2,4.55744e+06,1920,1072,133252,615399227,1.15643e+07,7.63323e+06,libvpx
207927553,19361.4,0,19361.4,30.2,4.56402e+06,1920,1072,133479,616546833,9.17168e+06,7.63561e+06,libvpx
207928554,19391.8,0,19391.8,30,4.57103e+06,1920,1072,133687,617633947,8.68822e+06,7.63724e+06,libvpx
207929556,19422,0,19422,30,4.57815e+06,1920,1072,133903,618767280,9.04857e+06,7.63942e+06,libvpx
207930557,19452,0,19452,30,4.58528e+06,1920,1072,134110,619916574,9.18517e+06,7.6418e+06,libvpx
207931558,19482,0,19482,30,4.59247e+06,1920,1072,134313,621067743,9.20015e+06,7.6442e+06,libvpx
207932559,19512,0,19512,30,4.59976e+06,1920,1072,134529,622197806,9.03147e+06,7.64634e+06,libvpx
207933560,19542,0,19542,30,4.60666e+06,1920,1072,134734,623357788,9.27059e+06,7.64883e+06,libvpx
207934561,19572,0,19572,30,4.61369e+06,1920,1072,134967,624531132,9.37737e+06,7.65148e+06,libvpx
207935562,19602,0,19602,30,4.62103e+06,1920,1072,135194,625629267,8.7763e+06,7.6532e+06,libvpx
207936564,19632,0,19632,30,4.62841e+06,1920,1072,135444,626790099,9.26812e+06,7.65567e+06,libvpx
207937565,19663,0,19663,31,4.63556e+06,1920,1072,135686,627951462,9.28162e+06,7.65815e+06,libvpx
207938567,19693,0,19693,30,4.64253e+06,1920,1072,135894,629052561,8.79121e+06,7.65988e+06,libvpx
207939568,19723,0,19723,30,4.64919e+06,1920,1072,136093,629907533,6.83294e+06,7.65862e+06,libvpx
207940569,19753,0,19753,30,4.65614e+06,1920,1072,136285,630741250,6.66307e+06,7.65711e+06,libvpx
207941570,19783,0,19783,30,4.66312e+06,1920,1072,136466,631588513,6.77133e+06,7.65577e+06,libvpx
207942571,19813,0,19813,30,4.66998e+06,1920,1072,136651,632401918,6.50074e+06,7.65402e+06,libvpx
207943572,19843,0,19843,30,4.67622e+06,1920,1072,136855,633020754,4.94574e+06,7.64992e+06,libvpx
207944573,19873,0,19873,30,4.68288e+06,1920,1072,137048,633702896,5.45168e+06,7.64661e+06,libvpx
207945574,19903,0,19903,30,4.68941e+06,1920,1072,137258,634327583,4.9925e+06,7.6426e+06,libvpx
207946575,19933,0,19933,30,4.69646e+06,1920,1072,137452,634967911,5.11751e+06,7.6388e+06,libvpx
207947576,19963.2,0,19963.2,30.2,4.70391e+06,1920,1072,137632,635589175,4.96515e+06,7.63479e+06,libvpx
207948578,19994,0,19994,30.4,4.71091e+06,1920,1072,137796,636214840,4.99533e+06,7.63082e+06,libvpx
207949579,20024,0,20024,30,4.71813e+06,1920,1072,137957,636900566,5.48033e+06,7.6276e+06,libvpx
207950580,20054,0,20054,30,4.72526e+06,1920,1072,138139,637545252,5.15234e+06,7.62389e+06,libvpx
207951581,20084,0,20084,30,4.73255e+06,1920,1072,138318,638213603,5.34147e+06,7.62048e+06,libvpx
207952582,20114,0,20114,30,4.73983e+06,1920,1072,138496,638878001,5.30987e+06,7.61704e+06,libvpx
207953583,20144,0,20144,30,4.74708e+06,1920,1072,138660,639483274,4.83735e+06,7.6129e+06,libvpx
207954584,20174,0,20174,30,4.75431e+06,1920,1072,138836,640197558,5.70856e+06,7.61006e+06,libvpx
207955585,20204,0,20204,30,4.76167e+06,1920,1072,139010,640848203,5.19996e+06,7.60648e+06,libvpx
207956586,20234,0,20234,30,4.76891e+06,1920,1072,139182,641541818,5.54338e+06,7.60342e+06,libvpx
207957587,20264.4,0,20264.4,30.4,4.77649e+06,1920,1072,139363,642221207,5.42968e+06,7.60021e+06,libvpx
207958589,20295,0,20295,30.2,4.78395e+06,1920,1072,139539,642918150,5.56442e+06,7.59719e+06,libvpx
207959591,20325,0,20325,30,4.79131e+06,1920,1072,139722,643619819,5.60215e+06,7.59424e+06,libvpx
207960592,20355,0,20355,30,4.79868e+06,1920,1072,139884,644299406,5.43126e+06,7.59106e+06,libvpx
207961592,20385,0,20385,30,4.806e+06,1920,1072,140067,645025591,5.80948e+06,7.58844e+06,libvpx
207962594,20415,0,20415,30,4.81329e+06,1920,1072,140243,645723193,5.56968e+06,7.58547e+06,libvpx
207963595,20445,0,20445,30,4.82078e+06,1920,1072,140434,646426856,5.62368e+06,7.58259e+06,libvpx
207964596,20475.8,0,20475.8,30.8,4.82805e+06,1920,1072,140617,647167169,5.91659e+06,7.58014e+06,libvpx
207965597,20506,0,20506,30.2,4.83532e+06,1920,1072,140794,647865531,5.58131e+06,7.57722e+06,libvpx
207966598,20536,0,20536,30,4.84261e+06,1920,1072,140965,648570380,5.63316e+06,7.57438e+06,libvpx
207967600,20566,0,20566,30,4.84969e+06,1920,1072,141139,649331683,6.07827e+06,7.57219e+06,libvpx
207968601,20596,0,20596,30,4.85699e+06,1920,1072,141326,650066666,5.87399e+06,7.56972e+06,libvpx
207969602,20626,0,20626,30,4.86443e+06,1920,1072,141503,650749033,5.45348e+06,7.56664e+06,libvpx
207970604,20656,0,20656,30,4.87179e+06,1920,1072,141691,651511142,6.0847e+06,7.56449e+06,libvpx
207971606,20687,0,20687,30.4,4.87891e+06,1920,1072,141882,652268411,6.04606e+06,7.56228e+06,libvpx
207972607,20717,0,20717,30,4.88614e+06,1920,1072,142066,653002856,5.86969e+06,7.55983e+06,libvpx
207973608,20747,0,20747,30,4.89339e+06,1920,1072,142242,653787753,6.2729e+06,7.55797e+06,libvpx
207974608,20777,0,20777,30,4.90067e+06,1920,1072,142422,654567660,6.23926e+06,7.55606e+06,libvpx
207975609,20807,0,20807,30,4.90802e+06,1920,1072,142614,655304224,5.88663e+06,7.55366e+06,libvpx
207976610,20837,0,20837,30,4.91504e+06,1920,1072,142806,656046205,5.92992e+06,7.55132e+06,libvpx
207977611,20867,0,20867,30,4.92251e+06,1920,1072,142991,656719131,5.37803e+06,7.54819e+06,libvpx
207978615,20898,0,20898,30.4,4.92946e+06,1920,1072,143180,657588869,6.93018e+06,7.5473e+06,libvpx
207979616,20927.6,0,20927.6,29.6,4.93671e+06,1920,1072,143358,658359018,6.15504e+06,7.54531e+06,libvpx
207980619,20957.8,0,20957.8,29.8,4.94394e+06,1920,1072,143538,659156346,6.35955e+06,7.5436e+06,libvpx
207981619,20988,0,20988,30,4.95112e+06,1920,1072,143721,659929773,6.18742e+06,7.54167e+06,libvpx
207982620,21018,0,21018,30,4.95827e+06,1920,1072,143897,660735586,6.44006e+06,7.54009e+06,libvpx
207983622,21048,0,21048,30,4.96539e+06,1920,1072,144096,661517425,6.24223e+06,7.53824e+06,libvpx
207984622,21078,0,21078,30,4.97267e+06,1920,1072,144287,662304336,6.29529e+06,7.53647e+06,libvpx
207985623,21108,0,21108,30,4.97985e+06,1920,1072,144470,663146812,6.73307e+06,7.53533e+06,libvpx
207986624,21138.4,0,21138.4,30.4,4.98722e+06,1920,1072,144658,663985915,6.70612e+06,7.53415e+06,libvpx
207987628,21169,0,21169,30.2,4.99441e+06,1920,1072,144835,664773453,6.2752e+06,7.53236e+06,libvpx
207988630,21199,0,21199,30,5.00124e+06,1920,1072,145021,665618451,6.74649e+06,7.53125e+06,libvpx
207989630,21229,0,21229,30,5.0082e+06,1920,1072,145214,666419112,6.40529e+06,7.52966e+06,libvpx
207990632,21259,0,21259,30,5.01525e+06,1920,1072,145416,667369684,7.5894e+06,7.52974e+06,libvpx
207991633,21289,0,21289,30,5.02237e+06,1920,1072,145656,668334570,7.71138e+06,7.53e+06,libvpx
207992635,21319.4,0,21319.4,30.2,5.02957e+06,1920,1072,145884,669394397,8.46169e+06,7.53131e+06,libvpx
207993638,21350,0,21350,30,5.03647e+06,1920,1072,146103,670577171,9.43389e+06,7.53399e+06,libvpx
207994639,21380,0,21380,30,5.04361e+06,1920,1072,146333,671821912,9.94798e+06,7.53738e+06,libvpx
207995641,21410,0,21410,30,5.0509e+06,1920,1072,146561,673161448,1.06949e+07,7.54181e+06,libvpx
207996642,21440,0,21440,30,5.05822e+06,1920,1072,146795,674643885,1.18476e+07,7.54784e+06,libvpx
207997642,21470,0,21470,30,5.0657e+06,1920,1072,147038,676215149,1.25701e+07,7.55485e+06,libvpx
207998644,21500.2,0,21500.2,30.2,5.07292e+06,1920,1072,147283,677905736,1.34977e+07,7.56316e+06,libvpx
207999646,21531,0,21531,30.2,5.08003e+06,1920,1072,147544,679714682,1.44427e+07,7.57276e+06,libvpx
208000648,21561,0,21561,30,5.08708e+06,1920,1072,147809,681658255,1.55175e+07,7.58383e+06,libvpx
208001649,21591,0,21591,30,5.09411e+06,1920,1072,148104,683843598,1.74653e+07,7.59757e+06,libvpx
208002650,21621,0,21621,30,5.10121e+06,1920,1072,148396,686069342,1.77882e+07,7.61171e+06,libvpx
208003650,21651,0,21651,30,5.10811e+06,1920,1072,148704,688591364,2.01762e+07,7.62911e+06,libvpx
208004653,21681,0,21681,30,5.11446e+06,1920,1072,149038,690528388,1.54498e+07,7.63996e+06,libvpx
208005654,21711,0,21711,30,5.12156e+06,1920,1072,149344,692260712,1.38447e+07,7.64854e+06,libvpx
208006655,21741,0,21741,29.8,5.12872e+06,1920,1072,149596,694183644,1.53681e+07,7.6592e+06,libvpx
208007657,21772,0,21772,30.6,5.1358e+06,1920,1072,149862,695976881,1.43173e+07,7.66839e+06,libvpx
208008658,21802,0,21802,30,5.14281e+06,1920,1072,150126,697793138,1.45155e+07,7.67781e+06,libvpx
208009659,21832,0,21832,30,5.15014e+06,1920,1072,150409,699550413,1.40442e+07,7.68656e+06,libvpx
208010660,21862,0,21862,30,5.15695e+06,1920,1072,150676,701106262,1.24344e+07,7.69308e+06,libvpx
208011661,21892,0,21892,30,5.16356e+06,1920,1072,150924,702488393,1.1046e+07,7.69768e+06,libvpx
208012662,21922,0,21922,30,5.1705e+06,1920,1072,151169,703749277,1.0077e+07,7.70094e+06,libvpx
208013663,21952,0,21952,30,5.17775e+06,1920,1072,151392,705090678,1.07205e+07,7.70507e+06,libvpx
208014664,21982,0,21982,30,5.18509e+06,1920,1072,151661,706397911,1.04474e+07,7.70881e+06,libvpx
208015666,22012,0,22012,30,5.19229e+06,1920,1072,151893,707759580,1.08716e+07,7.71313e+06,libvpx
208016666,22042.6,0,22042.6,30.6,5.19953e+06,1920,1072,152117,709098203,1.0709e+07,7.7172e+06,libvpx
208017668,22073,0,22073,30,5.20671e+06,1920,1072,152337,710394087,1.03464e+07,7.72078e+06,libvpx
208018669,22103,0,22103,30,5.21357e+06,1920,1072,152551,711802684,1.12575e+07,7.72559e+06,libvpx
208019670,22133,0,22133,30,5.22062e+06,1920,1072,152767,713152633,1.07888e+07,7.72974e+06,libvpx
208020671,22163,0,22163,30,5.2274e+06,1920,1072,152997,714542230,1.11057e+07,7.73431e+06,libvpx
208021672,22193,0,22193,30,5.23463e+06,1920,1072,153227,715887813,1.07539e+07,7.7384e+06,libvpx
208022673,22223,0,22223,30,5.24203e+06,1920,1072,153450,717255841,1.09333e+07,7.74271e+06,libvpx
208023674,22253.4,0,22253.4,30.4,5.24928e+06,1920,1072,153692,718618043,1.08867e+07,7.74695e+06,libvpx
208024676,22283.8,0,22283.8,30,5.25648e+06,1920,1072,153923,719972923,1.08174e+07,7.75109e+06,libvpx
208025676,22314,0,22314,30,5.26364e+06,1920,1072,154149,721332923,1.088e+07,7.7553e+06,libvpx
208026677,22344,0,22344,30,5.27086e+06,1920,1072,154375,722682231,1.07837e+07,7.75937e+06,libvpx
208027678,22374,0,22374,30,5.27816e+06,1920,1072,154598,724054766,1.09693e+07,7.76367e+06,libvpx
208028679,22404,0,22404,30,5.28549e+06,1920,1072,154830,725450338,1.11534e+07,7.76822e+06,libvpx
208029680,22434,0,22434,30,5.29286e+06,1920,1072,155053,726841471,1.11179e+07,7.7727e+06,libvpx
208030681,22464,0,22464,30,5.30047e+06,1920,1072,155284,728232135,1.11142e+07,7.77716e+06,libvpx
208031682,22495,0,22495,31,5.30789e+06,1920,1072,155511,729649168,1.13249e+07,7.7819e+06,libvpx
208032683,22525,0,22525,30,5.31534e+06,1920,1072,155738,731089204,1.15088e+07,7.78686e+06,libvpx
208033684,22555,0,22555,30,5.32271e+06,1920,1072,155956,732508889,1.13461e+07,7.7916e+06,libvpx
208034685,22585,0,22585,30,5.33008e+06,1920,1072,156180,733945480,1.14812e+07,7.79651e+06,libvpx
208035686,22615,0,22615,30,5.3374e+06,1920,1072,156410,735338125,1.113e+07,7.80093e+06,libvpx
208036687,22645,0,22645,30,5.34473e+06,1920,1072,156640,736776297,1.14939e+07,7.80583e+06,libvpx
208037688,22675,0,22675,30,5.35214e+06,1920,1072,156890,738210633,1.14632e+07,7.81067e+06,libvpx
208038689,22705,0,22705,30,5.35952e+06,1920,1072,157124,739637151,1.14007e+07,7.81541e+06,libvpx
208039692,22735.4,0,22735.4,30.4,5.36682e+06,1920,1072,157365,741100644,1.16729e+07,7.82052e+06,libvpx
208040693,22766,0,22766,30,5.37397e+06,1920,1072,157585,742261386,9.27666e+06,7.82244e+06,libvpx
208041694,22796,0,22796,30,5.38122e+06,1920,1072,157802,743465526,9.6235e+06,7.82481e+06,libvpx
208042696,22826,0,22826,30,5.38856e+06,1920,1072,158047,744726745,1.00696e+07,7.82777e+06,libvpx
208043697,22856,0,22856,30,5.39594e+06,1920,1072,158304,746057870,1.06384e+07,7.83146e+06,libvpx
208044701,22886.4,0,22886.4,30.4,5.40265e+06,1920,1072,158559,747243273,9.44544e+06,7.83358e+06,libvpx
208045703,22917,0,22917,30,5.40967e+06,1920,1072,158783,748229105,7.87091e+06,7.83363e+06,libvpx
208046704,22947,0,22947,30,5.4163e+06,1920,1072,158987,749135234,7.24179e+06,7.83286e+06,libvpx
208047704,22977,0,22977,30,5.42325e+06,1920,1072,159177,749870445,5.88169e+06,7.83031e+06,libvpx
208048705,23007,0,23007,30,5.43028e+06,1920,1072,159385,750723668,6.81897e+06,7.82899e+06,libvpx
208049706,23037,0,23037,30,5.43762e+06,1920,1072,159567,751510860,6.29124e+06,7.82698e+06,libvpx
208050707,23067.8,0,23067.8,30.8,5.44483e+06,1920,1072,159770,752359227,6.78016e+06,7.82562e+06,libvpx
208051710,23097.8,0,23097.8,30,5.45198e+06,1920,1072,160017,753080896,5.75608e+06,7.82293e+06,libvpx
208052711,23128,0,23128,30,5.45876e+06,1920,1072,160222,753793479,5.69497e+06,7.82016e+06,libvpx
208053712,23158,0,23158,30,5.46589e+06,1920,1072,160386,754436433,5.13849e+06,7.81669e+06,libvpx
208054714,23188,0,23188,30,5.47332e+06,1920,1072,160562,755043309,4.84532e+06,7.81284e+06,libvpx
208055716,23218.8,0,23218.8,30.2,5.48042e+06,1920,1072,160775,755678385,5.07047e+06,7.80929e+06,libvpx
208056718,23249,0,23249,30,5.48736e+06,1920,1072,160953,756265944,4.69109e+06,7.80526e+06,libvpx
208057719,23279,0,23279,30,5.49455e+06,1920,1072,161114,756868333,4.8143e+06,7.8014e+06,libvpx
208058720,23309,0,23309,30,5.50158e+06,1920,1072,161286,757457157,4.70589e+06,7.79741e+06,libvpx
208059722,23339,0,23339,30,5.50879e+06,1920,1072,161506,758104926,5.17181e+06,7.79403e+06,libvpx
208060723,23369,0,23369,30,5.5162e+06,1920,1072,161727,758738518,5.06367e+06,7.79052e+06,libvpx
208061724,23399,0,23399,30,5.52341e+06,1920,1072,161910,759372122,5.06377e+06,7.78702e+06,libvpx
208062725,23429.2,0,23429.2,30.2,5.53075e+06,1920,1072,162090,759967625,4.75926e+06,7.78314e+06,libvpx
208063726,23459.8,0,23459.8,30.4,5.53785e+06,1920,1072,162269,760569218,4.80794e+06,7.77934e+06,libvpx
208064728,23490,0,23490,30,5.54469e+06,1920,1072,162448,761244227,5.38929e+06,7.77628e+06,libvpx
208065730,23520,0,23520,30,5.55186e+06,1920,1072,162632,761900635,5.24078e+06,7.77304e+06,libvpx
208066731,23550,0,23550,30,5.5588e+06,1920,1072,162820,762578414,5.41682e+06,7.77003e+06,libvpx
208067733,23580,0,23580,30,5.56591e+06,1920,1072,163020,763208592,5.03136e+06,7.76654e+06,libvpx
208068735,23610,0,23610,30,5.5732e+06,1920,1072,163212,763888574,5.429e+06,7.76357e+06,libvpx
208069741,23640.4,0,23640.4,30.4,5.5804e+06,1920,1072,163470,764510633,4.94679e+06,7.75997e+06,libvpx
208070743,23671,0,23671,30,5.58754e+06,1920,1072,163741,765160829,5.19119e+06,7.75671e+06,libvpx
208071747,23701,0,23701,30,5.5944e+06,1920,1072,164010,765837014,5.38793e+06,7.7537e+06,libvpx
208072749,23731.2,0,23731.2,30.2,5.60124e+06,1920,1072,164308,766419996,4.65455e+06,7.74978e+06,libvpx
208073753,23762,0,23762,30.2,5.60797e+06,1920,1072,164569,766955570,4.26752e+06,7.74536e+06,libvpx
208074757,23792,0,23792,30,5.61428e+06,1920,1072,164800,767453769,3.96971e+06,7.74058e+06,libvpx
208075758,23822,0,23822,30,5.62091e+06,1920,1072,165055,767966172,4.09513e+06,7.73599e+06,libvpx
208076760,23852,0,23852,30,5.62753e+06,1920,1072,165291,768491179,4.19167e+06,7.73152e+06,libvpx
208077763,23882.6,0,23882.6,30.4,5.63466e+06,1920,1072,165563,769026785,4.27203e+06,7.72717e+06,libvpx
208078772,23913,0,23913,30.2,5.64183e+06,1920,1072,165818,769573752,4.33671e+06,7.72287e+06,libvpx
208079775,23943,0,23943,30,5.64865e+06,1920,1072,166079,770100988,4.20527e+06,7.71845e+06,libvpx
208080778,23973,0,23973,30,5.65582e+06,1920,1072,166348,770629045,4.21182e+06,7.71405e+06,libvpx
208081781,24003.2,0,24003.2,30.2,5.66275e+06,1920,1072,166623,771182768,4.41653e+06,7.70992e+06,libvpx
208082783,24033.6,0,24033.6,30.2,5.6699e+06,1920,1072,166882,771713654,4.23861e+06,7.70558e+06,libvpx
208083790,24064,0,24064,30,5.67712e+06,1920,1072,167134,772263437,4.36769e+06,7.70139e+06,libvpx
208084791,24094,0,24094,30,5.68421e+06,1920,1072,167372,772805034,4.32845e+06,7.69718e+06,libvpx
208085797,24124,0,24124,30,5.69133e+06,1920,1072,167631,773410920,4.81818e+06,7.69358e+06,libvpx
208086798,24154.2,0,24154.2,30.2,5.69845e+06,1920,1072,167908,773948665,4.29766e+06,7.68936e+06,libvpx
208087800,24184.6,0,24184.6,30,5.70515e+06,1920,1072,168164,774482108,4.25903e+06,7.6851e+06,libvpx
208088802,24215,0,24215,30,5.71188e+06,1920,1072,168437,775066632,4.66686e+06,7.68135e+06,libvpx
208089804,24245,0,24245,30,5.71865e+06,1920,1072,168684,775530665,3.70485e+06,7.67642e+06,libvpx
208090807,24275,0,24275,30,5.72495e+06,1920,1072,168939,776219220,5.49196e+06,7.67371e+06,libvpx
208091809,24305,0,24305,30,5.73207e+06,1920,1072,169223,776807076,4.69346e+06,7.67003e+06,libvpx
208092810,24335,0,24335,30,5.73937e+06,1920,1072,169494,777417880,4.88155e+06,7.66659e+06,libvpx
208093814,24365.4,0,24365.4,30.2,5.7466e+06,1920,1072,169758,777980845,4.48578e+06,7.66266e+06,libvpx
208094818,24396,0,24396,30.2,5.75378e+06,1920,1072,169973,778562136,4.6318e+06,7.65891e+06,libvpx
208095821,24426,0,24426,30,5.76088e+06,1920,1072,170227,779180759,4.93418e+06,7.65556e+06,libvpx
208096823,24456,0,24456,30,5.76796e+06,1920,1072,170468,779781982,4.80018e+06,7.65205e+06,libvpx
208097825,24486.2,0,24486.2,30.2,5.77515e+06,1920,1072,170738,780405368,4.97713e+06,7.64876e+06,libvpx
208098827,24516.8,0,24516.8,30.4,5.78197e+06,1920,1072,170990,781023589,4.9359e+06,7.64544e+06,libvpx
208099829,24547,0,24547,30,5.78913e+06,1920,1072,171226,781620754,4.76778e+06,7.64191e+06,libvpx
208100831,24577,0,24577,30,5.7963e+06,1920,1072,171456,782271824,5.19816e+06,7.63893e+06,libvpx
208101838,24607,0,24607,30,5.80314e+06,1920,1072,171706,782912827,5.09238e+06,7.6358e+06,libvpx
208102839,24637,0,24637,30,5.81017e+06,1920,1072,171950,783540067,5.01291e+06,7.6326e+06,libvpx
208103843,24667,0,24667,30,5.81727e+06,1920,1072,172198,784175467,5.06295e+06,7.62946e+06,libvpx
208104845,24697,0,24697,30,5.8239e+06,1920,1072,172490,784814730,5.1039e+06,7.62639e+06,libvpx
208105847,24727,0,24727,30,5.83062e+06,1920,1072,172741,785395087,4.63359e+06,7.62275e+06,libvpx
208106848,24757.6,0,24757.6,30.4,5.83727e+06,1920,1072,172995,785899177,4.02869e+06,7.61839e+06,libvpx
208107854,24788,0,24788,30.2,5.84443e+06,1920,1072,173212,786370714,3.7498e+06,7.61368e+06,libvpx
208108855,24818,0,24818,30,5.85161e+06,1920,1072,173452,786882898,4.09338e+06,7.60942e+06,libvpx
208109857,24848,0,24848,30,5.85879e+06,1920,1072,173658,787313364,3.43685e+06,7.60438e+06,libvpx
208110858,24878,0,24878,30,5.86589e+06,1920,1072,173839,787863454,4.39632e+06,7.6005e+06,libvpx
208111858,24908,0,24908,30,5.87357e+06,1920,1072,174006,788345394,3.85552e+06,7.59599e+06,libvpx
208112859,24938,0,24938,30,5.88125e+06,1920,1072,174167,788874281,4.22687e+06,7.59194e+06,libvpx
208113860,24968,0,24968,30,5.88896e+06,1920,1072,174315,789386690,4.09518e+06,7.58773e+06,libvpx
208114861,24998,0,24998,30,5.89639e+06,1920,1072,174461,789874275,3.89678e+06,7.5833e+06,libvpx
208115862,25028,0,25028,30,5.90387e+06,1920,1072,174606,790406755,4.25558e+06,7.5793e+06,libvpx
208116865,25058.6,0,25058.6,30.6,5.91128e+06,1920,1072,174749,790807760,3.19844e+06,7.57404e+06,libvpx
208117866,25089,0,25089,30,5.91895e+06,1920,1072,174901,791217218,3.27239e+06,7.56889e+06,libvpx
208118867,25119,0,25119,30,5.92683e+06,1920,1072,175051,791550903,2.66681e+06,7.56303e+06,libvpx
208119868,25149,0,25149,30,5.93429e+06,1920,1072,175199,792033462,3.85662e+06,7.55861e+06,libvpx
208120868,25179,0,25179,30,5.94219e+06,1920,1072,175342,792452710,3.35398e+06,7.5536e+06,libvpx
208121869,25209,0,25209,30,5.9501e+06,1920,1072,175493,792868010,3.31908e+06,7.54855e+06,libvpx
208122870,25239,0,25239,30,5.95807e+06,1920,1072,175649,793303029,3.47668e+06,7.54371e+06,libvpx
208123872,25270,0,25270,30.8,5.96575e+06,1920,1072,175804,793726181,3.37846e+06,7.53875e+06,libvpx
208124873,25300,0,25300,30,5.97334e+06,1920,1072,175951,794152729,3.40898e+06,7.53385e+06,libvpx
208125874,25330,0,25330,30,5.98104e+06,1920,1072,176109,794575921,3.38215e+06,7.52893e+06,libvpx
208126875,25360,0,25360,30,5.98878e+06,1920,1072,176271,795013135,3.49422e+06,7.52415e+06,libvpx
208127876,25390,0,25390,30,5.99619e+06,1920,1072,176423,795486372,3.78211e+06,7.51973e+06,libvpx
208128877,25420,0,25420,30,6.00406e+06,1920,1072,176568,795923290,3.49185e+06,7.51497e+06,libvpx
208129878,25450,0,25450,30,6.01159e+06,1920,1072,176712,796349969,3.41002e+06,7.51012e+06,libvpx
208130879,25480,0,25480,30,6.01931e+06,1920,1072,176867,796750145,3.19821e+06,7.50504e+06,libvpx
208131881,25510.2,0,25510.2,30.2,6.0269e+06,1920,1072,177034,797250738,3.99675e+06,7.50091e+06,libvpx
208132882,25541,0,25541,30.4,6.03396e+06,1920,1072,177203,797698721,3.58028e+06,7.4963e+06,libvpx
208133883,25571,0,25571,30,6.04141e+06,1920,1072,177363,798164578,3.72313e+06,7.49187e+06,libvpx
208134884,25601,0,25601,30,6.04893e+06,1920,1072,177520,798628373,3.70665e+06,7.48742e+06,libvpx
208135885,25631,0,25631,30,6.0563e+06,1920,1072,177683,799088767,3.67947e+06,7.48296e+06,libvpx
208136886,25661,0,25661,30,6.06361e+06,1920,1072,177836,799525084,3.48705e+06,7.47829e+06,libvpx
208137888,25691,0,25691,30,6.07121e+06,1920,1072,177996,800040738,4.117e+06,7.47435e+06,libvpx
208138890,25721.6,0,25721.6,30.4,6.07834e+06,1920,1072,178152,800518073,3.81106e+06,7.47007e+06,libvpx
208139891,25752,0,25752,30,6.08574e+06,1920,1072,178321,800990488,3.77554e+06,7.46576e+06,libvpx
208140893,25782,0,25782,30,6.09317e+06,1920,1072,178486,801455907,3.71592e+06,7.46139e+06,libvpx
208141894,25812,0,25812,30,6.10031e+06,1920,1072,178671,801905977,3.59696e+06,7.45689e+06,libvpx
208142895,25842,0,25842,30,6.10771e+06,1920,1072,178839,802278208,2.97487e+06,7.45168e+06,libvpx
208143896,25872,0,25872,30,6.11502e+06,1920,1072,179002,802644587,2.9281e+06,7.44643e+06,libvpx
208144897,25902,0,25902,30,6.12227e+06,1920,1072,179161,803000832,2.84711e+06,7.4411e+06,libvpx
208145901,25932.6,0,25932.6,30.6,6.12876e+06,1920,1072,179330,803454635,3.61596e+06,7.43666e+06,libvpx
208146901,25963,0,25963,30,6.13592e+06,1920,1072,179503,803848766,3.15305e+06,7.43171e+06,libvpx
208147903,25993,0,25993,30,6.14309e+06,1920,1072,179675,804245975,3.17133e+06,7.42678e+06,libvpx
208148904,26023,0,26023,30,6.15021e+06,1920,1072,179842,804655548,3.27331e+06,7.42199e+06,libvpx
208149905,26053,0,26053,30,6.15709e+06,1920,1072,179989,805018349,2.89951e+06,7.41677e+06,libvpx
208150906,26083,0,26083,30,6.16434e+06,1920,1072,180167,805460549,3.53407e+06,7.4123e+06,libvpx
208151907,26113,0,26113,30,6.17218e+06,1920,1072,180331,805870418,3.27568e+06,7.40754e+06,libvpx
208152908,26143,0,26143,30,6.17999e+06,1920,1072,180481,806306426,3.48458e+06,7.40304e+06,libvpx
208153909,26173,0,26173,30,6.18792e+06,1920,1072,180631,806688183,3.051e+06,7.39804e+06,libvpx
208154911,26203,0,26203,30,6.19593e+06,1920,1072,180774,807090435,3.21159e+06,7.39324e+06,libvpx
208155912,26233.4,0,26233.4,30.4,6.20394e+06,1920,1072,180934,807526076,3.48165e+06,7.38876e+06,libvpx
208156913,26263,0,26263,29.6,6.21204e+06,1920,1072,181097,807922811,3.17071e+06,7.38394e+06,libvpx
208157914,26293,0,26293,30,6.2205e+06,1920,1072,181270,808393554,3.76218e+06,7.3798e+06,libvpx
208158915,26323,0,26323,30,6.22912e+06,1920,1072,181439,808825624,3.45311e+06,7.37532e+06,libvpx
208159916,26353,0,26353,30,6.23797e+06,1920,1072,181599,809266583,3.52415e+06,7.37093e+06,libvpx
208160917,26384,0,26384,30.6,6.24653e+06,1920,1072,181767,809716631,3.59679e+06,7.36664e+06,libvpx
208161919,26414,0,26414,30,6.25509e+06,1920,1072,181935,810139776,3.3784e+06,7.3621e+06,libvpx
208162919,26444,0,26444,30,6.26351e+06,1920,1072,182103,810601273,3.69198e+06,7.35793e+06,libvpx
208163921,26474,0,26474,30,6.2718e+06,1920,1072,182259,811036323,3.47345e+06,7.35352e+06,libvpx
208164921,26504,0,26504,30,6.27996e+06,1920,1072,182418,811516667,3.84275e+06,7.34955e+06,libvpx
208165922,26534,0,26534,30,6.28828e+06,1920,1072,182582,811948251,3.44922e+06,7.34513e+06,libvpx
208166926,26564.2,0,26564.2,30.2,6.29641e+06,1920,1072,182771,812435535,3.88274e+06,7.3412e+06,libvpx
208167929,26595,0,26595,30.4,6.30463e+06,1920,1072,182984,812901896,3.71973e+06,7.33711e+06,libvpx
208168930,26625,0,26625,30,6.3127e+06,1920,1072,183129,813380685,3.82649e+06,7.33315e+06,libvpx
208169931,26655,0,26655,30,6.3211e+06,1920,1072,183279,813868226,3.89643e+06,7.32927e+06,libvpx
208170932,26685,0,26685,30,6.32963e+06,1920,1072,183433,814352852,3.87313e+06,7.32538e+06,libvpx
208171933,26715,0,26715,30,6.3379e+06,1920,1072,183604,814853344,3.99994e+06,7.32165e+06,libvpx
208172933,26745,0,26745,30,6.34589e+06,1920,1072,183772,815298908,3.56451e+06,7.31743e+06,libvpx
208173934,26775,0,26775,30,6.35352e+06,1920,1072,183943,815818656,4.15383e+06,7.31388e+06,libvpx
208174935,26805,0,26805,30,6.36125e+06,1920,1072,184113,816359591,4.32316e+06,7.31053e+06,libvpx
208175936,26835,0,26835,30,6.36928e+06,1920,1072,184299,816848778,3.90959e+06,7.30672e+06,libvpx
208176937,26865,0,26865,30,6.37741e+06,1920,1072,184473,817358509,4.07377e+06,7.30311e+06,libvpx
208177939,26895.4,0,26895.4,30.4,6.3861e+06,1920,1072,184649,817860563,4.00842e+06,7.29943e+06,libvpx
208178940,26926,0,26926,30.2,6.39442e+06,1920,1072,184814,818314563,3.62837e+06,7.29533e+06,libvpx
208179941,26956,0,26956,30,6.40257e+06,1920,1072,184980,818635518,2.56507e+06,7.29006e+06,libvpx
208180942,26986,0,26986,30,6.41027e+06,1920,1072,185127,819103986,3.744e+06,7.28611e+06,libvpx
208181943,27016,0,27016,30,6.41846e+06,1920,1072,185276,819480692,3.01064e+06,7.28136e+06,libvpx
208182944,27046,0,27046,30,6.42678e+06,1920,1072,185424,819870727,3.11716e+06,7.27674e+06,libvpx
208183945,27076,0,27076,30,6.43497e+06,1920,1072,185576,820278476,3.25873e+06,7.27228e+06,libvpx
208184946,27106.4,0,27106.4,30.4,6.44351e+06,1920,1072,185729,820683411,3.23624e+06,7.26781e+06,libvpx
208185948,27137,0,27137,30.2,6.45185e+06,1920,1072,185878,821084184,3.19978e+06,7.2633e+06,libvpx
208186949,27167,0,27167,30,6.46022e+06,1920,1072,186020,821511777,3.41733e+06,7.25905e+06,libvpx
208187950,27197,0,27197,30,6.46877e+06,1920,1072,186162,821915919,3.22991e+06,7.2546e+06,libvpx
208188951,27227,0,27227,30,6.4772e+06,1920,1072,186324,822328749,3.29934e+06,7.25023e+06,libvpx
208189951,27257,0,27257,30,6.48561e+06,1920,1072,186486,822768870,3.52097e+06,7.24613e+06,libvpx
208190952,27287.2,0,27287.2,30.2,6.49445e+06,1920,1072,186639,823176215,3.2555e+06,7.24174e+06,libvpx
208191955,27318,0,27318,30.8,6.50332e+06,1920,1072,186783,823598973,3.37195e+06,7.23747e+06,libvpx
208192956,27348,0,27348,30,6.51203e+06,1920,1072,186927,824039915,3.52401e+06,7.23339e+06,libvpx
208193957,27378,0,27378,30,6.52076e+06,1920,1072,187080,824482797,3.53952e+06,7.22934e+06,libvpx
208194958,27408,0,27408,30,6.52924e+06,1920,1072,187240,824941181,3.66341e+06,7.22543e+06,libvpx
208195959,27438,0,27438,30,6.53756e+06,1920,1072,187397,825347300,3.24571e+06,7.22108e+06,libvpx
208196960,27468,0,27468,30,6.54577e+06,1920,1072,187539,825677417,2.6383e+06,7.21606e+06,libvpx
208197961,27498,0,27498,30,6.55441e+06,1920,1072,187680,826037899,2.88098e+06,7.21133e+06,libvpx
208198964,27529,0,27529,30.6,6.5633e+06,1920,1072,187831,826389742,2.80633e+06,7.20651e+06,libvpx
208199965,27559,0,27559,30,6.57204e+06,1920,1072,187976,826755844,2.92589e+06,7.20185e+06,libvpx
208200966,27589,0,27589,30,6.58043e+06,1920,1072,188119,827119009,2.90242e+06,7.19717e+06,libvpx
208201967,27619,0,27619,30,6.58918e+06,1920,1072,188276,827494082,2.99759e+06,7.1926e+06,libvpx
208202968,27649,0,27649,30,6.59784e+06,1920,1072,188440,827849888,2.8436e+06,7.18787e+06,libvpx
208203968,27679,0,27679,30,6.60618e+06,1920,1072,188591,828233985,3.07278e+06,7.18341e+06,libvpx
208204969,27709,0,27709,30,6.61456e+06,1920,1072,188738,828634178,3.19835e+06,7.17909e+06,libvpx
208205970,27739,0,27739,30,6.62302e+06,1920,1072,188894,829005315,2.96613e+06,7.17453e+06,libvpx
208206971,27769.2,0,27769.2,30.2,6.63158e+06,1920,1072,189048,829406484,3.20615e+06,7.17024e+06,libvpx
208207974,27799.8,0,27799.8,30.2,6.64007e+06,1920,1072,189216,829821815,3.31271e+06,7.16606e+06,libvpx
208208976,27830,0,27830,30.2,6.64828e+06,1920,1072,189382,830205940,3.06687e+06,7.16163e+06,libvpx
208209976,27860,0,27860,30,6.65674e+06,1920,1072,189539,830603711,3.18217e+06,7.15735e+06,libvpx
208210977,27890,0,27890,30,6.66524e+06,1920,1072,189697,831003850,3.19791e+06,7.15308e+06,libvpx
208211978,27920,0,27920,30,6.6738e+06,1920,1072,189852,831413519,3.27408e+06,7.14891e+06,libvpx
208212979,27950,0,27950,30,6.6823e+06,1920,1072,190008,831846095,3.45715e+06,7.14494e+06,libvpx
208213982,27980.2,0,27980.2,30.2,6.69073e+06,1920,1072,190169,832247312,3.20014e+06,7.1407e+06,libvpx
208214983,28011,0,28011,30.2,6.69935e+06,1920,1072,190332,832672606,3.39895e+06,7.13668e+06,libvpx
208215983,28041,0,28041,30,6.70762e+06,1920,1072,190491,833127460,3.63883e+06,7.13294e+06,libvpx
208216984,28071,0,28071,30,6.71623e+06,1920,1072,190633,833531666,3.23042e+06,7.12876e+06,libvpx
208217985,28101,0,28101,30,6.72473e+06,1920,1072,190791,833971889,3.51827e+06,7.1249e+06,libvpx
208218986,28131,0,28131,30,6.73309e+06,1920,1072,190949,834406978,3.47723e+06,7.12101e+06,libvpx
208219987,28161,0,28161,30,6.74143e+06,1920,1072,191102,834883756,3.81041e+06,7.11748e+06,libvpx
208220988,28191.2,0,28191.2,30.2,6.75029e+06,1920,1072,191250,835284269,3.2009e+06,7.1133e+06,libvpx
208221991,28222,0,28222,30.4,6.75894e+06,1920,1072,191403,835727246,3.53322e+06,7.10949e+06,libvpx
208222991,28252,0,28252,30,6.76742e+06,1920,1072,191557,836185514,3.66614e+06,7.10583e+06,libvpx
208223992,28282,0,28282,30,6.77601e+06,1920,1072,191718,836643968,3.66397e+06,7.10217e+06,libvpx
208224993,28312,0,28312,30,6.78431e+06,1920,1072,191893,837111129,3.73355e+06,7.0986e+06,libvpx
208225994,28342,0,28342,30,6.79281e+06,1920,1072,192059,837583444,3.77475e+06,7.09508e+06,libvpx
208226996,28372.4,0,28372.4,30.4,6.80143e+06,1920,1072,192220,838075348,3.92738e+06,7.09172e+06,libvpx
208227997,28403,0,28403,30.4,6.81001e+06,1920,1072,192390,838530271,3.63575e+06,7.08806e+06,libvpx
208228998,28433,0,28433,30,6.81861e+06,1920,1072,192546,839083780,4.42365e+06,7.08525e+06,libvpx
208229999,28463,0,28463,30,6.82727e+06,1920,1072,192706,839627327,4.34403e+06,7.08235e+06,libvpx
208231000,28493,0,28493,30,6.83583e+06,1920,1072,192873,840241963,4.91218e+06,7.08007e+06,libvpx
208232001,28523,0,28523,30,6.84405e+06,1920,1072,193049,840909770,5.33712e+06,7.07823e+06,libvpx
208233001,28553,0,28553,30,6.85264e+06,1920,1072,193229,841599283,5.5161e+06,7.07659e+06,libvpx
208234002,28583,0,28583,30,6.86162e+06,1920,1072,193403,842366234,6.12948e+06,7.07559e+06,libvpx
208235004,28613,0,28613,30,6.87027e+06,1920,1072,193586,843241655,6.98939e+06,7.0755e+06,libvpx
208236007,28643.8,0,28643.8,30.2,6.8789e+06,1920,1072,193773,844081824,6.70125e+06,7.07511e+06,libvpx
208237008,28674,0,28674,30.2,6.88742e+06,1920,1072,193965,845076482,7.94931e+06,7.07603e+06,libvpx
208238009,28704,0,28704,30,6.89594e+06,1920,1072,194160,846149033,8.57184e+06,7.07759e+06,libvpx
208239010,28734,0,28734,30,6.90433e+06,1920,1072,194373,847271922,8.97414e+06,7.07957e+06,libvpx
208240011,28764.2,0,28764.2,30.2,6.91296e+06,1920,1072,194591,848496559,9.78731e+06,7.0824e+06,libvpx
208241012,28795,0,28795,30.8,6.9216e+06,1920,1072,194821,849845982,1.07846e+07,7.08626e+06,libvpx
208242013,28825,0,28825,30,6.92947e+06,1920,1072,195036,851293972,1.15723e+07,7.09094e+06,libvpx
208243014,28855,0,28855,30,6.93759e+06,1920,1072,195271,852795166,1.19976e+07,7.09605e+06,libvpx
208244015,28885,0,28885,30,6.94578e+06,1920,1072,195508,854505183,1.36665e+07,7.10288e+06,libvpx
208245018,28915,0,28915,30,6.95429e+06,1920,1072,195768,856300276,1.43178e+07,7.11039e+06,libvpx
208246021,28946,0,28946,30.6,6.96264e+06,1920,1072,196035,858282222,1.58081e+07,7.11944e+06,libvpx
208247022,28976,0,28976,30,6.9709e+06,1920,1072,196300,860432708,1.71867e+07,7.12988e+06,libvpx
208248023,29006,0,29006,30,6.97903e+06,1920,1072,196575,862774812,1.87181e+07,7.14188e+06,libvpx
208249025,29036,0,29036,30,6.98727e+06,1920,1072,196863,864621720,1.47458e+07,7.14976e+06,libvpx
208250026,29066.6,0,29066.6,30.6,6.99426e+06,1920,1072,197117,865895728,1.01819e+07,7.15289e+06,libvpx
208251027,29096.8,0,29096.8,30,7.00203e+06,1920,1072,197325,866997656,8.80662e+06,7.1546e+06,libvpx
208252029,29126.8,0,29126.8,29.8,7.00992e+06,1920,1072,197539,868093653,8.75048e+06,7.15624e+06,libvpx
208253032,29156.6,0,29156.6,29.6,7.01783e+06,1920,1072,197782,869218791,8.97418e+06,7.15812e+06,libvpx
208254033,29187,0,29187,30.4,7.02572e+06,1920,1072,198054,870411550,9.53254e+06,7.16057e+06,libvpx
208255034,29217,0,29217,30,7.03393e+06,1920,1072,198260,871513234,8.80467e+06,7.16226e+06,libvpx
208256035,29247,0,29247,30,7.04202e+06,1920,1072,198471,872632984,8.94905e+06,7.16409e+06,libvpx
208257036,29277,0,29277,30,7.04994e+06,1920,1072,198676,873831638,9.57965e+06,7.16657e+06,libvpx
208258038,29307,0,29307,30,7.05824e+06,1920,1072,198880,874950121,8.93e+06,7.16838e+06,libvpx
208259040,29337,0,29337,30,7.06614e+06,1920,1072,199097,876051837,8.79614e+06,7.17005e+06,libvpx
208260040,29367.8,0,29367.8,30.4,7.07417e+06,1920,1072,199307,876913007,6.88936e+06,7.16976e+06,libvpx
208261042,29398,0,29398,30.2,7.08244e+06,1920,1072,199510,877716481,6.41496e+06,7.16899e+06,libvpx
208262042,29428,0,29428,30,7.09049e+06,1920,1072,199701,878664560,7.58463e+06,7.16941e+06,libvpx
208263044,29458,0,29458,30,7.09843e+06,1920,1072,199907,879568893,7.22022e+06,7.16947e+06,libvpx
208264045,29488,0,29488,30,7.10669e+06,1920,1072,200099,880376047,6.45078e+06,7.16873e+06,libvpx
208265046,29518.2,0,29518.2,30,7.11496e+06,1920,1072,200289,881280476,7.2282e+06,7.16879e+06,libvpx
208266047,29548.4,0,29548.4,29.8,7.12314e+06,1920,1072,200482,882160086,7.02985e+06,7.16865e+06,libvpx
208267053,29579,0,29579,30.2,7.13116e+06,1920,1072,200677,883084756,7.35324e+06,7.16884e+06,libvpx
208268054,29609,0,29609,30,7.13888e+06,1920,1072,200869,884009751,7.39257e+06,7.16907e+06,libvpx
208269055,29639,0,29639,30,7.14659e+06,1920,1072,201067,884829298,6.54983e+06,7.16844e+06,libvpx
208270056,29669,0,29669,30,7.15403e+06,1920,1072,201265,885815939,7.88524e+06,7.16917e+06,libvpx
208271057,29699,0,29699,30,7.16216e+06,1920,1072,201455,886732527,7.32538e+06,7.16932e+06,libvpx
208272060,29729.8,0,29729.8,30.8,7.17033e+06,1920,1072,201679,887623089,7.10319e+06,7.16926e+06,libvpx
208273061,29760,0,29760,30,7.17823e+06,1920,1072,201871,888564813,7.52627e+06,7.16962e+06,libvpx
208274062,29790,0,29790,30,7.18638e+06,1920,1072,202067,889499545,7.47039e+06,7.16992e+06,libvpx
208275063,29820,0,29820,30,7.19456e+06,1920,1072,202261,890424516,7.39238e+06,7.17015e+06,libvpx
208276064,29850,0,29850,30,7.20267e+06,1920,1072,202453,891303425,7.02425e+06,7.17e+06,libvpx
208277065,29880,0,29880,30,7.21085e+06,1920,1072,202648,892227127,7.38223e+06,7.17021e+06,libvpx
208278071,29910,0,29910,30,7.21894e+06,1920,1072,202932,893191851,7.67176e+06,7.17072e+06,libvpx
208279072,29940.4,0,29940.4,30.4,7.22674e+06,1920,1072,203187,894057584,6.91895e+06,7.17047e+06,libvpx
208280074,29971,0,29971,30,7.23458e+06,1920,1072,203407,895068296,8.06956e+06,7.17137e+06,libvpx
208281077,30001,0,30001,30,7.24252e+06,1920,1072,203614,896035690,7.716e+06,7.17191e+06,libvpx
208282078,30031,0,30031,30,7.25025e+06,1920,1072,203813,896917199,7.04503e+06,7.17179e+06,libvpx
208283079,30061,0,30061,30,7.25803e+06,1920,1072,204015,897895568,7.81913e+06,7.17243e+06,libvpx
208284079,30091,0,30091,30,7.26609e+06,1920,1072,204202,898822544,7.41581e+06,7.17268e+06,libvpx
208285081,30121.4,0,30121.4,30.4,7.27421e+06,1920,1072,204414,899795991,7.77203e+06,7.17328e+06,libvpx
208286082,30151.6,0,30151.6,29.6,7.28193e+06,1920,1072,204619,900788091,7.92887e+06,7.17403e+06,libvpx
208287089,30181.8,0,30181.8,29.8,7.29007e+06,1920,1072,204859,901804395,8.07391e+06,7.17493e+06,libvpx
208288090,30212,0,30212,30,7.29831e+06,1920,1072,205096,902795737,7.92281e+06,7.17567e+06,libvpx
208289096,30242,0,30242,30,7.30637e+06,1920,1072,205339,903727951,7.41323e+06,7.17591e+06,libvpx
208290097,30272,0,30272,30,7.31461e+06,1920,1072,205588,904745527,8.13248e+06,7.17686e+06,libvpx
208291098,30302.6,0,30302.6,30.6,7.32297e+06,1920,1072,205806,905737728,7.92968e+06,7.17761e+06,libvpx
208292100,30333,0,30333,30,7.33125e+06,1920,1072,206039,906697776,7.66505e+06,7.17809e+06,libvpx
208293102,30363,0,30363,30,7.33938e+06,1920,1072,206258,907658301,7.66886e+06,7.17858e+06,libvpx
208294104,30393,0,30393,30,7.34732e+06,1920,1072,206500,908770236,8.87772e+06,7.18026e+06,libvpx
208295105,30423,0,30423,30,7.35531e+06,1920,1072,206750,909749730,7.82812e+06,7.1809e+06,libvpx
208296106,30453,0,30453,30,7.36378e+06,1920,1072,206973,910720033,7.75467e+06,7.18146e+06,libvpx
208297107,30483.2,0,30483.2,30.2,7.37171e+06,1920,1072,207191,911727004,8.04772e+06,7.18232e+06,libvpx
208298110,30513.8,0,30513.8,30.2,7.37977e+06,1920,1072,207415,912732721,8.02167e+06,7.18315e+06,libvpx
208299113,30544,0,30544,30.2,7.38776e+06,1920,1072,207640,913729518,7.95052e+06,7.1839e+06,libvpx
208300114,30574,0,30574,30,7.39582e+06,1920,1072,207850,914775313,8.358e+06,7.18506e+06,libvpx
208301116,30604,0,30604,30,7.40404e+06,1920,1072,208056,915791415,8.11259e+06,7.18597e+06,libvpx
208302117,30634,0,30634,30,7.412e+06,1920,1072,208264,916770789,7.82716e+06,7.1866e+06,libvpx
208303118,30664,0,30664,30,7.41973e+06,1920,1072,208468,917798491,8.2134e+06,7.1876e+06,libvpx
208304119,30694,0,30694,30,7.42737e+06,1920,1072,208678,918871491,8.57542e+06,7.18896e+06,libvpx
208305121,30724,0,30724,30,7.43549e+06,1920,1072,208886,919988404,8.91747e+06,7.19065e+06,libvpx
208306123,30754.2,0,30754.2,30.2,7.44387e+06,1920,1072,209097,920991239,8.00667e+06,7.19145e+06,libvpx
208307126,30785,0,30785,30.2,7.4519e+06,1920,1072,209318,922090639,8.76889e+06,7.19299e+06,libvpx
208308127,30815,0,30815,30,7.46003e+06,1920,1072,209529,923099546,8.06319e+06,7.19384e+06,libvpx
208309128,30845,0,30845,30,7.46822e+06,1920,1072,209734,924228370,9.02157e+06,7.19562e+06,libvpx
208310129,30875,0,30875,30,7.47645e+06,1920,1072,209954,925266795,8.2991e+06,7.1967e+06,libvpx
208311130,30905,0,30905,30,7.48483e+06,1920,1072,210166,926324412,8.45248e+06,7.19792e+06,libvpx
208312131,30935,0,30935,30,7.4929e+06,1920,1072,210376,927399495,8.59207e+06,7.19927e+06,libvpx
208313133,30965,0,30965,30,7.50112e+06,1920,1072,210597,928485749,8.67269e+06,7.2007e+06,libvpx
208314135,30995.4,0,30995.4,30,7.50917e+06,1920,1072,210813,929561563,8.58933e+06,7.20205e+06,libvpx
208315137,31026,0,31026,30,7.51733e+06,1920,1072,211041,930636038,8.57864e+06,7.20339e+06,libvpx
208316137,31056,0,31056,30,7.52568e+06,1920,1072,211251,931797436,9.29118e+06,7.2054e+06,libvpx
208317139,31086,0,31086,30,7.53422e+06,1920,1072,211462,932920972,8.97035e+06,7.20711e+06,libvpx
208318142,31116.4,0,31116.4,30,7.54246e+06,1920,1072,211676,934210441,1.02849e+07,7.21009e+06,libvpx
208319143,31147,0,31147,30,7.55068e+06,1920,1072,211911,935481924,1.01617e+07,7.21294e+06,libvpx
208320145,31176.8,0,31176.8,29.8,7.55897e+06,1920,1072,212150,936972260,1.18989e+07,7.21746e+06,libvpx
208321146,31207,0,31207,30,7.56719e+06,1920,1072,212421,938560887,1.26963e+07,7.22273e+06,libvpx
208322147,31237,0,31237,30,7.57553e+06,1920,1072,212659,940181608,1.29528e+07,7.22825e+06,libvpx
208323148,31267.4,0,31267.4,30.4,7.58365e+06,1920,1072,212914,942041240,1.48622e+07,7.23558e+06,libvpx
208324149,31298,0,31298,30.4,7.59194e+06,1920,1072,213173,944006970,1.57101e+07,7.24372e+06,libvpx
208325151,31328,0,31328,30,7.60019e+06,1920,1072,213443,946022239,1.609e+07,7.25221e+06,libvpx
208326153,31358,0,31358,30,7.60814e+06,1920,1072,213759,948048666,1.61791e+07,7.26078e+06,libvpx
208327154,31388,0,31388,30,7.61581e+06,1920,1072,214157,949535983,1.18866e+07,7.26521e+06,libvpx
208328156,31418,0,31418,30,7.62381e+06,1920,1072,214418,951063321,1.21943e+07,7.26992e+06,libvpx
208329159,31448,0,31448,30,7.63192e+06,1920,1072,214658,952636763,1.25499e+07,7.27498e+06,libvpx
208330160,31479,0,31479,31,7.63915e+06,1920,1072,214905,953841796,9.63063e+06,7.27723e+06,libvpx
208331161,31509,0,31509,30,7.64691e+06,1920,1072,215124,955007665,9.31763e+06,7.27917e+06,libvpx
208332161,31539,0,31539,30,7.65467e+06,1920,1072,215358,956306830,1.03933e+07,7.28214e+06,libvpx
208333162,31569,0,31569,30,7.66235e+06,1920,1072,215582,957672473,1.09142e+07,7.2856e+06,libvpx
208334164,31599.4,0,31599.4,30.2,7.66979e+06,1920,1072,215820,959220130,1.23565e+07,7.29042e+06,libvpx
208335164,31630,0,31630,30,7.67738e+06,1920,1072,216053,960892182,1.33764e+07,7.2962e+06,libvpx
208336166,31660,0,31660,30,7.68492e+06,1920,1072,216297,962632786,1.3897e+07,7.30247e+06,libvpx
208337167,31690,0,31690,30,7.69271e+06,1920,1072,216545,964577963,1.55459e+07,7.31029e+06,libvpx
208338169,31720,0,31720,30,7.70067e+06,1920,1072,216797,966529803,1.55836e+07,7.31813e+06,libvpx
208339169,31750,0,31750,30,7.70763e+06,1920,1072,217068,968525300,1.5964e+07,7.32631e+06,libvpx
208340170,31780,0,31780,30,7.7139e+06,1920,1072,217303,969789428,1.01029e+07,7.32894e+06,libvpx
208341171,31810,0,31810,30,7.72161e+06,1920,1072,217517,970912081,8.97225e+06,7.33049e+06,libvpx
208342173,31840,0,31840,30,7.72932e+06,1920,1072,217733,972035943,8.97295e+06,7.33204e+06,libvpx
208343174,31870.2,0,31870.2,30.2,7.73713e+06,1920,1072,217938,973246046,9.67115e+06,7.33424e+06,libvpx
208344176,31901,0,31901,30.4,7.74479e+06,1920,1072,218160,974366264,8.94386e+06,7.33576e+06,libvpx
208345177,31931,0,31931,30,7.75251e+06,1920,1072,218383,975553733,9.49026e+06,7.33779e+06,libvpx
208346178,31961,0,31961,30,7.7603e+06,1920,1072,218612,976723401,9.348e+06,7.33968e+06,libvpx
208347179,31991,0,31991,30,7.76821e+06,1920,1072,218839,977921372,9.57419e+06,7.34178e+06,libvpx
208348179,32021,0,32021,30,7.77591e+06,1920,1072,219059,979085371,9.31199e+06,7.34363e+06,libvpx
208349182,32051,0,32051,30,7.78362e+06,1920,1072,219327,980253505,9.31712e+06,7.34548e+06,libvpx
208350184,32081,0,32081,30,7.79171e+06,1920,1072,219550,981406297,9.20393e+06,7.34722e+06,libvpx
208351186,32111.8,0,32111.8,30.6,7.79948e+06,1920,1072,219760,982590908,9.45797e+06,7.3492e+06,libvpx
208352187,32142,0,32142,30,7.80725e+06,1920,1072,219983,983778073,9.48783e+06,7.3512e+06,libvpx
208353188,32172,0,32172,30,7.81512e+06,1920,1072,220200,984995014,9.7258e+06,7.35342e+06,libvpx
208354189,32202,0,32202,30,7.82296e+06,1920,1072,220412,986210758,9.71624e+06,7.35562e+06,libvpx
208355190,32232,0,32232,30,7.8309e+06,1920,1072,220623,987377280,9.32285e+06,7.35746e+06,libvpx
208356191,32262,0,32262,30,7.83871e+06,1920,1072,220834,988550576,9.37699e+06,7.35934e+06,libvpx
208357192,32292,0,32292,30,7.84658e+06,1920,1072,221053,989757635,9.64683e+06,7.36147e+06,libvpx
208358194,32322,0,32322,30,7.85451e+06,1920,1072,221283,990991472,9.85099e+06,7.36378e+06,libvpx
208359196,32352.8,0,32352.8,30.2,7.86204e+06,1920,1072,221533,992160529,9.33379e+06,7.36562e+06,libvpx
208360197,32383,0,32383,30.2,7.8696e+06,1920,1072,221744,993125257,7.71011e+06,7.36594e+06,libvpx
208361199,32413,0,32413,30,7.87726e+06,1920,1072,221951,994114476,7.89796e+06,7.36643e+06,libvpx
208362200,32443,0,32443,30,7.88489e+06,1920,1072,222140,995024992,7.27685e+06,7.36635e+06,libvpx
208363201,32473,0,32473,30,7.89252e+06,1920,1072,222339,996039070,8.10452e+06,7.36703e+06,libvpx
208364203,32503,0,32503,30,7.90004e+06,1920,1072,222540,996960698,7.35831e+06,7.36702e+06,libvpx
208365204,32533.2,0,32533.2,30.2,7.90752e+06,1920,1072,222753,997622530,5.28937e+06,7.3651e+06,libvpx
208366205,32564,0,32564,30.6,7.91429e+06,1920,1072,222948,998239283,4.92909e+06,7.36285e+06,libvpx
208367208,32594,0,32594,30,7.92177e+06,1920,1072,223129,998728216,3.89976e+06,7.35966e+06,libvpx
208368209,32624,0,32624,30,7.92947e+06,1920,1072,223290,999226745,3.98425e+06,7.35655e+06,libvpx
208369211,32654,0,32654,30,7.9372e+06,1920,1072,223431,999707344,3.83712e+06,7.3533e+06,libvpx
208370211,32684,0,32684,30,7.94446e+06,1920,1072,223580,1000237851,4.24406e+06,7.35045e+06,libvpx
208371212,32714,0,32714,30,7.95208e+06,1920,1072,223726,1000700253,3.69552e+06,7.34709e+06,libvpx
208372213,32744,0,32744,30,7.9598e+06,1920,1072,223884,1001251292,4.40391e+06,7.34439e+06,libvpx
208373214,32774,0,32774,30,7.96778e+06,1920,1072,224046,1001741540,3.91807e+06,7.34125e+06,libvpx
208374215,32804,0,32804,30,7.97563e+06,1920,1072,224204,1002260894,4.15068e+06,7.33832e+06,libvpx
208375216,32834,0,32834,29.8,7.9833e+06,1920,1072,224359,1002795272,4.27075e+06,7.33552e+06,libvpx
208376218,32864.6,0,32864.6,30.6,7.99087e+06,1920,1072,224523,1003332764,4.29135e+06,7.33273e+06,libvpx
208377219,32895,0,32895,30,7.99832e+06,1920,1072,224687,1003855271,4.17588e+06,7.32985e+06,libvpx
208378219,32925,0,32925,30,8.0061e+06,1920,1072,224852,1004357929,4.02126e+06,7.32683e+06,libvpx
208379220,32955,0,32955,30,8.01374e+06,1920,1072,225023,1004888265,4.23845e+06,7.32401e+06,libvpx
208380221,32985,0,32985,30,8.0214e+06,1920,1072,225218,1005405399,4.13294e+06,7.3211e+06,libvpx
208381222,33015,0,33015,30,8.02908e+06,1920,1072,225381,1005982598,4.61298e+06,7.31864e+06,libvpx
208382223,33045,0,33045,30,8.0369e+06,1920,1072,225543,1006530913,4.38214e+06,7.31597e+06,libvpx
208383224,33075,0,33075,30,8.04446e+06,1920,1072,225713,1007087237,4.44615e+06,7.31336e+06,libvpx
208384225,33105,0,33105,30,8.05221e+06,1920,1072,225872,1007645422,4.46102e+06,7.31077e+06,libvpx
208385227,33135.8,0,33135.8,30.8,8.06009e+06,1920,1072,226042,1008238140,4.73228e+06,7.30843e+06,libvpx
208386228,33166,0,33166,30.2,8.06777e+06,1920,1072,226217,1008808689,4.55983e+06,7.30594e+06,libvpx
208387229,33196,0,33196,30,8.07535e+06,1920,1072,226383,1009378994,4.55788e+06,7.30345e+06,libvpx
208388230,33226,0,33226,30,8.083e+06,1920,1072,226557,1009970697,4.7289e+06,7.30112e+06,libvpx
208389232,33256,0,33256,30,8.09084e+06,1920,1072,226726,1010517710,4.36737e+06,7.29847e+06,libvpx
208390233,33286,0,33286,30,8.09855e+06,1920,1072,226894,1011101453,4.66528e+06,7.29609e+06,libvpx
208391236,33316,0,33316,30,8.10646e+06,1920,1072,227067,1011725899,4.98063e+06,7.294e+06,libvpx
208392239,33346.6,0,33346.6,29.8,8.11402e+06,1920,1072,227285,1012272607,4.36058e+06,7.29135e+06,libvpx
208393240,33377,0,33377,30.2,8.12169e+06,1920,1072,227458,1012872285,4.79263e+06,7.2891e+06,libvpx
208394241,33407,0,33407,30,8.12951e+06,1920,1072,227628,1013475232,4.81876e+06,7.28688e+06,libvpx
208395241,33437,0,33437,30,8.137e+06,1920,1072,227801,1014070159,4.75942e+06,7.28461e+06,libvpx
208396242,33467,0,33467,30,8.14433e+06,1920,1072,227972,1014700022,5.03387e+06,7.28259e+06,libvpx
208397243,33497,0,33497,30,8.15179e+06,1920,1072,228138,1015291242,4.72503e+06,7.28029e+06,libvpx
208398244,33527,0,33527,30,8.15953e+06,1920,1072,228309,1015906249,4.91514e+06,7.27817e+06,libvpx
208399249,33557.4,0,33557.4,30,8.16747e+06,1920,1072,228527,1016508483,4.7939e+06,7.27594e+06,libvpx
208400256,33588,0,33588,30.2,8.17526e+06,1920,1072,228797,1017134396,4.9725e+06,7.27386e+06,libvpx
208401259,33618,0,33618,30,8.1827e+06,1920,1072,229081,1017758201,4.97551e+06,7.27181e+06,libvpx
208402262,33648,0,33648,30,8.19019e+06,1920,1072,229339,1018396185,5.08861e+06,7.26985e+06,libvpx
208403264,33678,0,33678,30,8.19804e+06,1920,1072,229613,1018993487,4.76888e+06,7.26762e+06,libvpx
208404267,33708,0,33708,29.4,8.20528e+06,1920,1072,229881,1019502389,4.05904e+06,7.26475e+06,libvpx
208405273,33738.4,0,33738.4,29.8,8.21294e+06,1920,1072,230121,1019966395,3.68991e+06,7.26155e+06,libvpx
208406275,33769,0,33769,30,8.22071e+06,1920,1072,230343,1020447717,3.84289e+06,7.2585e+06,libvpx
208407278,33799,0,33799,30,8.22829e+06,1920,1072,230605,1020904927,3.64674e+06,7.25529e+06,libvpx
208408281,33829,0,33829,30,8.23588e+06,1920,1072,230879,1021391820,3.88349e+06,7.25228e+06,libvpx
208409284,33859.8,0,33859.8,30.6,8.24326e+06,1920,1072,231175,1021897139,4.03046e+06,7.24942e+06,libvpx
208410289,33890,0,33890,30.2,8.25032e+06,1920,1072,231450,1022364948,3.72385e+06,7.24628e+06,libvpx
208411291,33920,0,33920,30,8.25732e+06,1920,1072,231718,1022862389,3.97158e+06,7.24338e+06,libvpx
208412294,33950,0,33950,30,8.26449e+06,1920,1072,231974,1023354366,3.92404e+06,7.24043e+06,libvpx
208413296,33980,0,33980,30,8.27193e+06,1920,1072,232223,1023850472,3.96093e+06,7.23753e+06,libvpx
208414299,34010,0,34010,30,8.27954e+06,1920,1072,232506,1024367751,4.12585e+06,7.23477e+06,libvpx
208415301,34040.8,0,34040.8,30.6,8.28682e+06,1920,1072,232838,1024891423,4.18101e+06,7.23207e+06,libvpx
208416307,34071,0,34071,30,8.29418e+06,1920,1072,233114,1025382134,3.90227e+06,7.22912e+06,libvpx
208417308,34101,0,34101,30,8.30137e+06,1920,1072,233363,1025885154,4.02014e+06,7.22629e+06,libvpx
208418310,34131,0,34131,30,8.30851e+06,1920,1072,233592,1026373746,3.90093e+06,7.22336e+06,libvpx
208419315,34161,0,34161,30,8.31612e+06,1920,1072,233850,1026919349,4.34311e+06,7.22082e+06,libvpx
208420318,34191.8,0,34191.8,30.6,8.32367e+06,1920,1072,234103,1027466345,4.36288e+06,7.2183e+06,libvpx
208421320,34222,0,34222,30,8.33109e+06,1920,1072,234342,1028005948,4.30821e+06,7.21574e+06,libvpx
208422322,34252,0,34252,30,8.33859e+06,1920,1072,234579,1028501525,3.9567e+06,7.21288e+06,libvpx
208423324,34282,0,34282,30,8.34621e+06,1920,1072,234822,1028976309,3.79069e+06,7.20988e+06,libvpx
208424326,34312,0,34312,30,8.35315e+06,1920,1072,235082,1029501387,4.19224e+06,7.20723e+06,libvpx
208425329,34342.2,0,34342.2,30,8.36017e+06,1920,1072,235347,1030106519,4.82658e+06,7.20514e+06,libvpx
208426331,34372.8,0,34372.8,30.2,8.36767e+06,1920,1072,235627,1030677616,4.55966e+06,7.20283e+06,libvpx
208427337,34403,0,34403,30.2,8.37525e+06,1920,1072,235880,1031234681,4.42994e+06,7.20039e+06,libvpx
208428340,34433,0,34433,30,8.38294e+06,1920,1072,236152,1031798876,4.50006e+06,7.19803e+06,libvpx
208429342,34463,0,34463,30,8.3905e+06,1920,1072,236425,1032328500,4.22853e+06,7.19544e+06,libvpx
208430343,34493,0,34493,30,8.39805e+06,1920,1072,236694,1032917246,4.70526e+06,7.19327e+06,libvpx
208431347,34523.6,0,34523.6,30.2,8.40549e+06,1920,1072,236996,1033466182,4.37399e+06,7.19081e+06,libvpx
208432359,34554,0,34554,30.2,8.4129e+06,1920,1072,237278,1034039880,4.53516e+06,7.18847e+06,libvpx
208433361,34584,0,34584,30,8.42043e+06,1920,1072,237552,1034612199,4.56941e+06,7.18619e+06,libvpx
208434363,34614,0,34614,30,8.42785e+06,1920,1072,237821,1035167111,4.43044e+06,7.1838e+06,libvpx
208435366,34644,0,34644,30,8.43542e+06,1920,1072,238077,1035797102,5.02485e+06,7.18192e+06,libvpx
208436368,34674.2,0,34674.2,30.2,8.44303e+06,1920,1072,238325,1036373646,4.60315e+06,7.17968e+06,libvpx
208437370,34704.8,0,34704.8,30,8.45047e+06,1920,1072,238582,1036924741,4.39996e+06,7.17727e+06,libvpx
208438374,34734.8,0,34734.8,29.8,8.45782e+06,1920,1072,238841,1037549766,4.98028e+06,7.17537e+06,libvpx
208439378,34765,0,34765,30,8.46534e+06,1920,1072,239101,1038167883,4.92524e+06,7.17341e+06,libvpx
208440378,34795,0,34795,30,8.4729e+06,1920,1072,239375,1038755237,4.69883e+06,7.17128e+06,libvpx
208441381,34825,0,34825,30,8.48051e+06,1920,1072,239659,1039363002,4.84758e+06,7.16927e+06,libvpx
208442384,34855,0,34855,30,8.48814e+06,1920,1072,239937,1039999002,5.07278e+06,7.16746e+06,libvpx
208443389,34885.8,0,34885.8,30.2,8.49588e+06,1920,1072,240212,1040599066,4.77663e+06,7.16539e+06,libvpx
208444390,34916,0,34916,30.2,8.50297e+06,1920,1072,240450,1041230274,5.04462e+06,7.16356e+06,libvpx
208445391,34946,0,34946,30,8.50996e+06,1920,1072,240638,1041828396,4.7802e+06,7.16151e+06,libvpx
208446392,34976,0,34976,30,8.51719e+06,1920,1072,240815,1042455482,5.01168e+06,7.15967e+06,libvpx
208447393,35006,0,35006,30,8.52481e+06,1920,1072,240989,1043088130,5.05613e+06,7.15786e+06,libvpx
208448394,35036.6,0,35036.6,30.6,8.53257e+06,1920,1072,241170,1043755902,5.33684e+06,7.1563e+06,libvpx
208449395,35066.8,0,35066.8,30,8.5403e+06,1920,1072,241334,1044389396,5.06289e+06,7.1545e+06,libvpx
208450396,35097,0,35097,30,8.54808e+06,1920,1072,241510,1045138258,5.98491e+06,7.1535e+06,libvpx
208451400,35127,0,35127,30,8.55586e+06,1920,1072,241699,1045908569,6.13794e+06,7.15263e+06,libvpx
208452403,35156.8,0,35156.8,29.8,8.56344e+06,1920,1072,241900,1046742428,6.65092e+06,7.1522e+06,libvpx
208453403,35187,0,35187,30,8.57102e+06,1920,1072,242131,1047614499,6.97657e+06,7.15205e+06,libvpx
208454404,35217,0,35217,30,8.57864e+06,1920,1072,242327,1048302742,5.50044e+06,7.15064e+06,libvpx
208455405,35247,0,35247,30,8.58644e+06,1920,1072,242508,1048962520,5.27295e+06,7.14904e+06,libvpx
208456407,35277.6,0,35277.6,30.4,8.594e+06,1920,1072,242692,1049665475,5.61242e+06,7.14773e+06,libvpx
208457408,35308,0,35308,30.4,8.60165e+06,1920,1072,242885,1050350292,5.47306e+06,7.1463e+06,libvpx
208458409,35338,0,35338,30,8.60942e+06,1920,1072,243063,1051010437,5.27588e+06,7.14471e+06,libvpx
208459410,35368,0,35368,30,8.61684e+06,1920,1072,243238,1051688245,5.41705e+06,7.14324e+06,libvpx
208460411,35398,0,35398,30,8.62408e+06,1920,1072,243410,1052388499,5.59644e+06,7.14193e+06,libvpx
208461412,35428,0,35428,30,8.6312e+06,1920,1072,243587,1053091971,5.62215e+06,7.14064e+06,libvpx
208462412,35458,0,35458,30,8.63906e+06,1920,1072,243762,1053836950,5.95983e+06,7.13964e+06,libvpx
208463414,35488,0,35488,30,8.64679e+06,1920,1072,243936,1054504715,5.33146e+06,7.13811e+06,libvpx
208464414,35518,0,35518,29.8,8.65412e+06,1920,1072,244103,1055225254,5.76431e+06,7.13695e+06,libvpx
208465418,35548.2,0,35548.2,30,8.66149e+06,1920,1072,244303,1055922659,5.55701e+06,7.13561e+06,libvpx
208466418,35579,0,35579,30.8,8.66925e+06,1920,1072,244493,1056634688,5.69623e+06,7.13439e+06,libvpx
208467418,35609,0,35609,30,8.67718e+06,1920,1072,244666,1057245357,4.88535e+06,7.1325e+06,libvpx
208468419,35639,0,35639,30,8.68456e+06,1920,1072,244846,1058092716,6.7721e+06,7.13219e+06,libvpx
208469420,35669,0,35669,30,8.69201e+06,1920,1072,245024,1058831670,5.90573e+06,7.13116e+06,libvpx
208470421,35699,0,35699,30,8.69948e+06,1920,1072,245208,1059570884,5.9078e+06,7.13013e+06,libvpx
208471422,35729,0,35729,30,8.70703e+06,1920,1072,245384,1060305250,5.86906e+06,7.12907e+06,libvpx
208472423,35759,0,35759,30,8.71487e+06,1920,1072,245557,1061006291,5.60273e+06,7.12778e+06,libvpx
208473425,35789.6,0,35789.6,30.6,8.72285e+06,1920,1072,245734,1061773939,6.12893e+06,7.12694e+06,libvpx
208474426,35820,0,35820,30.2,8.7304e+06,1920,1072,245924,1062489602,5.71958e+06,7.12576e+06,libvpx
208475426,35850,0,35850,30,8.73807e+06,1920,1072,246120,1063289757,6.40124e+06,7.12516e+06,libvpx
208476427,35880,0,35880,30,8.74558e+06,1920,1072,246305,1064030520,5.92018e+06,7.12415e+06,libvpx
208477428,35910,0,35910,30,8.75306e+06,1920,1072,246479,1064808777,6.21984e+06,7.12339e+06,libvpx
208478429,35940,0,35940,30,8.76071e+06,1920,1072,246653,1065566923,6.05911e+06,7.1225e+06,libvpx
208479430,35970.2,0,35970.2,30.2,8.76834e+06,1920,1072,246839,1066312582,5.95931e+06,7.12153e+06,libvpx
208480431,36000,0,36000,29.8,8.7762e+06,1920,1072,247028,1067136933,6.58822e+06,7.12108e+06,libvpx
208481432,36031,0,36031,30.4,8.78408e+06,1920,1072,247219,1067905705,6.14403e+06,7.12027e+06,libvpx
208482433,36061,0,36061,30,8.79202e+06,1920,1072,247407,1068709901,6.42714e+06,7.11969e+06,libvpx
208483434,36091,0,36091,30,8.79995e+06,1920,1072,247598,1069484088,6.18731e+06,7.11891e+06,libvpx
208484435,36121,0,36121,30,8.80799e+06,1920,1072,247783,1070284117,6.39384e+06,7.11831e+06,libvpx
208485436,36151,0,36151,30,8.81594e+06,1920,1072,247958,1071056438,6.1724e+06,7.11752e+06,libvpx
208486438,36181,0,36181,30,8.82398e+06,1920,1072,248136,1071864382,6.45065e+06,7.11697e+06,libvpx
208487439,36212,0,36212,30.6,8.83151e+06,1920,1072,248321,1072699493,6.67421e+06,7.1166e+06,libvpx
208488440,36242,0,36242,30,8.83948e+06,1920,1072,248501,1073481551,6.25021e+06,7.11588e+06,libvpx
208489443,36272,0,36272,30,8.84696e+06,1920,1072,248680,1074295049,6.48852e+06,7.11536e+06,libvpx
208490444,36302,0,36302,30,8.85483e+06,1920,1072,248864,1075104408,6.4684e+06,7.11483e+06,libvpx
208491445,36332,0,36332,30,8.86274e+06,1920,1072,249053,1075915853,6.48507e+06,7.1143e+06,libvpx
208492446,36362,0,36362,30,8.87063e+06,1920,1072,249239,1076711291,6.35715e+06,7.11368e+06,libvpx
208493446,36392,0,36392,30,8.87844e+06,1920,1072,249426,1077516986,6.44556e+06,7.11313e+06,libvpx
208494448,36422,0,36422,30,8.88646e+06,1920,1072,249610,1078425943,7.25714e+06,7.11325e+06,libvpx
208495451,36452.2,0,36452.2,30,8.89423e+06,1920,1072,249816,1079240341,6.4957e+06,7.11274e+06,libvpx
208496452,36483,0,36483,30.2,8.90206e+06,1920,1072,250005,1080096400,6.84163e+06,7.11251e+06,libvpx
208497453,36512.8,0,36512.8,29.8,8.90989e+06,1920,1072,250204,1080923797,6.61256e+06,7.1121e+06,libvpx
208498454,36543,0,36543,30.2,8.91766e+06,1920,1072,250389,1081693397,6.15065e+06,7.11131e+06,libvpx
208499455,36573,0,36573,30,8.92542e+06,1920,1072,250584,1082602019,7.26171e+06,7.11143e+06,libvpx
208500456,36603,0,36603,30,8.93329e+06,1920,1072,250778,1083446076,6.74571e+06,7.11113e+06,libvpx
208501459,36633.4,0,36633.4,30.4,8.94142e+06,1920,1072,250978,1084291331,6.74181e+06,7.11083e+06,libvpx
208502460,36664,0,36664,30.2,8.94931e+06,1920,1072,251190,1085170382,7.02538e+06,7.11076e+06,libvpx
208503461,36694,0,36694,30,8.95712e+06,1920,1072,251367,1086033451,6.89765e+06,7.11059e+06,libvpx
208504462,36724,0,36724,30,8.96499e+06,1920,1072,251547,1086920644,7.09045e+06,7.11057e+06,libvpx
208505464,36754,0,36754,30,8.97255e+06,1920,1072,251744,1087571709,5.19812e+06,7.109e+06,libvpx
208506465,36784,0,36784,30,8.98051e+06,1920,1072,251960,1088255755,5.4669e+06,7.10766e+06,libvpx
208507466,36814,0,36814,30,8.98831e+06,1920,1072,252144,1088970257,5.71031e+06,7.10652e+06,libvpx
208508467,36844.4,0,36844.4,30.2,8.99616e+06,1920,1072,252319,1089649726,5.43032e+06,7.10515e+06,libvpx
208509468,36874.8,0,36874.8,30,9.00407e+06,1920,1072,252490,1090369776,5.75465e+06,7.10405e+06,libvpx
208510470,36905,0,36905,30,9.01171e+06,1920,1072,252668,1091058736,5.50068e+06,7.10274e+06,libvpx
208511471,36935,0,36935,30,9.01944e+06,1920,1072,252849,1091752491,5.5445e+06,7.10148e+06,libvpx
208512472,36965,0,36965,30,9.02735e+06,1920,1072,253028,1092431866,5.42957e+06,7.10012e+06,libvpx
208513473,36995,0,36995,30,9.03532e+06,1920,1072,253205,1093143876,5.69039e+06,7.09897e+06,libvpx
208514473,37025,0,37025,30,9.04326e+06,1920,1072,253381,1093853575,5.67759e+06,7.09782e+06,libvpx
208515474,37055,0,37055,30,9.05109e+06,1920,1072,253559,1094566823,5.70028e+06,7.09668e+06,libvpx
208516475,37085,0,37085,30,9.05882e+06,1920,1072,253729,1095292276,5.79783e+06,7.09563e+06,libvpx
208517476,37115,0,37115,30,9.06643e+06,1920,1072,253901,1096032963,5.91958e+06,7.09468e+06,libvpx
208518477,37145,0,37145,30,9.07406e+06,1920,1072,254065,1096757875,5.7935e+06,7.09363e+06,libvpx
208519478,37175.2,0,37175.2,30.2,9.08204e+06,1920,1072,254235,1097513861,6.04185e+06,7.09278e+06,libvpx
208520480,37206,0,37206,30.4,9.08983e+06,1920,1072,254408,1098214705,5.59556e+06,7.09156e+06,libvpx
208521481,37236,0,37236,30,9.09757e+06,1920,1072,254578,1098998719,6.26585e+06,7.0909e+06,libvpx
208522482,37266,0,37266,30,9.10538e+06,1920,1072,254756,1099756358,6.05506e+06,7.09006e+06,libvpx
208523483,37296,0,37296,30,9.11308e+06,1920,1072,254926,1100493074,5.88784e+06,7.08909e+06,libvpx
208524484,37326,0,37326,30,9.12076e+06,1920,1072,255105,1101252716,6.07106e+06,7.08827e+06,libvpx
208525485,37356,0,37356,30,9.1284e+06,1920,1072,255279,1102009313,6.04673e+06,7.08743e+06,libvpx
208526486,37386,0,37386,30,9.13621e+06,1920,1072,255451,1102779053,6.15177e+06,7.08668e+06,libvpx
208527487,37416,0,37416,30,9.14407e+06,1920,1072,255618,1103538409,6.06878e+06,7.08586e+06,libvpx
208528487,37446,0,37446,30,9.15199e+06,1920,1072,255799,1104328111,6.31762e+06,7.08525e+06,libvpx
208529488,37476.2,0,37476.2,30.2,9.16001e+06,1920,1072,255981,1105109639,6.24598e+06,7.08458e+06,libvpx
208530490,37507,0,37507,30.6,9.16784e+06,1920,1072,256165,1105933723,6.57951e+06,7.08417e+06,libvpx
208531491,37537,0,37537,30,9.17546e+06,1920,1072,256344,1106635906,5.61185e+06,7.08299e+06,libvpx
208532493,37567,0,37567,30,9.1833e+06,1920,1072,256532,1107439506,6.41597e+06,7.08246e+06,libvpx
208533494,37597,0,37597,30,9.19122e+06,1920,1072,256729,1108231401,6.32883e+06,7.08185e+06,libvpx
208534495,37627,0,37627,30,9.19891e+06,1920,1072,256924,1109025218,6.34419e+06,7.08126e+06,libvpx
208535496,37657,0,37657,30,9.2068e+06,1920,1072,257113,1109835987,6.47967e+06,7.08078e+06,libvpx
208536497,37687.2,0,37687.2,30.2,9.21513e+06,1920,1072,257300,1110524954,5.50623e+06,7.07953e+06,libvpx
208537499,37717.8,0,37717.8,30.2,9.22231e+06,1920,1072,257502,1111291695,6.12168e+06,7.07876e+06,libvpx
208538500,37748,0,37748,30,9.22981e+06,1920,1072,257678,1111993749,5.61082e+06,7.0776e+06,libvpx
208539501,37778,0,37778,30,9.23753e+06,1920,1072,257841,1112629975,5.08472e+06,7.07601e+06,libvpx
208540502,37808,0,37808,30,9.24524e+06,1920,1072,258014,1113263514,5.06325e+06,7.07441e+06,libvpx
208541503,37838,0,37838,30,9.25258e+06,1920,1072,258189,1113784913,4.16702e+06,7.0721e+06,libvpx
208542504,37868.2,0,37868.2,30.2,9.26064e+06,1920,1072,258362,1114301541,4.1289e+06,7.06976e+06,libvpx
208543506,37899,0,37899,30.6,9.26816e+06,1920,1072,258526,1114877797,4.60085e+06,7.0678e+06,libvpx
208544508,37929,0,37929,30,9.27575e+06,1920,1072,258694,1115405620,4.21416e+06,7.06554e+06,libvpx
208545509,37959,0,37959,30,9.28341e+06,1920,1072,258861,1115887284,3.84946e+06,7.06299e+06,libvpx
208546510,37988.8,0,37988.8,29.8,9.29073e+06,1920,1072,259027,1116274085,3.09132e+06,7.05985e+06,libvpx
208547511,38019,0,38019,30,9.29853e+06,1920,1072,259187,1116700093,3.40466e+06,7.05696e+06,libvpx
208548512,38049,0,38049,30,9.3064e+06,1920,1072,259344,1117083480,3.06403e+06,7.0538e+06,libvpx
208549513,38079,0,38079,30,9.31384e+06,1920,1072,259499,1117392895,2.47285e+06,7.05019e+06,libvpx
208550514,38109,0,38109,30,9.32165e+06,1920,1072,259647,1117689545,2.37083e+06,7.0465e+06,libvpx
208551515,38139,0,38139,30,9.32933e+06,1920,1072,259781,1117990728,2.40706e+06,7.04284e+06,libvpx
208552516,38169.8,0,38169.8,30.8,9.33728e+06,1920,1072,259909,1118311827,2.56623e+06,7.03931e+06,libvpx
208553517,38200,0,38200,30,9.34523e+06,1920,1072,260049,1118621589,2.47562e+06,7.03572e+06,libvpx
208554518,38230,0,38230,30,9.35317e+06,1920,1072,260178,1118953459,2.65231e+06,7.03227e+06,libvpx
208555520,38260,0,38260,30,9.36103e+06,1920,1072,260311,1119273496,2.55519e+06,7.02875e+06,libvpx
208556521,38290,0,38290,30,9.36892e+06,1920,1072,260449,1119578521,2.43776e+06,7.02515e+06,libvpx
208557522,38320,0,38320,30,9.37697e+06,1920,1072,260589,1119908660,2.63847e+06,7.02171e+06,libvpx
208558523,38350,0,38350,30,9.38479e+06,1920,1072,260735,1120240007,2.64813e+06,7.01828e+06,libvpx
208559524,38380.2,0,38380.2,30,9.39252e+06,1920,1072,260892,1120602355,2.89589e+06,7.01505e+06,libvpx
208560528,38411,0,38411,30.2,9.40028e+06,1920,1072,261054,1120949590,2.76681e+06,7.01171e+06,libvpx
208561529,38441,0,38441,30,9.40834e+06,1920,1072,261198,1121291156,2.7298e+06,7.00837e+06,libvpx
208562530,38471,0,38471,30,9.41599e+06,1920,1072,261340,1121662135,2.96487e+06,7.00521e+06,libvpx
208563531,38501,0,38501,30,9.42385e+06,1920,1072,261479,1121997558,2.6807e+06,7.00183e+06,libvpx
208564532,38531,0,38531,30,9.43159e+06,1920,1072,261628,1122345958,2.78442e+06,6.99854e+06,libvpx
208565533,38561,0,38561,30,9.43945e+06,1920,1072,261764,1122702467,2.84922e+06,6.9953e+06,libvpx
208566536,38591.4,0,38591.4,30.4,9.44745e+06,1920,1072,261914,1123058735,2.84162e+06,6.99206e+06,libvpx
208567537,38622,0,38622,30.6,9.45519e+06,1920,1072,262068,1123448023,3.11119e+06,6.98904e+06,libvpx
208568537,38652,0,38652,30,9.463e+06,1920,1072,262209,1123816109,2.94469e+06,6.9859e+06,libvpx
208569538,38682,0,38682,30,9.47075e+06,1920,1072,262355,1124212448,3.16754e+06,6.98293e+06,libvpx
208570539,38712,0,38712,30,9.47843e+06,1920,1072,262494,1124580157,2.93873e+06,6.97979e+06,libvpx
208571540,38742,0,38742,30,9.48624e+06,1920,1072,262635,1124972002,3.13163e+06,6.9768e+06,libvpx
208572542,38772.6,0,38772.6,30.6,9.49428e+06,1920,1072,262779,1125372293,3.19594e+06,6.97387e+06,libvpx
208573544,38803,0,38803,30,9.50204e+06,1920,1072,262929,1125679763,2.45485e+06,6.97036e+06,libvpx
208574545,38833,0,38833,30,9.50998e+06,1920,1072,263081,1125989026,2.47163e+06,6.96688e+06,libvpx
208575546,38863,0,38863,30,9.51757e+06,1920,1072,263233,1126304893,2.52441e+06,6.96344e+06,libvpx
208576547,38893,0,38893,30,9.52538e+06,1920,1072,263377,1126618370,2.50531e+06,6.96e+06,libvpx
208577548,38923,0,38923,30,9.53341e+06,1920,1072,263522,1126932715,2.51225e+06,6.95656e+06,libvpx
208578549,38953,0,38953,30,9.54087e+06,1920,1072,263669,1127263738,2.64554e+06,6.95324e+06,libvpx
208579550,38983,0,38983,30,9.54899e+06,1920,1072,263816,1127551353,2.29862e+06,6.94965e+06,libvpx
208580552,39013.4,0,39013.4,30.2,9.55673e+06,1920,1072,263966,1127914555,2.89982e+06,6.94652e+06,libvpx
208581553,39044,0,39044,30.2,9.56422e+06,1920,1072,264118,1128255032,2.72109e+06,6.94327e+06,libvpx
208582554,39074,0,39074,30,9.57204e+06,1920,1072,264264,1128616018,2.885e+06,6.94015e+06,libvpx
208583555,39104,0,39104,30,9.57979e+06,1920,1072,264405,1128928167,2.4947e+06,6.93673e+06,libvpx
208584556,39134,0,39134,30,9.58756e+06,1920,1072,264548,1129297845,2.95447e+06,6.93367e+06,libvpx
208585558,39164,0,39164,30,9.59509e+06,1920,1072,264691,1129653610,2.84044e+06,6.93052e+06,libvpx
208586560,39194.2,0,39194.2,30.2,9.603e+06,1920,1072,264858,1129998529,2.75384e+06,6.92732e+06,libvpx
208587564,39224.8,0,39224.8,30.4,9.61076e+06,1920,1072,265015,1130353071,2.82504e+06,6.92416e+06,libvpx
208588565,39255,0,39255,30,9.61811e+06,1920,1072,265161,1130737376,3.07137e+06,6.92121e+06,libvpx
208589566,39285,0,39285,30,9.62577e+06,1920,1072,265314,1131103188,2.92357e+06,6.91815e+06,libvpx
208590567,39315,0,39315,30,9.63358e+06,1920,1072,265453,1131470838,2.93826e+06,6.91511e+06,libvpx
208591568,39345,0,39345,30,9.64128e+06,1920,1072,265608,1131844833,2.98897e+06,6.91211e+06,libvpx
208592569,39375,0,39375,30,9.64894e+06,1920,1072,265756,1132224545,3.03466e+06,6.90915e+06,libvpx
208593570,39405.6,0,39405.6,30.6,9.65651e+06,1920,1072,265907,1132595423,2.96406e+06,6.90614e+06,libvpx
208594571,39436,0,39436,30.4,9.66424e+06,1920,1072,266052,1132942522,2.77402e+06,6.90299e+06,libvpx
208595573,39466,0,39466,30,9.67186e+06,1920,1072,266195,1133239742,2.37301e+06,6.89953e+06,libvpx
208596574,39496,0,39496,30,9.67986e+06,1920,1072,266336,1133512440,2.1794e+06,6.89594e+06,libvpx
208597575,39526,0,39526,30,9.68752e+06,1920,1072,266473,1133835915,2.58521e+06,6.89266e+06,libvpx
208598576,39556,0,39556,30,9.69521e+06,1920,1072,266612,1134084855,1.98953e+06,6.88893e+06,libvpx
208599577,39586,0,39586,30,9.70311e+06,1920,1072,266741,1134387557,2.4192e+06,6.88554e+06,libvpx
208600578,39616,0,39616,30,9.71132e+06,1920,1072,266865,1134672654,2.2785e+06,6.88204e+06,libvpx
208601579,39646.8,0,39646.8,30.8,9.71849e+06,1920,1072,267007,1134975456,2.42e+06,6.87866e+06,libvpx
208602581,39677,0,39677,30,9.72564e+06,1920,1072,267158,1135264025,2.30394e+06,6.87519e+06,libvpx
208603582,39707,0,39707,30,9.73354e+06,1920,1072,267312,1135563939,2.39692e+06,6.8718e+06,libvpx
208604583,39736.2,0,39736.2,29.2,9.74109e+06,1920,1072,267460,1135874360,2.48089e+06,6.86848e+06,libvpx
208605584,39766.2,0,39766.2,30,9.74948e+06,1920,1072,267596,1136173491,2.39066e+06,6.86509e+06,libvpx
208606585,39796.2,0,39796.2,29.4,9.75757e+06,1920,1072,267726,1136493670,2.55887e+06,6.86184e+06,libvpx
208607586,39826,0,39826,29.8,9.76602e+06,1920,1072,267865,1136807389,2.50724e+06,6.85855e+06,libvpx
208608587,39856.4,0,39856.4,30.4,9.77462e+06,1920,1072,268013,1137140659,2.6635e+06,6.85539e+06,libvpx
208609589,39887,0,39887,30.4,9.78361e+06,1920,1072,268167,1137475260,2.67147e+06,6.85223e+06,libvpx
208610590,39917,0,39917,30,9.79229e+06,1920,1072,268305,1137787740,2.49734e+06,6.84895e+06,libvpx
208611591,39947,0,39947,30,9.80066e+06,1920,1072,268452,1138033373,1.9631e+06,6.84527e+06,libvpx
208612592,39977,0,39977,30,9.80957e+06,1920,1072,268603,1138290136,2.05205e+06,6.84167e+06,libvpx
208613593,40007,0,40007,30,9.81852e+06,1920,1072,268747,1138545882,2.04392e+06,6.83806e+06,libvpx
208614594,40037,0,40037,30,9.82723e+06,1920,1072,268894,1138789453,1.94662e+06,6.83439e+06,libvpx
208615597,40068,0,40068,30.6,9.83596e+06,1920,1072,269048,1138975335,1.48261e+06,6.83037e+06,libvpx
208616598,40098,0,40098,30,9.84401e+06,1920,1072,269198,1139194444,1.75112e+06,6.82656e+06,libvpx
208617599,40128,0,40128,30,9.85248e+06,1920,1072,269340,1139394258,1.59692e+06,6.82264e+06,libvpx
208618600,40158,0,40158,30,9.86056e+06,1920,1072,269478,1139599604,1.64113e+06,6.81876e+06,libvpx
208619601,40188,0,40188,30,9.86876e+06,1920,1072,269596,1139842176,1.93864e+06,6.81511e+06,libvpx
208620602,40218,0,40218,30,9.87735e+06,1920,1072,269728,1140056797,1.71525e+06,6.8113e+06,libvpx
208621603,40248,0,40248,30,9.88623e+06,1920,1072,269855,1140292014,1.87986e+06,6.80761e+06,libvpx
208622604,40278,0,40278,30,9.89462e+06,1920,1072,269983,1140507047,1.71855e+06,6.80381e+06,libvpx
208623606,40308,0,40308,30,9.90311e+06,1920,1072,270113,1140741645,1.87304e+06,6.80013e+06,libvpx
208624608,40338.4,0,40338.4,30.4,9.91188e+06,1920,1072,270283,1140977153,1.8803e+06,6.79646e+06,libvpx
208625610,40369,0,40369,30.2,9.92064e+06,1920,1072,270426,1141215093,1.89972e+06,6.79281e+06,libvpx
208626615,40399,0,40399,30,9.92946e+06,1920,1072,270569,1141464196,1.98291e+06,6.78922e+06,libvpx
208627616,40429,0,40429,30,9.93797e+06,1920,1072,270727,1141717417,2.02374e+06,6.78567e+06,libvpx
208628617,40459,0,40459,30,9.94678e+06,1920,1072,270881,1141972820,2.04118e+06,6.78215e+06,libvpx
208629617,40489,0,40489,30,9.95559e+06,1920,1072,271059,1142222370,1.9964e+06,6.7786e+06,libvpx
208630619,40519.2,0,40519.2,30.2,9.96393e+06,1920,1072,271214,1142499250,2.21062e+06,6.7752e+06,libvpx
208631620,40549.8,0,40549.8,30.6,9.97238e+06,1920,1072,271363,1142770118,2.16478e+06,6.77179e+06,libvpx
208632621,40580,0,40580,30.2,9.98096e+06,1920,1072,271505,1143052966,2.26052e+06,6.76844e+06,libvpx
208633622,40610,0,40610,30,9.98972e+06,1920,1072,271657,1143324356,2.16895e+06,6.76504e+06,libvpx
208634623,40640,0,40640,30,9.9983e+06,1920,1072,271795,1143544096,1.75616e+06,6.76133e+06,libvpx
208635624,40670,0,40670,30,1.0007e+07,1920,1072,271938,1143778167,1.8707e+06,6.75772e+06,libvpx
208636628,40700.8,0,40700.8,30.6,1.00159e+07,1920,1072,272095,1144008115,1.83225e+06,6.75407e+06,libvpx
208637629,40731,0,40731,30,1.00245e+07,1920,1072,272232,1144242421,1.87258e+06,6.75046e+06,libvpx
208638631,40761,0,40761,30,1.00333e+07,1920,1072,272369,1144478245,1.88283e+06,6.74687e+06,libvpx
208639632,40791,0,40791,30,1.0042e+07,1920,1072,272511,1144716795,1.90649e+06,6.7433e+06,libvpx
208640633,40821,0,40821,30,1.00507e+07,1920,1072,272654,1144964107,1.97652e+06,6.73979e+06,libvpx
208641634,40851,0,40851,30,1.00593e+07,1920,1072,272802,1145211557,1.97762e+06,6.73629e+06,libvpx
208642635,40881,0,40881,30,1.00678e+07,1920,1072,272951,1145474290,2.09976e+06,6.73288e+06,libvpx
208643636,40911,0,40911,30,1.0076e+07,1920,1072,273104,1145729065,2.03616e+06,6.72942e+06,libvpx
208644637,40941.2,0,40941.2,30.2,1.00846e+07,1920,1072,273263,1145991900,2.10058e+06,6.72602e+06,libvpx
208645639,40972,0,40972,30.4,1.0093e+07,1920,1072,273413,1146266586,2.1931e+06,6.7227e+06,libvpx
208646640,41002,0,41002,30,1.01009e+07,1920,1072,273552,1146499608,1.86231e+06,6.71913e+06,libvpx
208647641,41032,0,41032,30,1.01089e+07,1920,1072,273697,1146776312,2.21142e+06,6.71583e+06,libvpx
208648643,41062,0,41062,30,1.0117e+07,1920,1072,273826,1146971736,1.56027e+06,6.71205e+06,libvpx
208649643,41092,0,41092,30,1.01254e+07,1920,1072,273960,1147194900,1.78531e+06,6.70845e+06,libvpx
208650645,41122,0,41122,30,1.01331e+07,1920,1072,274099,1147408530,1.70563e+06,6.70479e+06,libvpx
208651647,41152,0,41152,30,1.01412e+07,1920,1072,274237,1147638768,1.83823e+06,6.70123e+06,libvpx
208652648,41183,0,41183,31,1.0149e+07,1920,1072,274413,1147806461,1.3402e+06,6.69731e+06,libvpx
208653649,41213,0,41213,30,1.0157e+07,1920,1072,274540,1147997407,1.52604e+06,6.69354e+06,libvpx
208654650,41243,0,41243,30,1.01653e+07,1920,1072,274664,1148183609,1.48813e+06,6.68975e+06,libvpx
208655651,41273,0,41273,30,1.01742e+07,1920,1072,274783,1148363615,1.43861e+06,6.68592e+06,libvpx
208656652,41303,0,41303,30,1.01832e+07,1920,1072,274904,1148557457,1.54919e+06,6.68218e+06,libvpx
208657653,41333,0,41333,30,1.01923e+07,1920,1072,275027,1148742610,1.47974e+06,6.6784e+06,libvpx
208658654,41363,0,41363,30,1.02013e+07,1920,1072,275162,1148936496,1.54954e+06,6.67467e+06,libvpx
208659657,41393.8,0,41393.8,30.6,1.02102e+07,1920,1072,275285,1149131466,1.55509e+06,6.67094e+06,libvpx
208660658,41424,0,41424,30,1.02192e+07,1920,1072,275406,1149274708,1.14479e+06,6.66693e+06,libvpx
208661660,41454,0,41454,30,1.02282e+07,1920,1072,275519,1149423888,1.19106e+06,6.66296e+06,libvpx
208662661,41484,0,41484,30,1.02372e+07,1920,1072,275643,1149582369,1.26658e+06,6.65904e+06,libvpx
208663661,41514,0,41514,30,1.02459e+07,1920,1072,275766,1149744195,1.29461e+06,6.65516e+06,libvpx
208664662,41544,0,41544,30,1.02545e+07,1920,1072,275884,1149918856,1.39589e+06,6.65136e+06,libvpx
208665663,41574,0,41574,30,1.02623e+07,1920,1072,276007,1150089222,1.36157e+06,6.64753e+06,libvpx
208666665,41604,0,41604,30,1.02709e+07,1920,1072,276143,1150240184,1.20529e+06,6.64359e+06,libvpx
208667666,41634,0,41634,30,1.02791e+07,1920,1072,276280,1150381400,1.1286e+06,6.63961e+06,libvpx
208668668,41664.8,0,41664.8,30.6,1.02873e+07,1920,1072,276398,1150506126,995816,6.63553e+06,libvpx
208669672,41695,0,41695,30,1.02961e+07,1920,1072,276533,1150627662,968414,6.63143e+06,libvpx
208670673,41724.8,0,41724.8,29.8,1.03044e+07,1920,1072,276684,1150710776,664248,6.62713e+06,libvpx
208671674,41743.2,0,41743.2,18.4,1.03092e+07,1280,704,276747,1150814995,832919,6.62296e+06,libvpx
208672675,41772,0,41772,28.8,1.03173e+07,1280,704,276804,1150915890,806354,6.61878e+06,libvpx
208673676,41802,0,41802,30,1.03262e+07,1280,704,276862,1151020467,835780,6.61462e+06,libvpx
208674677,41832,0,41832,30,1.03347e+07,1280,704,276919,1151129105,868236,6.61049e+06,libvpx
208675678,41862,0,41862,30,1.03439e+07,1280,704,276974,1151239672,883652,6.60638e+06,libvpx
208676679,41893,0,41893,30.8,1.0353e+07,1280,704,277039,1151340345,804579,6.60221e+06,libvpx
208677680,41923,0,41923,30,1.03619e+07,1280,704,277097,1151427462,696240,6.59798e+06,libvpx
208678681,41953,0,41953,30,1.03708e+07,1280,704,277159,1151523486,767425,6.5938e+06,libvpx
208679682,41983,0,41983,30,1.03798e+07,1280,704,277217,1151619429,766777,6.58963e+06,libvpx
208680682,42013,0,42013,30,1.03888e+07,1280,704,277273,1151719597,801344,6.58549e+06,libvpx
208681683,42043,0,42043,30,1.0398e+07,1280,704,277329,1151827411,861650,6.5814e+06,libvpx
208682684,42073,0,42073,30,1.04071e+07,1280,704,277386,1151934349,854649,6.57731e+06,libvpx
208683685,42103,0,42103,30,1.04161e+07,1280,704,277444,1152044923,883708,6.57324e+06,libvpx
208684686,42133.8,0,42133.8,30.8,1.04256e+07,1280,704,277500,1152162872,942649,6.56923e+06,libvpx
208685687,42164,0,42164,30,1.04344e+07,1280,704,277557,1152283492,963996,6.56523e+06,libvpx
208686688,42194,0,42194,30,1.04435e+07,1280,704,277609,1152410511,1.01514e+06,6.56128e+06,libvpx
208687689,42224,0,42224,30,1.04524e+07,1280,704,277672,1152540240,1.0368e+06,6.55734e+06,libvpx
208688689,42254,0,42254,30,1.04613e+07,1280,704,277733,1152693901,1.22929e+06,6.55356e+06,libvpx
208689690,42284,0,42284,30,1.047e+07,1280,704,277802,1152847406,1.22681e+06,6.54977e+06,libvpx
208690691,42314,0,42314,30,1.04785e+07,1280,704,277864,1153023243,1.40529e+06,6.54612e+06,libvpx
208691692,42344,0,42344,30,1.04869e+07,1280,704,277931,1153187740,1.31466e+06,6.5424e+06,libvpx
208692693,42374.4,0,42374.4,30.4,1.04959e+07,1280,704,277999,1153328836,1.12764e+06,6.53856e+06,libvpx
208693694,42405,0,42405,30.4,1.05052e+07,1280,704,278065,1153473573,1.15674e+06,6.53475e+06,libvpx
208694695,42435,0,42435,30,1.05142e+07,1280,704,278131,1153624926,1.20961e+06,6.53098e+06,libvpx
208695696,42465,0,42465,30,1.05233e+07,1280,704,278194,1153775270,1.20155e+06,6.5272e+06,libvpx
208696697,42495,0,42495,30,1.05323e+07,1280,704,278255,1153926768,1.21077e+06,6.52344e+06,libvpx
208697698,42525,0,42525,30,1.05414e+07,1280,704,278315,1154083836,1.25529e+06,6.51972e+06,libvpx
208698699,42555,0,42555,30,1.05503e+07,1280,704,278377,1154245292,1.29036e+06,6.51602e+06,libvpx
208699700,42585.2,0,42585.2,30.2,1.05594e+07,1280,704,278440,1154414532,1.35257e+06,6.51238e+06,libvpx
208700701,42616,0,42616,30.6,1.05685e+07,1280,704,278505,1154581991,1.33833e+06,6.50873e+06,libvpx
208701701,42646,0,42646,30,1.05771e+07,1280,704,278569,1154725671,1.14944e+06,6.50496e+06,libvpx
208702703,42676,0,42676,30,1.0585e+07,1280,704,278627,1154869761,1.15042e+06,6.50118e+06,libvpx
208703704,42706,0,42706,30,1.05939e+07,1280,704,278698,1155008007,1.10486e+06,6.49738e+06,libvpx
208704705,42736,0,42736,30,1.06027e+07,1280,704,278769,1155139751,1.0529e+06,6.49355e+06,libvpx
208705706,42766.2,0,42766.2,30.2,1.06116e+07,1280,704,278833,1155294311,1.23524e+06,6.48986e+06,libvpx
208706707,42797,0,42797,30.4,1.06206e+07,1280,704,278897,1155439333,1.15902e+06,6.48611e+06,libvpx
208707709,42827,0,42827,30,1.06297e+07,1280,704,278968,1155589565,1.19946e+06,6.4824e+06,libvpx
208708710,42857,0,42857,30,1.06388e+07,1280,704,279037,1155740697,1.20785e+06,6.4787e+06,libvpx
208709710,42887,0,42887,30,1.06478e+07,1280,704,279104,1155904518,1.31057e+06,6.47508e+06,libvpx
208710711,42917,0,42917,30,1.06571e+07,1280,704,279170,1156069348,1.31732e+06,6.47147e+06,libvpx
208711712,42947,0,42947,30,1.06662e+07,1280,704,279238,1156235107,1.32475e+06,6.46786e+06,libvpx
208712713,42977,0,42977,30,1.06753e+07,1280,704,279304,1156410521,1.40191e+06,6.46432e+06,libvpx
208713714,43007,0,43007,30,1.0684e+07,1280,704,279368,1156573628,1.30355e+06,6.46071e+06,libvpx
208714716,43037.2,0,43037.2,30.2,1.06926e+07,1280,704,279437,1156745445,1.37179e+06,6.45716e+06,libvpx
208715717,43068,0,43068,30.6,1.07007e+07,1280,704,279502,1156937517,1.53504e+06,6.45372e+06,libvpx
208716718,43098,0,43098,30,1.07091e+07,1280,704,279568,1157115488,1.42235e+06,6.45021e+06,libvpx
208717719,43128,0,43128,30,1.07173e+07,1280,704,279629,1157264311,1.18939e+06,6.44654e+06,libvpx
208718720,43158.2,0,43158.2,30.2,1.0726e+07,1280,704,279688,1157416555,1.21674e+06,6.4429e+06,libvpx
208719721,43189,0,43189,30.4,1.07346e+07,1280,704,279749,1157573149,1.2515e+06,6.43929e+06,libvpx
208720722,43219,0,43219,30,1.07428e+07,1280,704,279810,1157736461,1.30519e+06,6.43572e+06,libvpx
208721722,43249,0,43249,30,1.07511e+07,1280,704,279872,1157894412,1.26361e+06,6.43213e+06,libvpx
208722723,43279,0,43279,30,1.07594e+07,1280,704,279929,1158027660,1.06492e+06,6.4284e+06,libvpx
208723724,43309,0,43309,30,1.07679e+07,1280,704,279989,1158164659,1.0949e+06,6.4247e+06,libvpx
208724725,43339,0,43339,30,1.07765e+07,1280,704,280048,1158301297,1.09201e+06,6.421e+06,libvpx
208725726,43369,0,43369,30,1.07851e+07,1280,704,280110,1158445957,1.15612e+06,6.41735e+06,libvpx
208726727,43399,0,43399,30,1.07937e+07,1280,704,280168,1158592909,1.17444e+06,6.41372e+06,libvpx
208727728,43429,0,43429,30,1.08022e+07,1280,704,280229,1158750338,1.25817e+06,6.41015e+06,libvpx
208728729,43459,0,43459,30,1.08108e+07,1280,704,280294,1158898378,1.18314e+06,6.40653e+06,libvpx
208729730,43489.2,0,43489.2,30.2,1.08194e+07,1280,704,280360,1159054124,1.24472e+06,6.40296e+06,libvpx
208730731,43520,0,43520,30.2,1.08277e+07,1280,704,280427,1159233692,1.43511e+06,6.39953e+06,libvpx
208731732,43550,0,43550,30,1.08358e+07,1280,704,280494,1159405921,1.37646e+06,6.39607e+06,libvpx
208732733,43580,0,43580,30,1.08439e+07,1280,704,280562,1159567995,1.2953e+06,6.39255e+06,libvpx
208733734,43610,0,43610,30,1.08519e+07,1280,704,280635,1159756579,1.50716e+06,6.38918e+06,libvpx
208734735,43640,0,43640,30,1.08597e+07,1280,704,280702,1159931891,1.40109e+06,6.38574e+06,libvpx
208735736,43671,0,43671,31,1.08678e+07,1280,704,280769,1160123205,1.52898e+06,6.3824e+06,libvpx
208736737,43701,0,43701,30,1.08754e+07,1280,704,280837,1160311068,1.5014e+06,6.37904e+06,libvpx
208737737,43731,0,43731,30,1.08829e+07,1280,704,280904,1160497408,1.49072e+06,6.37569e+06,libvpx
208738738,43761,0,43761,30,1.08901e+07,1280,704,280974,1160697648,1.60032e+06,6.3724e+06,libvpx
208739739,43791.2,0,43791.2,30.2,1.08977e+07,1280,704,281040,1160903836,1.64786e+06,6.36916e+06,libvpx
208740740,43822,0,43822,30.6,1.09055e+07,1280,704,281110,1161134265,1.84159e+06,6.36606e+06,libvpx
208741741,43852,0,43852,30,1.09128e+07,1280,704,281176,1161392516,2.06394e+06,6.36311e+06,libvpx
208742742,43882,0,43882,30,1.09202e+07,1280,704,281249,1161653009,2.08186e+06,6.36017e+06,libvpx
208743743,43912,0,43912,30,1.09275e+07,1280,704,281329,1161978559,2.6018e+06,6.3576e+06,libvpx
208744744,43942,0,43942,30,1.0935e+07,1280,704,281406,1162257610,2.23018e+06,6.35478e+06,libvpx
208745746,43972.4,0,43972.4,30.4,1.09424e+07,1280,704,281490,1162634550,3.0095e+06,6.35249e+06,libvpx
208746746,44003,0,44003,30.4,1.09499e+07,1280,704,281573,1162993473,2.87138e+06,6.35011e+06,libvpx
208747747,44033,0,44033,30,1.09573e+07,1280,704,281662,1163416094,3.37759e+06,6.34808e+06,libvpx
208748748,44063,0,44063,30,1.09646e+07,1280,704,281754,1163852057,3.48422e+06,6.34613e+06,libvpx
208749750,44093,0,44093,30,1.09719e+07,1280,704,281847,1164302137,3.59345e+06,6.34425e+06,libvpx
208750751,44122.4,0,44122.4,29.4,1.09789e+07,1280,704,281942,1164620395,2.54352e+06,6.34166e+06,libvpx
208751753,44142.2,0,44142.2,19.6,1.09837e+07,1920,1072,282027,1165006882,3.08572e+06,6.33944e+06,libvpx
208752754,44172,0,44172,29.6,1.09908e+07,1920,1072,282171,1165387956,3.04555e+06,6.3372e+06,libvpx
208753755,44202,0,44202,30,1.09982e+07,1920,1072,282321,1165770244,3.05525e+06,6.33497e+06,libvpx
208754755,44232,0,44232,30,1.10056e+07,1920,1072,282474,1166141426,2.96946e+06,6.33268e+06,libvpx
208755758,44262,0,44262,30,1.10132e+07,1920,1072,282608,1166535705,3.1448e+06,6.33051e+06,libvpx
208756760,44292.8,0,44292.8,30.8,1.10203e+07,1920,1072,282759,1166901505,2.92056e+06,6.3282e+06,libvpx
208757761,44323,0,44323,30,1.10274e+07,1920,1072,282900,1167294341,3.13955e+06,6.32604e+06,libvpx
208758762,44353,0,44353,30,1.10346e+07,1920,1072,283068,1167664341,2.95704e+06,6.32375e+06,libvpx
208759764,44384,0,44384,31,1.10418e+07,1920,1072,283242,1168027859,2.90234e+06,6.32143e+06,libvpx
208760765,44414,0,44414,30,1.10478e+07,1920,1072,283406,1168528043,3.99747e+06,6.31986e+06,libvpx
208761766,44444,0,44444,30,1.10544e+07,1920,1072,283594,1168927778,3.19469e+06,6.31775e+06,libvpx
208762770,44474,0,44474,30,1.10612e+07,1920,1072,283770,1169330625,3.20994e+06,6.31564e+06,libvpx
208763771,44504.2,0,44504.2,30.2,1.10681e+07,1920,1072,283928,1169777195,3.56899e+06,6.31379e+06,libvpx
208764773,44535,0,44535,30.4,1.10753e+07,1920,1072,284099,1170205701,3.42121e+06,6.31183e+06,libvpx
208765774,44565,0,44565,30,1.10826e+07,1920,1072,284254,1170628718,3.38076e+06,6.30985e+06,libvpx
208766775,44595,0,44595,30,1.10898e+07,1920,1072,284406,1171064416,3.4821e+06,6.30795e+06,libvpx
208767776,44625,0,44625,30,1.10971e+07,1920,1072,284568,1171467548,3.22183e+06,6.30587e+06,libvpx
208768777,44655,0,44655,30,1.11045e+07,1920,1072,284726,1171931240,3.70583e+06,6.30412e+06,libvpx
208769778,44685,0,44685,30,1.11115e+07,1920,1072,284880,1172365425,3.47001e+06,6.30221e+06,libvpx
208770779,44715,0,44715,30,1.11188e+07,1920,1072,285041,1172809521,3.54922e+06,6.30036e+06,libvpx
208771780,44745,0,44745,30,1.11267e+07,1920,1072,285200,1173261018,3.60837e+06,6.29856e+06,libvpx
208772782,44775.4,0,44775.4,30,1.11344e+07,1920,1072,285351,1173714048,3.61701e+06,6.29675e+06,libvpx
208773786,44806,0,44806,30,1.11422e+07,1920,1072,285512,1174183052,3.73708e+06,6.29503e+06,libvpx
208774787,44836,0,44836,30,1.11498e+07,1920,1072,285680,1174578435,3.1599e+06,6.29293e+06,libvpx
208775788,44866,0,44866,30,1.11574e+07,1920,1072,285836,1174942827,2.91222e+06,6.29066e+06,libvpx
208776789,44896,0,44896,30,1.11651e+07,1920,1072,286001,1175323972,3.04611e+06,6.28849e+06,libvpx
208777790,44926,0,44926,30,1.11727e+07,1920,1072,286144,1175680359,2.84825e+06,6.28619e+06,libvpx
208778791,44956,0,44956,30,1.11804e+07,1920,1072,286300,1175965717,2.28058e+06,6.28351e+06,libvpx
208779792,44986,0,44986,30,1.11887e+07,1920,1072,286454,1176264753,2.3899e+06,6.28091e+06,libvpx
208780793,45016,0,45016,30,1.1197e+07,1920,1072,286609,1176556070,2.32821e+06,6.27827e+06,libvpx
208781796,45046.8,0,45046.8,30.6,1.12053e+07,1920,1072,286748,1176847810,2.32694e+06,6.27563e+06,libvpx
208782801,45077,0,45077,30,1.12135e+07,1920,1072,286887,1177164551,2.52132e+06,6.27312e+06,libvpx
208783802,45107,0,45107,30,1.12217e+07,1920,1072,287027,1177466065,2.4097e+06,6.27054e+06,libvpx
208784804,45137,0,45137,30,1.12296e+07,1920,1072,287163,1177778188,2.492e+06,6.26802e+06,libvpx
208785805,45167,0,45167,30,1.12378e+07,1920,1072,287295,1178127001,2.78772e+06,6.26571e+06,libvpx
208786806,45197,0,45197,30,1.12458e+07,1920,1072,287444,1178440924,2.50888e+06,6.26321e+06,libvpx
208787807,45227,0,45227,30,1.1254e+07,1920,1072,287617,1178755373,2.51308e+06,6.26072e+06,libvpx
208788809,45257.4,0,45257.4,30.4,1.12624e+07,1920,1072,287790,1179109429,2.82679e+06,6.25843e+06,libvpx
208789812,45288,0,45288,30.2,1.12703e+07,1920,1072,287955,1179415055,2.43769e+06,6.25589e+06,libvpx
208790813,45318,0,45318,30,1.12781e+07,1920,1072,288109,1179790242,2.9985e+06,6.25373e+06,libvpx
208791815,45348,0,45348,30,1.12862e+07,1920,1072,288268,1180119872,2.63178e+06,6.25133e+06,libvpx
208792817,45378,0,45378,30,1.12943e+07,1920,1072,288438,1180494439,2.99055e+06,6.24917e+06,libvpx
208793818,45408,0,45408,30,1.13026e+07,1920,1072,288601,1180838366,2.74867e+06,6.24685e+06,libvpx
208794820,45438.4,0,45438.4,30,1.13106e+07,1920,1072,288764,1181187093,2.78425e+06,6.24456e+06,libvpx
208795823,45469,0,45469,30,1.13186e+07,1920,1072,288936,1181555771,2.9406e+06,6.24237e+06,libvpx
208796824,45499,0,45499,30,1.13267e+07,1920,1072,289108,1181852548,2.37184e+06,6.23981e+06,libvpx
208797825,45529,0,45529,30,1.13341e+07,1920,1072,289267,1182299789,3.57435e+06,6.23805e+06,libvpx
208798826,45559,0,45559,30,1.13421e+07,1920,1072,289446,1182690638,3.12367e+06,6.236e+06,libvpx
208799828,45589,0,45589,30,1.13499e+07,1920,1072,289635,1183051714,2.88284e+06,6.23379e+06,libvpx
208800829,45619.6,0,45619.6,30.6,1.13582e+07,1920,1072,289831,1183427355,3.00213e+06,6.23166e+06,libvpx
208801834,45650,0,45650,30.2,1.13664e+07,1920,1072,290000,1183814317,3.08029e+06,6.22957e+06,libvpx
208802836,45680,0,45680,30,1.13745e+07,1920,1072,290167,1184226853,3.2937e+06,6.22764e+06,libvpx
208803838,45710,0,45710,30,1.13828e+07,1920,1072,290324,1184656053,3.42675e+06,6.2258e+06,libvpx
208804839,45740,0,45740,30,1.13912e+07,1920,1072,290500,1185101599,3.56081e+06,6.22404e+06,libvpx
208805840,45770.2,0,45770.2,30.2,1.13992e+07,1920,1072,290685,1185578262,3.80949e+06,6.22246e+06,libvpx
208806841,45801,0,45801,30.6,1.14068e+07,1920,1072,290845,1186148033,4.55361e+06,6.22136e+06,libvpx
208807844,45831,0,45831,30,1.14146e+07,1920,1072,291005,1186694291,4.35699e+06,6.22014e+06,libvpx
208808846,45861,0,45861,30,1.14225e+07,1920,1072,291182,1187129977,3.47853e+06,6.21834e+06,libvpx
208809847,45891,0,45891,30,1.14306e+07,1920,1072,291381,1187579431,3.59204e+06,6.21662e+06,libvpx
208810848,45921,0,45921,30,1.14385e+07,1920,1072,291556,1188044332,3.71549e+06,6.21498e+06,libvpx
208811850,45951.2,0,45951.2,30.2,1.14467e+07,1920,1072,291747,1188496543,3.61047e+06,6.21328e+06,libvpx
208812851,45981.8,0,45981.8,30.2,1.14548e+07,1920,1072,291943,1188939077,3.53674e+06,6.21153e+06,libvpx
208813855,46012,0,46012,30,1.14628e+07,1920,1072,292145,1189428614,3.90069e+06,6.21001e+06,libvpx
208814856,46042,0,46042,30,1.14709e+07,1920,1072,292339,1189901958,3.78297e+06,6.20843e+06,libvpx
208815858,46072,0,46072,30,1.1479e+07,1920,1072,292529,1190405479,4.02013e+06,6.207e+06,libvpx
208816860,46102,0,46102,30,1.14871e+07,1920,1072,292721,1190871068,3.71728e+06,6.20537e+06,libvpx
208817862,46132,0,46132,30,1.14949e+07,1920,1072,292917,1191358934,3.89514e+06,6.20387e+06,libvpx
208818862,46162.6,0,46162.6,30.6,1.15029e+07,1920,1072,293100,1191847886,3.91162e+06,6.20238e+06,libvpx
208819864,46193,0,46193,30.2,1.15108e+07,1920,1072,293260,1192326503,3.82129e+06,6.20083e+06,libvpx
208820866,46223,0,46223,30,1.15188e+07,1920,1072,293446,1192821234,3.94995e+06,6.19936e+06,libvpx
208821867,46253,0,46253,30,1.15265e+07,1920,1072,293631,1193327302,4.0445e+06,6.19796e+06,libvpx
208822868,46283,0,46283,30,1.15344e+07,1920,1072,293821,1193820417,3.94098e+06,6.19649e+06,libvpx
208823869,46313,0,46313,30,1.15423e+07,1920,1072,294002,1194318659,3.98195e+06,6.19506e+06,libvpx
208824871,46343,0,46343,30,1.15504e+07,1920,1072,294175,1194818177,3.98817e+06,6.19362e+06,libvpx
208825874,46373.4,0,46373.4,30.2,1.15585e+07,1920,1072,294373,1195320201,4.00418e+06,6.1922e+06,libvpx
208826875,46404,0,46404,30,1.15665e+07,1920,1072,294573,1195847785,4.21646e+06,6.19092e+06,libvpx
208827877,46434,0,46434,30,1.15743e+07,1920,1072,294771,1196379408,4.2445e+06,6.18966e+06,libvpx
208828877,46464,0,46464,30,1.15819e+07,1920,1072,294971,1196836198,3.65432e+06,6.18802e+06,libvpx
208829879,46494,0,46494,30,1.15898e+07,1920,1072,295158,1197409278,4.57549e+06,6.18698e+06,libvpx
208830880,46524.2,0,46524.2,30.2,1.15982e+07,1920,1072,295352,1197927230,4.13948e+06,6.18566e+06,libvpx
208831881,46554.8,0,46554.8,30.4,1.16061e+07,1920,1072,295533,1198510508,4.66156e+06,6.18467e+06,libvpx
208832884,46585,0,46585,30,1.16141e+07,1920,1072,295721,1199055169,4.34426e+06,6.18348e+06,libvpx
208833886,46615,0,46615,30,1.1622e+07,1920,1072,295919,1199552853,3.97352e+06,6.18206e+06,libvpx
208834887,46645,0,46645,30,1.16297e+07,1920,1072,296141,1200157148,4.82953e+06,6.18118e+06,libvpx
208835888,46675,0,46675,30,1.16377e+07,1920,1072,296324,1200697245,4.31646e+06,6.17998e+06,libvpx
208836889,46705,0,46705,30,1.16456e+07,1920,1072,296513,1201257692,4.4791e+06,6.17889e+06,libvpx
208837891,46735,0,46735,30,1.16539e+07,1920,1072,296688,1201820048,4.48987e+06,6.1778e+06,libvpx
208838894,46765.6,0,46765.6,30.2,1.1662e+07,1920,1072,296870,1202386525,4.51826e+06,6.17673e+06,libvpx
208839895,46796,0,46796,30,1.16701e+07,1920,1072,297052,1202944669,4.46069e+06,6.17563e+06,libvpx
208840896,46826,0,46826,30,1.16781e+07,1920,1072,297256,1203515128,4.55911e+06,6.17459e+06,libvpx
208841897,46856,0,46856,30,1.16862e+07,1920,1072,297429,1204108938,4.74573e+06,6.17367e+06,libvpx
208842898,46886,0,46886,30,1.16947e+07,1920,1072,297594,1204693449,4.67142e+06,6.17271e+06,libvpx
208843901,46917,0,46917,30.8,1.17028e+07,1920,1072,297769,1205384191,5.50941e+06,6.17229e+06,libvpx
208844904,46947,0,46947,30,1.17108e+07,1920,1072,297937,1206104965,5.74895e+06,6.17201e+06,libvpx
208845904,46977,0,46977,30,1.17188e+07,1920,1072,298107,1206873662,6.14958e+06,6.172e+06,libvpx
208846905,47007,0,47007,30,1.17269e+07,1920,1072,298282,1207689374,6.51918e+06,6.17222e+06,libvpx
208847906,47037,0,47037,30,1.17348e+07,1920,1072,298466,1208565429,7.00144e+06,6.17275e+06,libvpx
208848906,47067,0,47067,30,1.1743e+07,1920,1072,298654,1209471950,7.25217e+06,6.17344e+06,libvpx
208849908,47097.6,0,47097.6,30.6,1.17512e+07,1920,1072,298849,1210574594,8.80354e+06,6.17512e+06,libvpx
208850908,47128,0,47128,30.2,1.17594e+07,1920,1072,299039,1211628877,8.43426e+06,6.17656e+06,libvpx
208851909,47158,0,47158,30,1.17674e+07,1920,1072,299242,1212967993,1.07022e+07,6.17945e+06,libvpx
208852910,47188,0,47188,30,1.17757e+07,1920,1072,299450,1214336846,1.09399e+07,6.18248e+06,libvpx
208853911,47218,0,47218,30,1.17838e+07,1920,1072,299667,1215604430,1.01305e+07,6.18499e+06,libvpx
208854912,47248,0,47248,30,1.1792e+07,1920,1072,299892,1217323020,1.3735e+07,6.1898e+06,libvpx
208855915,47278.2,0,47278.2,30.2,1.18e+07,1920,1072,300120,1219040796,1.37011e+07,6.19458e+06,libvpx
208856916,47309,0,47309,30,1.18082e+07,1920,1072,300372,1220823260,1.42455e+07,6.1997e+06,libvpx
208857916,47339,0,47339,30,1.18164e+07,1920,1072,300611,1222752144,1.54311e+07,6.20555e+06,libvpx
208858917,47369,0,47369,30,1.18247e+07,1920,1072,300862,1224780156,1.62079e+07,6.2119e+06,libvpx
208859918,47399,0,47399,30,1.18321e+07,1920,1072,301129,1226776032,1.59511e+07,6.21808e+06,libvpx
208860919,47429,0,47429,30,1.184e+07,1920,1072,301364,1228234235,1.1654e+07,6.22152e+06,libvpx
208861920,47459,0,47459,30,1.18479e+07,1920,1072,301590,1229772563,1.22943e+07,6.22537e+06,libvpx
208862921,47489.2,0,47489.2,30.2,1.18558e+07,1920,1072,301828,1230797859,8.19417e+06,6.22661e+06,libvpx
